# de trous,# of Holes,Address,Adresse,Club Type,Course Par,Emplacement,Location,Par du parcours,Phone,Site Web,Total Yards,Type de club,Téléphone,Verges totales,Website,url
,18,"https://www.google.com/maps/place/6044 Rideau Valley Dr N  Manotick,ON K4M 1B3",,Private,Par 72,,"Manotick, ON",,—,,7042,,,,https://www.rideauview.com,https://www.golfcanada.ca/golf-facility/rideau-view-golf-club-en/
,18,"https://www.google.com/maps/place/400 Augier Avenue  Winnipeg,MB R3K 1S4",,Private,Par 72,,"Winnipeg, MB",,2048321306,,6730,,,,https://www.glendalegolf.ca,https://www.golfcanada.ca/golf-facility/glendale-golf-country-club-en/
18,,,"https://www.google.com/maps/place/400 Augier Avenue  Winnipeg,MB R3K 1S4",,,"Winnipeg, MB",,Par 72,,https://www.glendalegolf.ca,,Privé,2048321306,6730,,https://www.golfcanada.ca/fr/golf-facility/glendale-golf-country-club-fr/
,—,"https://www.google.com/maps/place/Box 99  Wardsville,ON N0L 2N0",,Public,Par 71,,"Wardsville, ON",,(519) 693-492,,5713,,,,,https://www.golfcanada.ca/golf-facility/wardsville-golf-club-en-3/
,18,"https://www.google.com/maps/place/1145 Chemin du Petit-Bernier  Saint-Jean-sur-Richelieu,QC J3B 6Y8",,Public,Par 72,,"Saint-Jean-sur-Richelieu, QC",,(450) 346-6090,,6641,,,,https://www.golfvalleedesforts.com,https://www.golfcanada.ca/golf-facility/vallee-des-forts-club-de-golf-en/
,18,"https://www.google.com/maps/place/70 Westchester Avenue 70 Westchester Avenue St. Catharines,ON L2R 3P4",,Private,Par 72,,"St. Catharines, ON",,(905) 682-8206,,6766,,,,https://www.stgcc.com,https://www.golfcanada.ca/golf-facility/st-catharines-golf-country-club-en/
,18,"https://www.google.com/maps/place/4612 Blackcomb Way  Whistler,BC V8E 0Z5",,Semi-private,Par 72,,"Whistler, BC",,(604) 938-2092,,6635,,,,,https://www.golfcanada.ca/golf-facility/chateau-whistler-golf-club-en/
,18,"https://www.google.com/maps/place/4 Avenue SW  Carman,MB R0G 0J0",,Semi-private,Par 71,,"Carman, MB",,2047452366,,5969,,,,https://www.carmangolfandcurlingclub.com,https://www.golfcanada.ca/golf-facility/carman-golf-curling-club-en/
,18,"https://www.google.com/maps/place/P.O. Box 8  Belle River,ON N0R 1A0",,Semi-private,Par 71,,"Belle River, ON",,(519) 728-2361,,5819,,,,https://www.rochesterplace.com,https://www.golfcanada.ca/golf-facility/rochester-place-golf-course-en/
,9,"https://www.google.com/maps/place/Box 337  Canwood,SK S0J 0K0",,Public,Par 70,,"Canwood, SK",,(306) 468-2663,,5726,,,,,https://www.golfcanada.ca/golf-facility/canwood-pines-golf-club-en/
,18,"https://www.google.com/maps/place/3290-9Th Street South  St. Catharines,ON L2R 6P7",,Semi-private,Par 72,,"St. Catharines, ON",,(905) 641-4536,,6907,,,,,https://www.golfcanada.ca/golf-facility/rockway-vineyards-golf-club-en/
,9,"https://www.google.com/maps/place/PO Box 84  Manning,AB T0H 2M0",,Public,Par 72,,"Manning, AB",,780-836-2176,,6376,,,,,https://www.golfcanada.ca/golf-facility/condy-meadows-golf-rv-park-en/
,18,"https://www.google.com/maps/place/PO Box 1011  Wilkie,SK S0K 4W0",,Public,Par —,,"Wilkie, SK",,(306) 843-2035,,—,,,,,https://www.golfcanada.ca/golf-facility/wilkie-golf-club-en/
,9,S0A 1B0,,Public,Par 0,,—,,(306) 534-4724,,0,,,,,https://www.golfcanada.ca/golf-facility/carlton-trail-reg-park-golf-club-en/
,18,"https://www.google.com/maps/place/200 Summerhill Row  Fredericton,NB E3G 0C4",,Public,Par 72,,"Fredericton, NB",,—,,6765,,,,,https://www.golfcanada.ca/golf-facility/west-hills-golf-course-en/
,27,"https://www.google.com/maps/place/3700 Beaverdale Rd  Cambridge,ON N3H 4R7",,Semi-private,,,"Cambridge, ON",,1-888-833-8787,,,,,,https://www.golfbrookfield.ca,https://www.golfcanada.ca/golf-facility/brookfield-golf-club-en/
,18,"https://www.google.com/maps/place/2135 County Road 12 2135 County Road 12 Essex,ON N8M 2X6",,Public,Par 72,,"Essex, ON",,(519) 726-6179,,6901,,,,https://www.suttoncreekgolf.com,https://www.golfcanada.ca/golf-facility/sutton-creek-golf-club-en/
,18,"https://www.google.com/maps/place/2680 Boulevard du Saguenay  Jonquière,QC G7S 4L1",,Semi-private,Par 70,,"Jonquière, QC",,(418) 548-9353,,6243,,,,https://www.golfsaguenayarvida.com,https://www.golfcanada.ca/golf-facility/saguenay-arvida-club-de-golf-en/
18,,,"https://www.google.com/maps/place/2680 Boulevard du Saguenay  Jonquière,QC G7S 4L1",,,"Jonquière, QC",,Par 70,,https://www.golfsaguenayarvida.com,,Semi-privé,(418) 548-9353,6243,,https://www.golfcanada.ca/fr/golf-facility/saguenay-arvida-club-de-golf-fr/
,18,"https://www.google.com/maps/place/6177 Ripple Way  Sechelt,BC V7Z 0R2",,Public,Par 72,,"Sechelt, BC",,(604) 885-2700,,6553,,,,,https://www.golfcanada.ca/golf-facility/blue-ocean-golf-club-en/
,36,"https://www.google.com/maps/place/625 Rockway Drive  Kitchener,ON N2G 3B5",,Public,Par 70,,"Kitchener, ON",,(519) 741-2583,,5512,,,,,https://www.golfcanada.ca/golf-facility/rockway-golf-course-en/
,18,"https://www.google.com/maps/place/1217 North Muldrew Lake Road 1217 North Muldrew Lake Road Gravenhurst,ON P1P 1T9",,Semi-private,Par 72,,"Gravenhurst, ON",,(866) 361-7529,,7367,,,,,https://www.golfcanada.ca/golf-facility/muskoka-bay-resort-en/
,18,"https://www.google.com/maps/place/320 Thompson Rd  Thunder Bay,ON P7G 1L3",,Public,Par 72,,"Thunder Bay, ON",,(807) 767-460,,6632,,,,https://centennialgolfcourse.ca,https://www.golfcanada.ca/golf-facility/centennial-pines-golf-course-en/
18,,,"https://www.google.com/maps/place/320 Thompson Rd  Thunder Bay,ON P7G 1L3",,,"Thunder Bay, ON",,Par 72,,https://centennialgolfcourse.ca,,Public,(807) 767-460,6632,,https://www.golfcanada.ca/fr/golf-facility/centennial-pines-golf-course-fr/
,18,"https://www.google.com/maps/place/Box 492  Eastend,SK S0N 0T0",,Public,Par —,,"Eastend, SK",,(306) 295-3292,,—,,,,,https://www.golfcanada.ca/golf-facility/streambank-golf-club-en/
,18,"https://www.google.com/maps/place/P.O. Box 138  Ingonish Beach,NS B0C 1L0",,Public,Par 72,,"Ingonish Beach, NS",,(902) 285-2600,,6592,,,,https://www.golfcapebretonhighlands.ca,https://www.golfcanada.ca/golf-facility/cape-breton-highlands-links-en/
,18,"https://www.google.com/maps/place/4600 Rue Saint-Félix  Quebec,QC G1Y 3B3",,Semi-private,Par 72,,"Quebec, QC",,418-658-0711,,6724,,,,https://www.golfcap-rouge.qc.ca,https://www.golfcanada.ca/golf-facility/cap-rouge-club-de-golf-en/
,18,"https://www.google.com/maps/place/P.O. Box 59  St. Andrew's,NL A0N 1W0",,Public,Par 70,,"St. Andrew's, NL",,(709) 955-3322,,5846,,,,,https://www.golfcanada.ca/golf-facility/st-andrews-na-creige-golf-course-en/
,18,"https://www.google.com/maps/place/706 Tenth Line  Collingwood,ON L9Y 5H4",,Semi-private,Par 72,,"Collingwood, ON",,(705)4453911,,6359,,,,,https://www.golfcanada.ca/golf-facility/blue-mountain-golf-country-club-en/
,18,"https://www.google.com/maps/place/PO Box 206  North Sydney,NS B2A 3M3",,Semi-private,Par 71,,"North Sydney, NS",,(902) 794-4111,,6174,,,,https://seaviewgcc.com,https://www.golfcanada.ca/golf-facility/seaview-golf-country-club-en/
,27,"https://www.google.com/maps/place/Box 99  Wardsville,ON N0L 2N0",,Public,,,"Wardsville, ON",,(519) 693-4921,,,,,,,https://www.golfcanada.ca/golf-facility/wardsville-golf-club-en-2/
,18,"https://www.google.com/maps/place/15580 Cabot Trail Rd PO Box 414 Cheticamp,NS B0E 1H0",,Public,Par 72,,"Cheticamp, NS",,(902) 224-3338,,6787,,,,https://www.leportagegolfclub.com,https://www.golfcanada.ca/golf-facility/le-portage-golf-club-en/
,18,"https://www.google.com/maps/place/Box 9-43  Canora,SK S0A 0L0",,Public,Par 72,,"Canora, SK",,(306) 792-4600,,6142,,,,https://www.goodspiritgolfresort.com,https://www.golfcanada.ca/golf-facility/good-spirit-golf-resort-en/
,18,"https://www.google.com/maps/place/1012 Golf Avenue  Windermere,ON P0B 1P0",,Semi-private,Par 72,,"Windermere, ON",,—,,6260,,,,https://www.windermeregolf.ca,https://www.golfcanada.ca/golf-facility/windermere-golf-country-club-en/
,18,"https://www.google.com/maps/place/3180 Grasswood Road West  Saskatoon,SK S7T 1A1",,Private,Par 72,,"Saskatoon, SK",,(306) 373-8687,,7057,,,,https://www.riversidecc.ca,https://www.golfcanada.ca/golf-facility/riverside-country-club-en/
,18,"https://www.google.com/maps/place/639 Willow Park Dr. SE  Calgary,AB T2J 0L6",,Private,Par 71,,"Calgary, AB",,(403) 271-4231,,6533,,,,https://www.willowparkgolf.com,https://www.golfcanada.ca/golf-facility/willow-park-golf-country-club-en/
,18,"https://www.google.com/maps/place/Highway 118 - Box 279  Port Carling,ON P0B 1J0",,Private,Par 70,,"Port Carling, ON",,(705) 765-6600,,6430,,,,https://www.portcarlinggc.com,https://www.golfcanada.ca/golf-facility/port-carling-golf-country-club-en/
,18,"https://www.google.com/maps/place/Box 118  Candle Lake,SK S0J 3E0",,Public,Par 73,,"Candle Lake, SK",,(306) 929-2211,,6432,,,,https://candlelakegolfresort.com,https://www.golfcanada.ca/golf-facility/candle-lake-golf-club-en/
,18,"https://www.google.com/maps/place/1137 Old Highway 117  Baysville,ON P0B 1A0",,Private,Par 72,,"Baysville, ON",,(705) 635-2582,,7166,,,,,https://www.golfcanada.ca/golf-facility/bigwin-island-golf-club-en/
,27,"https://www.google.com/maps/place/120 Indian Creek Road, West  Chatham,ON N7M 2E2",,Semi-private,,,"Chatham, ON",,(519)351-3672,,,,,,,https://www.golfcanada.ca/golf-facility/the-links-of-kent-golf-club-en/
27,,,"https://www.google.com/maps/place/120 Indian Creek Road, West  Chatham,ON N7M 2E2",,,"Chatham, ON",,,,,,Semi-privé,(519)351-3672,,,https://www.golfcanada.ca/fr/golf-facility/the-links-of-kent-golf-club-fr/
,18,"https://www.google.com/maps/place/855 Chemin Ste Catherine, QC J0P 1X0  Saint-Polycarpe,QC J0P 1X0",,—,,,"Saint-Polycarpe, QC",,(450) 267-3666,,,,,,,https://www.golfcanada.ca/golf-facility/st-polycarpe-club-de-golf-en/
,18,"https://www.google.com/maps/place/QC-207  Kahnawake,QC J0L 1B0",,Semi-private,Par 70,,"Kahnawake, QC",,—,,6206,,,,https://www.caughnawagagolfclub.com,https://www.golfcanada.ca/golf-facility/caughnawaga-golf-club-en/
,18,"https://www.google.com/maps/place/4331 Egremont Rd  Camlachie,ON N0N 1E0",,Semi-private,Par 68,,"Camlachie, ON",,(519) 899-4495,,—,,,,,https://www.golfcanada.ca/golf-facility/camlachie-golf-country-club-en/
,18,"https://www.google.com/maps/place/Box 59  Thedford,ON N0M 2N0",,Semi-private,Par 72,,"Thedford, ON",,(519) 296-4653,,6302,,,,,https://www.golfcanada.ca/golf-facility/widder-station-golf-grill-tap-house-en/
,18,"https://www.google.com/maps/place/511 Chemin Antoine-Boucher  Gatineau,QC J9J 3M5",,Public,Par 72,,"Gatineau, QC",,819-684-4465,,6035,,,,,https://www.golfcanada.ca/golf-facility/vieux-moulins-club-de-golf-les-en/
,36,"https://www.google.com/maps/place/3200 Via Centrale  Kelowna,BC V1V 2A4",,Public,,,"Kelowna, BC",,2507655955,,,,,,https://www.golfbc.com,https://www.golfcanada.ca/golf-facility/the-okanagan-golf-club-en/
,9,"https://www.google.com/maps/place/72039 Rd 43E  Beausejour,MB R0E0C0",,Public,Par 68,,"Beausejour, MB",,—,,5060,,,,,https://www.golfcanada.ca/golf-facility/rivers-edge-golf-course-en/
18,,,"https://www.google.com/maps/place/1275 Hamilton Rd  London,ON N5X 1B1",,,"London, ON",,Par 62,,,,Semi-privé,—,—,,https://www.golfcanada.ca/fr/golf-facility/east-park-golf-gardens-fr/
,9,"https://www.google.com/maps/place/PO Box 84, highway 24  Chitek Lake,SK S0J 0L0",,Public,Par 70,,"Chitek Lake, SK",,(306) 984-4514,,5892,,,,,https://www.golfcanada.ca/golf-facility/chitek-lake-golf-club-en/
,18,"https://www.google.com/maps/place/1275 Hamilton Rd  London,ON N5X 1B1",,Semi-private,Par 62,,"London, ON",,—,,—,,,,,https://www.golfcanada.ca/golf-facility/east-park-golf-gardens-en/
,18,T0J 0G0,,Public,Par —,,—,,—,,—,,,,,https://www.golfcanada.ca/golf-facility/big-valley-golf-course-en/
,18,"https://www.google.com/maps/place/400 Beacon Hall Dr  Aurora,ON L4G 0L3",,Private,Par 72,,"Aurora, ON",,(905) 841-9122,,7148,,,,,https://www.golfcanada.ca/golf-facility/beacon-hall-golf-club-en/
,18,"https://www.google.com/maps/place/4001 Whistler Way  Whistler,BC V0N 1B4",,Public,Par 71,,"Whistler, BC",,(604) 932-3280,,6678,,,,,https://www.golfcanada.ca/golf-facility/whistler-golf-club-en/
,18,T0M 0R0,,Public,Par —,,—,,—,,—,,,,,https://www.golfcanada.ca/golf-facility/tooth-of-the-dogpound-creek-golf-course-en/
,9,"https://www.google.com/maps/place/245 Edge Hill Drive  Kitchener,ON N2P 2C8",,Public,Par 70,,"Kitchener, ON",,1-888-833-8787,,5684,,,,,https://www.golfcanada.ca/golf-facility/riveredge-golf-club-en/
,9,"https://www.google.com/maps/place/9521 Side Road No.10  Erin,ON N0B 1T0",,Semi-private,Par 72,,"Erin, ON",,1-888-833-8787,,6532,,,,https://www.golfcalerin.ca,https://www.golfcanada.ca/golf-facility/calerin-golf-club-en/
,18,"https://www.google.com/maps/place/10905 Reesor Road  Markham,ON L6B 1A8",,Public,,,"Markham, ON",,(905) 640-1233,,,,,,,https://www.golfcanada.ca/golf-facility/bushwood-golf-club-en/
,18,"https://www.google.com/maps/place/PO Box 4268  Spruce Grove,AB T7X 3B4",,Public,Par 72,,"Spruce Grove, AB",,(780) 962-4653,,6794,,,,https://www.linksgolfcourse.com,https://www.golfcanada.ca/golf-facility/the-links-at-spruce-grove-en/
,9,"https://www.google.com/maps/place/325 Rue du Golf  Saint-Lambert,QC J4P 1Z6",,Semi-private,Par 70,,"Saint-Lambert, QC",,(450) 671-4515,,5618,,,,https://www.golftstlambert.com,https://www.golfcanada.ca/golf-facility/st-lambert-club-de-golf-en/
,9,"https://www.google.com/maps/place/810 Beach Drive  Bowen Island,BC V0N 1G2",,Public,Par 70,,"Bowen Island, BC",,6049474653,,6006,,,,https://www.bowengolf.com,https://www.golfcanada.ca/golf-facility/bowen-island-golf-club-en/
9,,,"https://www.google.com/maps/place/810 Beach Drive  Bowen Island,BC V0N 1G2",,,"Bowen Island, BC",,Par 70,,https://www.bowengolf.com,,Public,6049474653,6006,,https://www.golfcanada.ca/fr/golf-facility/bowen-island-golf-club-fr/
,18,"https://www.google.com/maps/place/5946 12 Ave  Delta,BC V4L 1C7",,Private,Par 71,,"Delta, BC",,(604) 943-1155,,6218,,,,https://www.beachgrovegolf.com,https://www.golfcanada.ca/golf-facility/beach-grove-golf-club-en/
,18,"https://www.google.com/maps/place/516423 County Road 124, RR#3  Shelburne,ON L0N 1S7",,Semi-private,Par 71,,"Shelburne, ON",,(519) 925-5581,,6265,,,,,https://www.golfcanada.ca/golf-facility/shelburne-golf-country-club-en/
,18,"https://www.google.com/maps/place/11450 90e Rue  Saint-Georges,QC G5Y 5C4",,Semi-private,Par 72,,"Saint-Georges, QC",,(418) 228-6725,,6854,,,,https://www.golfstgeorges.com,https://www.golfcanada.ca/golf-facility/st-georges-club-de-golf-en/
18,,,"https://www.google.com/maps/place/8089 Franktown Rd  Richmond,ON K0A 2Z0",,,"Richmond, ON",,Par 70,,https://www.riverbendgolfclub.ca,,Public,613-838-7293,5675,,https://www.golfcanada.ca/fr/golf-facility/riverbend-golf-country-club-fr-2/
,18,"https://www.google.com/maps/place/8089 Franktown Rd  Richmond,ON K0A 2Z0",,Public,Par 70,,"Richmond, ON",,613-838-7293,,5675,,,,https://www.riverbendgolfclub.ca,https://www.golfcanada.ca/golf-facility/riverbend-golf-country-club-en-2/
,18,"https://www.google.com/maps/place/PO Box 321  Beaverlodge,AB T0H 0C0",,Public,Par 70,,"Beaverlodge, AB",,(780) 354-2538,,5822,,,,https://www.riverbendgolfcc.ca,https://www.golfcanada.ca/golf-facility/riverbend-golf-country-club-en/
18,,,"https://www.google.com/maps/place/PO Box 321  Beaverlodge,AB T0H 0C0",,,"Beaverlodge, AB",,Par 70,,https://www.riverbendgolfcc.ca,,Public,(780) 354-2538,5822,,https://www.golfcanada.ca/fr/golf-facility/riverbend-golf-country-club-fr/
,18,"https://www.google.com/maps/place/164, route 132  Metis-sur-Mer,QC G0J 1S0",,Public,Par 71,,"Metis-sur-Mer, QC",,(418) 936-3407,,6039,,,,https://www.golfboulerock.com,https://www.golfcanada.ca/golf-facility/boule-rock-club-de-golf-en/
,18,"https://www.google.com/maps/place/Road 3 West  Warren,MB R0C 3E0",,Public,Par 72,,"Warren, MB",,(204) 322-5104,,6854,,,,https://www.southinterlakegolf.mb.ca,https://www.golfcanada.ca/golf-facility/whispering-winds-of-warren-en/
18,,,"https://www.google.com/maps/place/Road 3 West  Warren,MB R0C 3E0",,,"Warren, MB",,Par 72,,https://www.southinterlakegolf.mb.ca,,Public,(204) 322-5104,6854,,https://www.golfcanada.ca/fr/golf-facility/whispering-winds-of-warren-fr/
,18,"https://www.google.com/maps/place/8632 Route 101  Welsford,NB E5K 4A1",,Public,Par 69,,"Welsford, NB",,(506) 486-2217,,5295,,,,,https://www.golfcanada.ca/golf-facility/welsford-golf-course-en/
,18,"https://www.google.com/maps/place/PO Box 299  Valleyview,AB T0H 3N0",,Public,Par 70,,"Valleyview, AB",,(780) 524-2449,,6024,,,,,https://www.golfcanada.ca/golf-facility/valleyview-riverside-golf-club-en/
,18,"https://www.google.com/maps/place/14110-156 St.  Edmonton,AB T6V 1J2",,Public,Par 72,,"Edmonton, AB",,(780) 447-2934,,6252,,,,https://www.twinwillowsgolf.com,https://www.golfcanada.ca/golf-facility/twin-willows-golf-club-en/
,18,"https://www.google.com/maps/place/1702 Cedar Valley Rd  Fraserville,ON K0L 1V0",,Public,Par 72,,"Fraserville, ON",,—,,6464,,,,,https://www.golfcanada.ca/golf-facility/baxter-creek-golf-club-en/
,9,"https://www.google.com/maps/place/104 Big Bay Point Rd  Innisfil,ON L9S 2P4",,Private,Par 66,,"Innisfil, ON",,(705) 436-1378,,4734,,,,,https://www.golfcanada.ca/golf-facility/big-bay-point-golf-country-club-en/
,18,"https://www.google.com/maps/place/155 Ennis Road  Ennismore,ON K0L 1T0",,Public,Par 72,,"Ennismore, ON",,(705) 292-7289,,6425,,,,,https://www.golfcanada.ca/golf-facility/tamarac-golf-country-club-en/
,18,"https://www.google.com/maps/place/1481 Golf Course Road R.R. #2  Minesing,ON L9X 0Y6",,Public,Par 72,,"Minesing, ON",,(705) 728-1866,,6171,,,,https://www.springwatergolf.com,https://www.golfcanada.ca/golf-facility/springwater-golf-course-en/
,9,"https://www.google.com/maps/place/1718 Balmoral Ave  Comox,BC V9M 2N1",,Public,Par 70,,"Comox, BC",,250 339 4444,,5339,,,,https://comoxgolfclub.ca,https://www.golfcanada.ca/golf-facility/comox-golf-club-en/
,18,"https://www.google.com/maps/place/PO Box 462 PO Box 462 Weyburn,SK S4H 2K3",,Public,Par 72,,"Weyburn, SK",,(306) 842-5881,,6540,,,,,https://www.golfcanada.ca/golf-facility/weyburn-golf-club-en/
18,,,"https://www.google.com/maps/place/PO Box 219  Shubenacadie,NS B0N 2H0",,,"Shubenacadie, NS",,Par 72,,https://www.linksatpennhills.com,,Public,(902) 758-1406,7236,,https://www.golfcanada.ca/fr/golf-facility/the-links-at-penn-hills-fr/
,18,"https://www.google.com/maps/place/PO Box 219  Shubenacadie,NS B0N 2H0",,Public,Par 72,,"Shubenacadie, NS",,(902) 758-1406,,7236,,,,https://www.linksatpennhills.com,https://www.golfcanada.ca/golf-facility/the-links-at-penn-hills-en/
9,,,P1L 1W8,,,"Bracebridge, ON",,Par 70,,,,Public,—,5562,,https://www.golfcanada.ca/fr/golf-facility/the-fairways-at-kirrie-glen-fr/
,9,P1L 1W8,,Public,Par 70,,"Bracebridge, ON",,—,,5562,,,,,https://www.golfcanada.ca/golf-facility/the-fairways-at-kirrie-glen-en/
,18,"https://www.google.com/maps/place/PO Box 243  Chaplin,SK S0H 0V0",,Public,Par —,,"Chaplin, SK",,—,,—,,,,,https://www.golfcanada.ca/golf-facility/chaplin-municipal-golf-country-club-en/
,36,"https://www.google.com/maps/place/PO Box 489  Gormley,ON L0H 1G0",,Private,,,"Gormley, ON",,(905) 888-1219,,,,,,,https://www.golfcanada.ca/golf-facility/station-creek-golf-club-en/
,18,T0B 3M0,,Public,Par —,,—,,—,,—,,,,,https://www.golfcanada.ca/golf-facility/bull-hill-golf-and-driving-range-en/
,18,"https://www.google.com/maps/place/1211 2ND Concession Road West  Copetown,ON L0R 1J0",,Private,Par 70,,"Copetown, ON",,(905) 628-2285,,6502,,,,https://www.beverlygolfclub.org,https://www.golfcanada.ca/golf-facility/beverly-golf-country-club-en/
,18,"https://www.google.com/maps/place/7422 Sideroad 30 & 31 Nottawasaga  Nottawa,ON L0M 1P0",,Public,Par 72,,"Nottawa, ON",,(705) 444-8337,,7035,,,,https://www.batteauxcreek.com,https://www.golfcanada.ca/golf-facility/batteaux-creek-golf-course-en/
,18,"https://www.google.com/maps/place/PO Box 269  Spruce Home,SK S0J 2N0",,Public,Par —,,"Spruce Home, SK",,(306) 764-4666,,—,,,,,https://www.golfcanada.ca/golf-facility/spruce-home-golf-club-en/
,18,"https://www.google.com/maps/place/2465 Westminster Drive  London,ON N6N 1L7",,Semi-private,Par 70,,"London, ON",,1-888-833-8787,,6160,,,,,https://www.golfcanada.ca/golf-facility/westminster-trails-golf-club-en/
,18,"https://www.google.com/maps/place/22011 88th Ave  Langley,BC V1M 2M3",,Public,Par 71,,"Langley, BC",,(604) 882-5130,,6516,,,,https://www.redwoods-golf.com,https://www.golfcanada.ca/golf-facility/the-redwoods-golf-course-en/
,18,"https://www.google.com/maps/place/35593 Lake Line  Port Stanley,ON N5L 1J1",,Public,Par 70,,"Port Stanley, ON",,905-641-8088,,5541,,,,,https://www.golfcanada.ca/golf-facility/the-bluffs-golf-club-en/
,18,"https://www.google.com/maps/place/PO Box 1011  Chatham,ON N7M 5L6",,Public,Par 0,,"Chatham, ON",,(519) 354-3231,,0,,,,,https://www.golfcanada.ca/golf-facility/rolyn-golf-trails-en/
,27,"https://www.google.com/maps/place/322 Line 2, North  Oro Medonte, ON,ON L0L 2L0",,Semi-private,,,"Oro Medonte, ON, ON",,(705) 721-1922,,,,,,,https://www.golfcanada.ca/golf-facility/shanty-bay-golf-club-en/
,18,"https://www.google.com/maps/place/105 Rue Bélanger  Gatineau,QC J8L 2X2",,Public,Par 71,,"Gatineau, QC",,(819) 986-8035,,6285,,,,https://www3.sympatico.ca/golf,https://www.golfcanada.ca/golf-facility/buckingham-club-de-golf-en/
,18,"https://www.google.com/maps/place/10500 Russell Rd  Port Perry,ON L9L 1B3",,Private,Par —,,"Port Perry, ON",,—,,—,,,,,https://www.golfcanada.ca/golf-facility/summerlea-golf-club-en-2/
,18,"https://www.google.com/maps/place/132 Moore Line  Mooretown,ON N0N 1M0",,Semi-private,Par 71,,"Mooretown, ON",,(519) 867-2810,,6737,,,,,https://www.golfcanada.ca/golf-facility/st-clair-parkway-golf-club-en/
,18,"https://www.google.com/maps/place/3060 Hwy 221  Weston,NS B0P 1C0",,Public,Par 72,,"Weston, NS",,(902) 847-9000,,6450,,,,https://www.berwickheightsgolf.com,https://www.golfcanada.ca/golf-facility/berwick-heights-golf-club-en/
,18,"https://www.google.com/maps/place/PO Box 1525  Sparwood,BC V0B 2G0",,Public,Par 72,,"Sparwood, BC",,(250) 425-2612,,6156,,,,,https://www.golfcanada.ca/golf-facility/sparwood-golf-club-en/
,18,"https://www.google.com/maps/place/PO Box 568  Bassano,AB T0J 0B0",,Public,Par 72,,"Bassano, AB",,(403) 641-4016,,5965,,,,,https://www.golfcanada.ca/golf-facility/bassano-sage-thistle-golf-country-club-en/
,18,"https://www.google.com/maps/place/80 Rue des Ruines du Monastere  Winnipeg,MB R3V 0B1",,Private,Par 72,,"Winnipeg, MB",,(204) 269-7867,,7311,,,,https://www.southwood.ca,https://www.golfcanada.ca/golf-facility/southwood-golf-country-club-en/
,9,"https://www.google.com/maps/place/111 Champion Park Rd  Fruitvale,BC V0G 1L0",,Semi-private,Par 72,,"Fruitvale, BC",,(250) 367-7001,,5874,,,,https://www.golfchampionlakes.com,https://www.golfcanada.ca/golf-facility/champion-lakes-golf-country-club-en/
,18,"https://www.google.com/maps/place/12501-14 St. S.W.  Calgary,AB T2W 2Y8",,Private,Par 72,,"Calgary, AB",,(403) 281-1188,,7163,,,,https://www.canyonmeadowsgolf.com,https://www.golfcanada.ca/golf-facility/canyon-meadows-golf-country-club-en/
,18,"https://www.google.com/maps/place/939 boulevard Perron  Carleton-sur-Mer,QC G0C 1J0",,Public,Par 71,,"Carleton-sur-Mer, QC",,418-364-3434,,6346,,,,https://www.carletonsurmer.com,https://www.golfcanada.ca/golf-facility/carleton-sur-mer-club-de-golf-de-en/
,18,"https://www.google.com/maps/place/1548 King St W  Brockville,ON K6V 5T7",,Private,Par 72,,"Brockville, ON",,(613) 342-2468,,6514,,,,https://www.brockvillecountryclub.com,https://www.golfcanada.ca/golf-facility/brockville-country-club-en/
,18,"https://www.google.com/maps/place/RR #1  Morrisburg,ON K0C 1X0",,Semi-private,Par 72,,"Morrisburg, ON",,6135432003,,6895,,,,https://www.uppercanadagolf.com,https://www.golfcanada.ca/golf-facility/upper-canada-golf-course-en/
,36,"https://www.google.com/maps/place/3035 Escarpment Sideroad  Caledon Village,ON L7K 3L3",,Private,,,"Caledon Village, ON",,(519) 927-3001,,,,,,,https://www.golfcanada.ca/golf-facility/the-pulpit-club-en/
,18,"https://www.google.com/maps/place/635 St Vincent St N 635 St Vincent St N Barrie,ON L4M 4Y1",,Private,Par 72,,"Barrie, ON",,(705) 728-4802,,6851,,,,https://www.barriecountryclub.com,https://www.golfcanada.ca/golf-facility/barrie-country-club-en/
45,,,"https://www.google.com/maps/place/31002 Elbow River Drive SW  Calgary,AB T3Z2T8",,,"Calgary, AB",,,,https://www.glencoegolf.org,,Public,(403) 242-4019,,,https://www.golfcanada.ca/fr/golf-facility/the-glencoe-golf-country-club-fr/
,45,"https://www.google.com/maps/place/31002 Elbow River Drive SW  Calgary,AB T3Z2T8",,Public,,,"Calgary, AB",,(403) 242-4019,,,,,,https://www.glencoegolf.org,https://www.golfcanada.ca/golf-facility/the-glencoe-golf-country-club-en/
,18,"https://www.google.com/maps/place/3723 Mt. Seymour Prkwy.  North Vancouver,BC V7G 1C1",,Private,Par 72,,"North Vancouver, BC",,(604) 929-5491,,6432,,,,https://www.seymourgolf.com,https://www.golfcanada.ca/golf-facility/seymour-golf-country-club-en/
,18,"https://www.google.com/maps/place/PO Box 727  Leader,SK S0N 1H0",,Public,Par —,,"Leader, SK",,(306) 628-3256,,—,,,,,https://www.golfcanada.ca/golf-facility/river-ridge-golf-club-en/
,36,"https://www.google.com/maps/place/851 Chemin Cherrier  L'Île-Bizard,QC H9E 1C3",,Private,,,"L'Île-Bizard, QC",,(514) 626-3992,,,,,,https://www.elmridgecc.com,https://www.golfcanada.ca/golf-facility/elm-ridge-country-club-en/
,9,"https://www.google.com/maps/place/PO Box 460  Unity,SK S0K 4L0",,Public,Par 70,,"Unity, SK",,(306) 228-3688,,6372,,,,,https://www.golfcanada.ca/golf-facility/unity-golf-club-en/
,18,"https://www.google.com/maps/place/401 Montée Morel  Sainte-Anne-des-Plaines,QC J5N 2T3",,Semi-private,Par 72,,"Sainte-Anne-des-Plaines, QC",,450-478-1112,,6818,,,,https://www.golfchampetre.com,https://www.golfcanada.ca/golf-facility/champetre-club-de-golf-le-en/
,9,"https://www.google.com/maps/place/PO Box 260  Chase,BC V0E 1M0",,Public,Par 63,,"Chase, BC",,(250) 679-3021,,3823,,,,,https://www.golfcanada.ca/golf-facility/sunshore-golf-course-en/
,18,"https://www.google.com/maps/place/100 Youville Street Box 111 Winnipeg,MB R2H 2S1",,Semi-private,Par 72,,"Winnipeg, MB",,(204) 233-2497,,6348,,,,https://www.stbonifacegolfclub.com,https://www.golfcanada.ca/golf-facility/st-boniface-golf-club-en/
,18,"https://www.google.com/maps/place/2745 Merrittville Hwy  Fonthill,ON L0S 1E6",,Public,Par 57,,"Fonthill, ON",,905-641-8088,,2757,,,,,https://www.golfcanada.ca/golf-facility/brock-golf-course-en/
,18,"https://www.google.com/maps/place/59213 Range Rd 40  Barrhead,AB T7N 1A1",,Public,Par 72,,"Barrhead, AB",,(780) 674-3053,,6644,,,,https://www.golfbarrhead.com,https://www.golfcanada.ca/golf-facility/barrhead-golf-club-en/
,18,"https://www.google.com/maps/place/Box 10  Binbrook,ON L0R 1C0",,Semi-private,Par 71,,"Binbrook, ON",,(905) 692-3592,,6363,,,,https://southbrookgolf.ca,https://www.golfcanada.ca/golf-facility/southbrook-golf-country-club-en/
,18,"https://www.google.com/maps/place/2650 Route Louis-Cyr 2650 Route Louis-Cyr Saint-Jean-de-Matha,QC J0K 2S0",,Public,Par 72,,"Saint-Jean-de-Matha, QC",,(450) 886-9321,,6504,,,,,https://www.golfcanada.ca/golf-facility/st-jean-de-matha-club-de-golf-en/
,18,"https://www.google.com/maps/place/PO Box 10  Gananoque,ON K7G 2T6",,Semi-private,Par 72,,"Gananoque, ON",,(613) 659-4999,,6275,,,,https://www.smugglersglen.com,https://www.golfcanada.ca/golf-facility/smugglers-glen-golf-club-en/
18,,,"https://www.google.com/maps/place/PO Box 10  Gananoque,ON K7G 2T6",,,"Gananoque, ON",,Par 72,,https://www.smugglersglen.com,,Semi-privé,(613) 659-4999,6275,,https://www.golfcanada.ca/fr/golf-facility/smugglers-glen-golf-club-fr/
,18,"https://www.google.com/maps/place/128 Governor's Road East  Saint George,ON N0E 1N0",,Semi-private,Par 71,,"Saint George, ON",,1-888-833-8787,,5527,,,,https://www.golfbrantvalley.ca,https://www.golfcanada.ca/golf-facility/brant-valley-golf-club-en/
,18,"https://www.google.com/maps/place/P.O. Box 426  Vulcan,AB T0L 2B0",,Public,Par 70,,"Vulcan, AB",,(403) 485-2553,,6306,,,,https://www.golfvulcan.com,https://www.golfcanada.ca/golf-facility/vulcan-golf-country-club-en/
,18,"https://www.google.com/maps/place/PO Box 1215  Chase,BC V0E 1M0",,Public,Par 72,,"Chase, BC",,(250) 679-3090,,7129,,,,https://www.talkingrock.ca,https://www.golfcanada.ca/golf-facility/talking-rock-golf-resort-en/
,18,"https://www.google.com/maps/place/18 Fairway Dr.  Stony Plain,AB T7Z 1M3",,Public,Par 72,,"Stony Plain, AB",,(780) 963-2133,,6682,,,,https://www.stonyplaingolf.ca,https://www.golfcanada.ca/golf-facility/stony-plain-golf-course-en/
,18,"https://www.google.com/maps/place/51418 Alberta Highway 21  Sherwood Park,AB T8B 1K9",,Private,Par 71,,"Sherwood Park, AB",,(780) 467-2025,,6365,,,,https://www.belvederegcc.com,https://www.golfcanada.ca/golf-facility/belvedere-golf-country-club-en/
,18,"https://www.google.com/maps/place/1412 County Rd 64 1412 County Rd 64 Carrying Place,ON K0K 1L0",,Semi-private,Par 71,,"Carrying Place, ON",,(613) 475-2155,,6024,,,,,https://www.golfcanada.ca/golf-facility/barcovan-golf-club-en/
,27,"https://www.google.com/maps/place/12600 Bramalea Rd  Caledon East,ON L7C 2P3",,Public,,,"Caledon East, ON",,—,,,,,,,https://www.golfcanada.ca/golf-facility/bantys-roost-golf-club-en-3/
,18,"https://www.google.com/maps/place/Golf Course Rd  Masset,BC N/A",,Public,Par 65,,"Masset, BC",,2506263500,,5059,,,,,https://www.golfcanada.ca/golf-facility/dixon-entrance-golf-course-en/
18,,,"https://www.google.com/maps/place/Golf Course Rd  Masset,BC N/A",,,"Masset, BC",,Par 65,,,,Public,2506263500,5059,,https://www.golfcanada.ca/fr/golf-facility/dixon-entrance-golf-course-fr/
,18,"https://www.google.com/maps/place/144 Racquette Hill  Digby,NS B0V 1A0",,Public,Par 71,,"Digby, NS",,(902) 245-4104,,6283,,,,,https://www.golfcanada.ca/golf-facility/digby-pines-golf-resort-and-spa-en/
,18,"https://www.google.com/maps/place/333 Boulder Creek Dr  Langdon,AB T0J 1X3",,Public,Par 72,,"Langdon, AB",,403-936-3644,,6785,,,,,https://www.golfcanada.ca/golf-facility/the-track-golf-course-en/
,18,"https://www.google.com/maps/place/79 Le Buttereau Rd  St-Ignace,NB E4X 2G5",,Public,Par 72,,"St-Ignace, NB",,(506) 876-3737,,6541,,,,https://www.clubdegolfst-ignace.com,https://www.golfcanada.ca/golf-facility/st-ignace-ltee-club-de-golf-en/
,18,"https://www.google.com/maps/place/BOX 57  Stenen,SK S0A 3X0",,Public,Par 0,,"Stenen, SK",,(306) 548-5522,,0,,,,,https://www.golfcanada.ca/golf-facility/crystal-lake-golf-club-en/
,18,T0M 0M0,,Public,Par —,,—,,—,,—,,,,,https://www.golfcanada.ca/golf-facility/caroline-district-golf-course-en/
,18,"https://www.google.com/maps/place/125 Golf Club Rd  Smiths Falls,ON K7A 4S5",,Semi-private,Par 71,,"Smiths Falls, ON",,(613) 283-3050,,6421,,,,https://www.smithsfallsgolf.com,https://www.golfcanada.ca/golf-facility/smiths-falls-golf-country-club-en/
,36,"https://www.google.com/maps/place/3000 Boulevard des Mille-Îles  Laval,QC H7J 1G1",,Semi-private,,,"Laval, QC",,(450) 666-4958,,,,,,https://www.golfstfrancois.qc.ca,https://www.golfcanada.ca/golf-facility/st-francois-club-de-golf-en/
,9,"https://www.google.com/maps/place/249, chemin Senneville  Senneville,QC H9X 3X5",,Private,Par 70,,"Senneville, QC",,(514) 457-6014,,5698,,,,https://braesidegolf.ca,https://www.golfcanada.ca/golf-facility/braeside-club-de-golf-en/
,27,"https://www.google.com/maps/place/PO Box 960  Banff,AB T1L 1J4",,Public,,,"Banff, AB",,(403) 762-6878,,,,,,https://www.banffspringsgolfclub.com,https://www.golfcanada.ca/golf-facility/banff-springs-golf-club-en/
,18,"https://www.google.com/maps/place/382 Cartwright St  Saskatoon,SK S7T 1B1",,Semi-private,,,"Saskatoon, SK",,3069564653,,,,,,https://www.willlowgolf.com,https://www.golfcanada.ca/golf-facility/the-willows-club-en/
,18,"https://www.google.com/maps/place/55307 Range Rd 251  Morinville,AB T8R 1S1",,Semi-private,Par 72,,"Morinville, AB",,(780) 939-6666,,6889,,,,https://www.cardiffgolfclub.ca,https://www.golfcanada.ca/golf-facility/cardiff-golf-country-club-en/
,9,"https://www.google.com/maps/place/Route 205  Hillview,NL A0E 2A0",,Public,Par 0,,"Hillview, NL",,(709) 546-2777,,0,,,,,https://www.golfcanada.ca/golf-facility/brookside-golf-club-en/
9,,,"https://www.google.com/maps/place/2313 17 Ave 2313 17 Ave Bowden,AB T0M 0K0",,,"Bowden, AB",,Par 72,,https://www.bowdengolf.com,,Semi-privé,4032242121,6250,,https://www.golfcanada.ca/fr/golf-facility/bowden-hi-way-golf-course-fr/
,9,"https://www.google.com/maps/place/2313 17 Ave 2313 17 Ave Bowden,AB T0M 0K0",,Semi-private,Par 72,,"Bowden, AB",,4032242121,,6250,,,,https://www.bowdengolf.com,https://www.golfcanada.ca/golf-facility/bowden-hi-way-golf-course-en/
,18,"https://www.google.com/maps/place/30 Nicklaus Dr  Bancroft,ON K0L 1C0",,Public,Par 72,,"Bancroft, ON",,(613) 332-4653,,6725,,,,,https://www.golfcanada.ca/golf-facility/bancroft-ridge-golf-club-en/
,18,"https://www.google.com/maps/place/4050 8th Street East  Saskatoon,SK S7H 5L4",,Public,Par 70,,"Saskatoon, SK",,(306) 975-3320,,5717,,,,,https://www.golfcanada.ca/golf-facility/wildwood-golf-course-en/
,9,"https://www.google.com/maps/place/101 Golf Course Rd  New Denver,BC V0G 1S1",,Public,Par 70,,"New Denver, BC",,(250) 358-2408,,5387,,,,,https://www.golfcanada.ca/golf-facility/slocan-lake-golf-club-en/
,18,"https://www.google.com/maps/place/1126 St Antoine  Vaudreuil-Dorion,QC J7V 8P2",,Public,Par 70,,"Vaudreuil-Dorion, QC",,(450) 455-2731,,5803,,,,https://www.golfvaudreuil.com,https://www.golfcanada.ca/golf-facility/vaudreuil-club-de-golf-en/
,18,"https://www.google.com/maps/place/76 Old Hill Road  Turkey Point,ON N0E 1T0",,Public,Par —,,"Turkey Point, ON",,(519) 426-6683,,—,,,,,https://www.golfcanada.ca/golf-facility/turkey-point-golf-country-club-en/
,18,"https://www.google.com/maps/place/R.R. #1 Hamer Bay Road  Mactier,ON P0C 1H0",,Public,Par 72,,"Mactier, ON",,(705) 375-2240,,6884,,,,https://www.rockycrest.ca,https://www.golfcanada.ca/golf-facility/rocky-crest-golf-club-en/
27,,,"https://www.google.com/maps/place/1567 Chemin des Patriotes  Sainte-Victoire-de-Sorel,QC J0G 1T0",,,"Sainte-Victoire-de-Sorel, QC",,,,https://www.golfcontinental.ca,,Semi-privé,4507432573,,,https://www.golfcanada.ca/fr/golf-facility/continental-club-de-golf-fr/
,27,"https://www.google.com/maps/place/1567 Chemin des Patriotes  Sainte-Victoire-de-Sorel,QC J0G 1T0",,Semi-private,,,"Sainte-Victoire-de-Sorel, QC",,4507432573,,,,,,https://www.golfcontinental.ca,https://www.golfcanada.ca/golf-facility/continental-club-de-golf-en/
,18,"https://www.google.com/maps/place/595838 Hwy 59  Woodstock,ON N4S 7W1",,Semi-private,Par 71,,"Woodstock, ON",,(519) 462-2745,,6728,,,,https://www.craigowan.com,https://www.golfcanada.ca/golf-facility/craigowan-golf-club-en/
,18,"https://www.google.com/maps/place/2524 Rothesay Road  Rothesay,NB E2H 2K7",,Private,Par 72,,"Rothesay, NB",,(506) 847-7545,,6590,,,,https://www.riversidecountryclub.ca,https://www.golfcanada.ca/golf-facility/the-riverside-country-club-en/
,18,"https://www.google.com/maps/place/16900 4th Ave 16900 4th Ave Surrey,BC V3Z 9P6",,Public,Par 72,,"Surrey, BC",,6045384818,,6368,,,,https://www.peaceportalgolf.com,https://www.golfcanada.ca/golf-facility/the-hills-at-portal-golf-club-en/
,18,"https://www.google.com/maps/place/P. O. Box 740 1025 Western Drive Crossfield,AB T0M 0S0",,Public,Par 72,,"Crossfield, AB",,(403) 946-2343,,6958,,,,https://www.collicuttgolf.com,https://www.golfcanada.ca/golf-facility/collicutt-siding-golf-club-en/
,18,"https://www.google.com/maps/place/5331 Lakeshore Dr. 5331 Lakeshore Dr. Sylvan Lake,AB T4S 1E8",,Public,Par 72,,"Sylvan Lake, AB",,(403) 887-3030,,6367,,,,https://sylvanlakegolf.com,https://www.golfcanada.ca/golf-facility/sylvan-lake-golf-country-club-en/
,18,"https://www.google.com/maps/place/Box 1378  Brooks,AB T1R 1C3",,Semi-private,Par 71,,"Brooks, AB",,(403) 362-2998,,6577,,,,https://www.brooksgolfclub.ca,https://www.golfcanada.ca/golf-facility/brooks-golf-club-en/
,18,"https://www.google.com/maps/place/175 Concession Road 21 West  Tiny,ON L9M 0T8",,Public,Par 68,,"Tiny, ON",,—,,5968,,,,,https://www.golfcanada.ca/golf-facility/thunder-highlands-golf-club-en/
,18,"https://www.google.com/maps/place/388 Route Centrale  Joly,QC G0S 1M0",,Semi-private,Par 72,,"Joly, QC",,418-415-0526,,6677,,,,https://www.jolygolf2020.com,https://www.golfcanada.ca/golf-facility/boises-de-joly-2020-club-de-golf-les-en/
,18,"https://www.google.com/maps/place/13242 10th Line 13242 10th Line Stouffville,ON L4A 7X4",,Private,Par 72,,"Stouffville, ON",,(905) 640-2949,,6138,,,,,https://www.golfcanada.ca/golf-facility/sleepy-hollow-country-club-en/
,18,"https://www.google.com/maps/place/400 Main St P-104  Saint John,NB E2K 4N5",,Public,Par —,,"Saint John, NB",,—,,—,,,,,https://www.golfcanada.ca/golf-facility/under-par-golf-en/
,18,N0C 1H0,,Public,Par —,,—,,—,,—,,,,,https://www.golfcanada.ca/golf-facility/the-ferns-golf-country-club-en/
,18,"https://www.google.com/maps/place/2400 Dalton Road  Timmins,ON P4N 7N2",,Public,Par 72,,"Timmins, ON",,—,,6626,,,,,https://www.golfcanada.ca/golf-facility/spruce-needles-golf-club-en/
,9,"https://www.google.com/maps/place/87 3rd Avenue  Sioux Lookout,ON P8T 1G7",,Semi-private,Par 70,,"Sioux Lookout, ON",,(807) 737-1800,,5840,,,,https://www.slgcc.com,https://www.golfcanada.ca/golf-facility/sioux-lookout-golf-curling-club-en/
,18,"https://www.google.com/maps/place/1255 Sandy Point Rd  Saint John,NB E2K 5E3",,Public,Par 70,,"Saint John, NB",,(506) 634-0090,,5925,,,,https://www.rockwoodgolf.ca,https://www.golfcanada.ca/golf-facility/rockwood-park-golf-club-en/
,18,"https://www.google.com/maps/place/13448 Dublin Line  Acton,ON L7J 2L7",,Private,Par 72,,"Acton, ON",,(519) 853-0904,,6663,,,,,https://www.golfcanada.ca/golf-facility/blue-springs-golf-club-en/
,36,"https://www.google.com/maps/place/200 Rue du Blainvillier  Blainville,QC J7C 4X6",,Public,,,"Blainville, QC",,4504331444,,,,,,https://www.golfblainvillier.com,https://www.golfcanada.ca/golf-facility/blainvillier-club-de-golf-le-en/
,18,"https://www.google.com/maps/place/Highway 11 East  Red Deer,AB T4E 2Z6",,Public,Par 72,,"Red Deer, AB",,(403) 343-3170,,6468,,,,,https://www.golfcanada.ca/golf-facility/balmoral-golf-course-en/
,9,"https://www.google.com/maps/place/PO Box 70  Earl Grey,SK S0G 1J0",,Public,Par 56,,"Earl Grey, SK",,—,,3470,,,,,https://www.golfcanada.ca/golf-facility/the-eddy-golf-club-en/
,18,"https://www.google.com/maps/place/475 Rue Saint-Louis  Gatineau,QC J8P 8B6",,Public,Par 72,,"Gatineau, QC",,(819) 663-4460,,6379,,,,,https://www.golfcanada.ca/golf-facility/tecumseh-club-de-golf-en/
,9,"https://www.google.com/maps/place/Box 134  Radium Hot Springs,BC V0A 1M0",,Public,Par 66,,"Radium Hot Springs, BC",,(250) 347-6500,,4823,,,,https://spurvalley.com/golf.htm,https://www.golfcanada.ca/golf-facility/spur-valley-golf-resort-en/
,18,"https://www.google.com/maps/place/2000 Silvertip Trail  Canmore,AB T1W 3J4",,Public,Par 72,,"Canmore, AB",,(403) 678-1600,,7173,,,,https://www.silvertipresort.com,https://www.golfcanada.ca/golf-facility/silvertip-golf-resort-en/
,18,—,,Public,Par 62,,"Thornton, ON",,—,,3121,,,,,https://www.golfcanada.ca/golf-facility/the-wilds-at-cedar-valley-golf-course-en/
,27,T5Y 6L2,,Semi-private,,,"Edmonton, AB",,780.477.8437,,,,,,,https://www.golfcanada.ca/golf-facility/the-quarry-golf-club-en/
,18,"https://www.google.com/maps/place/PO Box 9  Ma-Me-O Beach,AB T0C 1X0",,Public,,,"Ma-Me-O Beach, AB",,4035862254,,,,,,https://www.blackbullgolf.com,https://www.golfcanada.ca/golf-facility/black-bull-golf-course-en/
,18,"https://www.google.com/maps/place/505, route 279  Saint-Damien-de-Buckland,QC G0R 2Y0",,Semi-private,Par 72,,"Saint-Damien-de-Buckland, QC",,(418) 789-2008,,6558,,,,https://www.golfbellechasse.com,https://www.golfcanada.ca/golf-facility/bellechasse-club-de-golf-en/
,18,"https://www.google.com/maps/place/1 The Master's South  Whitchurch-Stouffville,ON L4A 1M2",,Public,Par 72,,"Whitchurch-Stouffville, ON",,(905) 640-6333,,6545,,,,https://www.ballantraegolfclub.com,https://www.golfcanada.ca/golf-facility/ballantrae-golf-club-en/
,18,"https://www.google.com/maps/place/41050 Trans Canada Hwy  Sardis,BC V2R 4J1",,Public,Par 72,,"Sardis, BC",,(604) 823-4653,,6934,,,,https://www.royalwoodgolf.com,https://www.golfcanada.ca/golf-facility/royalwood-golf-club-en/
,18,"https://www.google.com/maps/place/PO Box 31  Roblin,MB R0L 1P0",,Public,Par 70,,"Roblin, MB",,(204) 937-4774,,6190,,,,,https://www.golfcanada.ca/golf-facility/roblin-golf-country-club-en/
,18,"https://www.google.com/maps/place/3950 Cromarty Drive  Putnam,ON N0L 2B0",,Semi-private,Par 71,,"Putnam, ON",,1-888-833-8787,,5908,,,,,https://www.golfcanada.ca/golf-facility/tamarack-ridge-golf-club-en/
,18,"https://www.google.com/maps/place/5101 Upper Booth Road S  Kelowna,BC V1X 7V8",,Semi-private,Par 72,,"Kelowna, BC",,(250) 765-7700,,6500,,,,https://www.sunsetranchbc.com,https://www.golfcanada.ca/golf-facility/sunset-ranch-golf-country-club-en/
,18,"https://www.google.com/maps/place/2054 Gordon Street  Guelph,ON N1L 1G6",,Semi-private,Par 70,,"Guelph, ON",,(519) 821-4655,,5381,,,,,https://www.golfcanada.ca/golf-facility/springfield-golf-country-club-en/
,18,"https://www.google.com/maps/place/PO Box 123  Fallis,AB T0E 0V0",,Public,Par 72,,"Fallis, AB",,—,,6295,,,,https://www.golfthesands.com,https://www.golfcanada.ca/golf-facility/silver-sands-golf-course-en/
,9,"https://www.google.com/maps/place/3rd Avenue, PO Box 382  Foremost,AB T0K 0X0",,Public,Par 72,,"Foremost, AB",,(403) 867-3983,,5976,,,,,https://www.golfcanada.ca/golf-facility/foremost-golf-club-en/
,18,"https://www.google.com/maps/place/PO Box 388, Hwy 34  Debolt,AB T0H 0Y0",,Public,Par 0,,"Debolt, AB",,(780) 957-2150,,0,,,,,https://www.golfcanada.ca/golf-facility/debolt-golf-country-club-en/
,18,"https://www.google.com/maps/place/1235 Villiers Line, RR #1 1235 Villiers Line, RR #1 Keene,ON K0L 2G0",,Semi-private,Par 71,,"Keene, ON",,(705) 295-3673,,6577,,,,,https://www.golfcanada.ca/golf-facility/bellmere-winds-golf-resort-en/
18,,,"https://www.google.com/maps/place/185 Golf Club Rd  Hannon,ON L0R 1P0",,,"Hannon, ON",,Par 72,,https://www.golfscenicwoods.ca,,Semi-privé,1-888-833-8787,6433,,https://www.golfcanada.ca/fr/golf-facility/scenic-woods-golf-club-fr/
,18,"https://www.google.com/maps/place/185 Golf Club Rd  Hannon,ON L0R 1P0",,Semi-private,Par 72,,"Hannon, ON",,1-888-833-8787,,6433,,,,https://www.golfscenicwoods.ca,https://www.golfcanada.ca/golf-facility/scenic-woods-golf-club-en/
,18,"https://www.google.com/maps/place/Box 908  St. Marys,ON N4X 1B6",,Semi-private,Par 72,,"St. Marys, ON",,(519) 284-3704,,6357,,,,https://www.stmarysgolf.com,https://www.golfcanada.ca/golf-facility/st-marys-golf-country-club-en/
,54,"https://www.google.com/maps/place/4632 Stouffville Road  Stouffville,ON L4A 7X5",,Private,,,"Stouffville, ON",,(905) 640-3633,,,,,,,https://www.golfcanada.ca/golf-facility/spring-lakes-golf-club-en/
,18,"https://www.google.com/maps/place/21114 Yonge Street, RR#1  Newmarket,ON L3Y 4V8",,Public,Par 72,,"Newmarket, ON",,(905) 836-8070,,7029,,,,https://www.silverlakesgolf.com,https://www.golfcanada.ca/golf-facility/silver-lakes-golf-country-club-en/
,18,"https://www.google.com/maps/place/1281 Hwy #37 R.R. # 1  Corbyville,ON K0K 1V0",,Public,Par 72,,"Corbyville, ON",,(613) 477-1831,,6652,,,,,https://www.golfcanada.ca/golf-facility/trillium-wood-golf-club-en/
,—,"https://www.google.com/maps/place/PO BOX 533  Consort,AB T0C 1B0",,Public,Par 72,,"Consort, AB",,403-577-2525,,5954,,,,,https://www.golfcanada.ca/golf-facility/the-consort-golf-club-en/
,18,"https://www.google.com/maps/place/3800 Friday Drive  Innisfil,ON L9S 0J7",,Semi-private,Par 72,,"Innisfil, ON",,—,,7101,,,,,https://www.golfcanada.ca/golf-facility/the-nest-at-friday-harbour-en/
,18,"https://www.google.com/maps/place/PO Box 174 PO Box 174 Petawawa,ON K8H 2X2",,Public,Par 72,,"Petawawa, ON",,(613) 735-4444,,6335,,,,https://www.roanokegolf.ca,https://www.golfcanada.ca/golf-facility/roanoke-golf-club-en/
,18,"https://www.google.com/maps/place/138 Selkirk Park Rd  Belfast,PE C0A 1A0",,Public,Par 74,,"Belfast, PE",,9026592794,,6418,,,,https://www.peisland.com/belfast/,https://www.golfcanada.ca/golf-facility/belfast-highland-greens-golf-course-en/
18,,,"https://www.google.com/maps/place/138 Selkirk Park Rd  Belfast,PE C0A 1A0",,,"Belfast, PE",,Par 74,,https://www.peisland.com/belfast/,,Public,9026592794,6418,,https://www.golfcanada.ca/fr/golf-facility/belfast-highland-greens-golf-course-fr/
,18,"https://www.google.com/maps/place/12 Baddeck Forks Rd, PO Box 30  Baddeck,NS B0E 1B0",,Public,Par 70,,"Baddeck, NS",,(902) 295-2174,,5526,,,,,https://www.golfcanada.ca/golf-facility/baddeck-forks-golf-recreation-ltd-en/
,18,"https://www.google.com/maps/place/85162 rd 38E  Libau,MB R0E 1C0",,Public,Par 72,,"Libau, MB",,(204) 265-6444,,6490,,,,,https://www.golfcanada.ca/golf-facility/mars-sandhills-golf-course-en/
,36,"https://www.google.com/maps/place/465 Sunningdale Road, West  London,ON N6G 5B9",,Private,,,"London, ON",,(519) 660-8063,,,,,,https://www.sunningdalegolf.com,https://www.golfcanada.ca/golf-facility/sunningdale-golf-country-club-en/
,18,"https://www.google.com/maps/place/Rte 153 Greenmount Rd  St. Felix,PE C0B 2B0",,Public,Par 72,,"St. Felix, PE",,—,,5992,,,,,https://www.golfcanada.ca/golf-facility/st-felix-golf-country-club-en/
,18,"https://www.google.com/maps/place/1430 Concession 2 Rd W 1430 Concession 2 Rd W Copetown,ON L0R 1J0",,Public,Par 72,,"Copetown, ON",,—,,6717,,,,https://www.copetownwoods.com,https://www.golfcanada.ca/golf-facility/copetown-woods-golf-club-en/
,18,"https://www.google.com/maps/place/5106 66 Street  Camrose,AB T4V 3E6",,Public,Par 71,,"Camrose, AB",,(780) 672-2691,,6149,,,,https://www.camrose.com/leisure/golf/,https://www.golfcanada.ca/golf-facility/camrose-golf-group-en/
,27,"https://www.google.com/maps/place/RR  # 2  New Norway,AB T0B 3L0",,Public,,,"New Norway, AB",,(780) 855-3982,,,,,,https://www.silvercreekgolfcourse.com,https://www.golfcanada.ca/golf-facility/silver-creek-golf-course-en-2/
,18,"https://www.google.com/maps/place/RR # 1, Ste. 1, PO Box 25  Red Deer,AB T4N 5E1",,Public,Par 0,,"Red Deer, AB",,(403) 342-2830,,0,,,,,https://www.golfcanada.ca/golf-facility/spirit-creek-golf-and-country-club-en/
,12,"https://www.google.com/maps/place/P.O. Box 54  Tillsonburg,ON N4G 4H3",,Public,Par 70,,"Tillsonburg, ON",,(519) 842-4142,,5726,,,,,https://www.golfcanada.ca/golf-facility/bridges-at-tillsonburg-the-en/
,36,"https://www.google.com/maps/place/65 Rue Bédard 65 Rue Bédard Boischatel,QC G0A 1H0",,Semi-private,,,"Boischatel, QC",,(418) 822-0331,,,,,,https://www.royalquebec.com,https://www.golfcanada.ca/golf-facility/royal-quebec-club-de-golf-en/
,18,"https://www.google.com/maps/place/49 Golf Ave, Pointe-Claire  Pointe-Claire,QC H9S 4N6",,Private,Par 71,,"Pointe-Claire, QC",,(514) 695-2661,,6501,,,,https://www.beaconsfieldgolfclub.ca,https://www.golfcanada.ca/golf-facility/beaconsfield-golf-club-en/
,18,"https://www.google.com/maps/place/586 Avondale Rd  Vernon River,PE C0A 2E0",,Public,Par 72,,"Vernon River, PE",,(902) 651-4653,,6768,,,,https://www.AvondaleGolf.com,https://www.golfcanada.ca/golf-facility/avondale-golf-course-en/
,18,"https://www.google.com/maps/place/P.O. Box 54  Petersfield,MB R0C 2L0",,Public,Par 72,,"Petersfield, MB",,(204) 738-4653,,6357,,,,,https://www.golfcanada.ca/golf-facility/netley-creek-golf-course-en/
,18,"https://www.google.com/maps/place/245 Markland Drive  Etobicoke,ON M9C 1R1",,Private,Par 70,,"Etobicoke, ON",,(416) 621-3400,,6423,,,,https://www.marklandwood.com,https://www.golfcanada.ca/golf-facility/markland-wood-golf-club-en/
,27,"https://www.google.com/maps/place/15731 Regional Rd 50  Caledon,ON L7E 3H9",,Semi-private,,,"Caledon, ON",,—,,,,,,https://www.gleneaglegolf.com,https://www.golfcanada.ca/golf-facility/glen-eagle-golf-club-en/
27,,,"https://www.google.com/maps/place/15731 Regional Rd 50  Caledon,ON L7E 3H9",,,"Caledon, ON",,,,https://www.gleneaglegolf.com,,Semi-privé,—,,,https://www.golfcanada.ca/fr/golf-facility/glen-eagle-golf-club-fr/
,18,"https://www.google.com/maps/place/11937 Cloverdale Rd  Winchester,ON K0C 2K0",,Public,Par 71,,"Winchester, ON",,(613) 774-0076,,6427,,,,https://www.cloverdalelinks.com,https://www.golfcanada.ca/golf-facility/cloverdale-links-en/
,18,"https://www.google.com/maps/place/8341 Nixon Rd.  Chilliwack,BC V4Z 1L3",,Public,Par 71,,"Chilliwack, BC",,604-745-4653,,6805,,,,,https://www.golfcanada.ca/golf-facility/the-falls-golf-club-en/
,18,"https://www.google.com/maps/place/6105 Shaw Road  Salmon Arm,BC V1E 2W2",,Public,Par 72,,"Salmon Arm, BC",,250-832-4727,,7026,,,,https://www.shuswapnational.com,https://www.golfcanada.ca/golf-facility/shuswap-national-en/
,18,"https://www.google.com/maps/place/100 Golf Course Rd  St. John's,NL A1A 0A6",,Semi-private,,,"St. John's, NL",,709) 726-4021,,,,,,https://www.ballyhaly.com,https://www.golfcanada.ca/golf-facility/bally-haly-country-club-en/
,18,"https://www.google.com/maps/place/595 Falmouth Back Rd 595 Falmouth Back Rd Falmouth,NS B0P 1P0",,Semi-private,Par 71,,"Falmouth, NS",,(902) 798-4654,,6040,,,,https://avonvalleygolf.com,https://www.golfcanada.ca/golf-facility/avon-valley-golf-country-club-en/
,18,"https://www.google.com/maps/place/169 Rte 201  Coteau-du-Lac,QC J0P 1B0",,Public,Par 70,,"Coteau-du-Lac, QC",,4507632200,,6333,,,,https://www.golfriviererouge.ca,https://www.golfcanada.ca/golf-facility/riviere-rouge-club-de-golf-en/
,18,T1L 1H8,,Public,Par —,,"Banff,",,—,,—,,,,,https://www.golfcanada.ca/golf-facility/vip-golf-en/
,18,"https://www.google.com/maps/place/18543 Woodbine Ave  Sharon,ON L0G 1V0",,Public,Par 72,,"Sharon, ON",,(905) 478-4211,,6654,,,,,https://www.golfcanada.ca/golf-facility/shawneeki-golf-club-en/
,18,—,,Public,Par —,,—,,—,,—,,,,,https://www.golfcanada.ca/golf-facility/tomahawk-trails-golf-club-en/
,18,"https://www.google.com/maps/place/850 Sunninghill Avenue  London,ON N6H 3L9",,Public,,,"London, ON",,(519) 661-4440,,,,,,,https://www.golfcanada.ca/golf-facility/thames-valley-golf-course-en/
,18,"https://www.google.com/maps/place/40 Rue de la Pruchière  Saint-Pacôme,QC G0L 3X0",,Public,Par 72,,"Saint-Pacôme, QC",,(418) 852-2395,,6163,,,,,https://www.golfcanada.ca/golf-facility/st-pacome-club-de-golf-en/
,9,"https://www.google.com/maps/place/1350 Chemin Sainte-Claire  Rivière-Beaudette,QC J0P 1R0",,Public,Par 72,,"Rivière-Beaudette, QC",,(450) 267-3666,,6482,,,,,https://www.golfcanada.ca/golf-facility/riviere-beaudette-club-de-golf-en/
,9,"https://www.google.com/maps/place/1300 Rancher Creek Road  Osoyoos,BC V0H 1V6",,Public,Par 70,,"Osoyoos, BC",,(250) 485-8025,,5016,,,,https://www.sonoradunes.com,https://www.golfcanada.ca/golf-facility/sonora-dunes-golf-course-en/
,18,"https://www.google.com/maps/place/7425 Yew St.  Vancouver,BC V6P 6H1",,Private,Par 70,,"Vancouver, BC",,(604) 261-8111,,6414,,,,,https://www.golfcanada.ca/golf-facility/marine-drive-golf-club-en/
,18,"https://www.google.com/maps/place/602 Queens Bay Rd  Balfour,BC V0G 1C0",,Public,Par 72,,"Balfour, BC",,(250) 229-5655,,6436,,,,https://www.golfbalfour.com,https://www.golfcanada.ca/golf-facility/balfour-golf-club-en/
,27,"https://www.google.com/maps/place/777 Rue de Lauberivière  Levis,QC G6W 0S4",,Public,Par 72,,"Levis, QC",,(418) 835-0480,,6162,,,,,https://www.golfcanada.ca/golf-facility/auberiviere-club-de-golf-l-en/
,18,"https://www.google.com/maps/place/9001 Bill Fox Way  Burnaby,BC V5J 5J3",,Public,Par 72,,"Burnaby, BC",,(604) 280-4653,,7004,,,,https://www.city.burnaby.bc.ca/admin/Page1543.aspx,https://www.golfcanada.ca/golf-facility/riverway-golf-course-en/
,18,"https://www.google.com/maps/place/906 Quigley Hill Rd  Cumberland,ON K4C 1H1",,Private,Par 72,,"Cumberland, ON",,613-833-0801,,7047,,,,https://camelotgolf.ca,https://www.golfcanada.ca/golf-facility/camelot-golf-country-club-en/
,18,"https://www.google.com/maps/place/25 Rue du Lac N 25 Rue du Lac N Princeville,QC G6L 3X8",,Public,Par 73,,"Princeville, QC",,8193647117,,7003,,,,,https://www.golfcanada.ca/golf-facility/bois-francs-club-de-golf-des-en/
,18,"https://www.google.com/maps/place/60042 TWP ROAD 704 A  County of Grande Prairie No.1,AB T8W5K2",,Semi-private,Par 71,,"County of Grande Prairie No.1, AB",,(780) 538-4333,,6450,,,,https://www.thedunes.ca,https://www.golfcanada.ca/golf-facility/the-dunes-golf-winter-club-en/
,18,"https://www.google.com/maps/place/501 Harmony Rd  Corbyville,ON K0K 1V0",,Semi-private,Par 72,,"Corbyville, ON",,(613) 968-2327,,7238,,,,https://www.blackbearridge.ca,https://www.golfcanada.ca/golf-facility/black-bear-ridge-golf-course-en/
,9,"https://www.google.com/maps/place/Box 12  Cut Knife,SK S0M 0N0",,Public,Par 36,,"Cut Knife, SK",,(306) 398-4055,,2824,,,,,https://www.golfcanada.ca/golf-facility/attons-lake-regional-park-golf-club-en/
,36,"https://www.google.com/maps/place/3555 Chemin Martin  Terrebonne,QC J6X 0B2",,Semi-private,,,"Terrebonne, QC",,5144776020,,,,,,,https://www.golfcanada.ca/golf-facility/terrebonne-club-de-golf-en/
,18,"https://www.google.com/maps/place/2649 Shannon Lake Road  West Kelowna,BC V4T 1V6",,Semi-private,Par 70,,"West Kelowna, BC",,(250) 768-4653,,6121,,,,https://www.shannonlakegolf.com,https://www.golfcanada.ca/golf-facility/shannon-lake-golf-club-en/
,18,"https://www.google.com/maps/place/3515 Telegraph Rd  Cobble Hill,BC V0R 1L4",,Semi-private,Par 70,,"Cobble Hill, BC",,(250) 743-5100,,6152,,,,https://www.golfbc.com,https://www.golfcanada.ca/golf-facility/arbutus-ridge-golf-club-en/
,18,"https://www.google.com/maps/place/PO Box 1109  Redcliff,AB T0J 2P0",,Semi-private,Par 71,,"Redcliff, AB",,(403) 548-7118,,6644,,,,https://www.golfriverview.com,https://www.golfcanada.ca/golf-facility/riverview-golf-club-en/
,18,—,,Public,Par 69,,"Lanark, ON",,6132595313,,5298,,,,,https://www.golfcanada.ca/golf-facility/timber-run-golf-cub-event-lodge-en/
18,,,—,,,"Lanark, ON",,Par 69,,,,Public,6132595313,5298,,https://www.golfcanada.ca/fr/golf-facility/timber-run-golf-cub-event-lodge-fr/
,18,"https://www.google.com/maps/place/652 Dunes Dr.  Kamloops,BC V2B 8M8",,Public,Par 72,,"Kamloops, BC",,2505793300,,6944,,,,https://www.golfthedunes.com/course.html,https://www.golfcanada.ca/golf-facility/the-dunes-at-kamloops-en/
,18,"https://www.google.com/maps/place/1197 Beaumaris Rd  Beaumaris,ON P1L 0M8",,Private,Par 66,,"Beaumaris, ON",,7057641116,,5048,,,,,https://www.golfcanada.ca/golf-facility/beaumaris-yacht-club-en/
,36,"https://www.google.com/maps/place/2201 Boulevard Don-Quichotte  Notre-Dame-de-l'Île-Perrot,qC J7V 7P2",,Semi-private,,,"Notre-Dame-de-l'Île-Perrot, qC",,5144252000,,,,,,https://www.golfatlantide.com,https://www.golfcanada.ca/golf-facility/atlantide-club-de-golf-en/
,18,"https://www.google.com/maps/place/#1 Highway 813 & Golf Course Rd  Athabasca,AB T9S 2B7",,Public,Par 72,,"Athabasca, AB",,(780) 675-4599,,7228,,,,https://www.athagolf.com,https://www.golfcanada.ca/golf-facility/athabasca-golf-country-club-en/
,18,"https://www.google.com/maps/place/87 Cloverville Road  Antigonish,NS B2G 2L7",,Public,Par 72,,"Antigonish, NS",,(902) 863-4797,,6665,,,,https://www.antigonishgolfclub.ns.ca,https://www.golfcanada.ca/golf-facility/antigonish-golf-country-club-en/
,18,"https://www.google.com/maps/place/21081 Rue Charles  Mirabel,QC J7J 1P1",,Public,Par 70,,"Mirabel, QC",,(450) 435-9631,,5493,,,,,https://www.golfcanada.ca/golf-facility/st-janvier-club-de-golf-en/
,18,"https://www.google.com/maps/place/PO Box 2278 RPO Banks Centre  Kelowna,BC V1X 4K6",,Public,Par 70,,"Kelowna, BC",,2507657777,,6146,,,,https://www.shadowridgekelowna.com,https://www.golfcanada.ca/golf-facility/shadow-ridge-golf-club-en/
,18,"https://www.google.com/maps/place/1806 Shelter Valley Road  Grafton,ON K0K 2G0",,Public,Par 68,,"Grafton, ON",,905-349-3427,,5527,,,,https://www.sheltervalleypines.com,https://www.golfcanada.ca/golf-facility/shelter-valley-pines-golf-club-en/
,9,"https://www.google.com/maps/place/PO Box 91  Gladstone,MB R0J 0T0",,Public,Par 72,,"Gladstone, MB",,(204) 385-2998,,6102,,,,,https://www.golfcanada.ca/golf-facility/gladstone-golf-country-club-en/
,18,"https://www.google.com/maps/place/1000 Jane Street  Toronto,ON M6N 4E2",,Public,Par 61,,"Toronto, ON",,—,,3537,,,,,https://www.golfcanada.ca/golf-facility/scarlett-woods-golf-club-en/
,18,"https://www.google.com/maps/place/107 Clubhouse Dr. S.W.  Medicine Hat,AB T1B 0A4",,Public,Par 72,,"Medicine Hat, AB",,—,,6835,,,,https://www.desertblume.com,https://www.golfcanada.ca/golf-facility/desert-blume-golf-club-en/
,9,"https://www.google.com/maps/place/2425 Concession Rd 9  Pickering,ON L1Y 1A2",,Public,Par 62,,"Pickering, ON",,905-649-5333,,4074,,,,,https://www.golfcanada.ca/golf-facility/spring-creek-golf-club-en/
,18,L0S 1C0,,Public,Par —,,—,,—,,—,,,,,https://www.golfcanada.ca/golf-facility/riverview-downs-golf-country-club-en/
,18,"https://www.google.com/maps/place/41894 Yale Rd  Chilliwack,BC V2R 4J3",,Semi-private,Par 72,,"Chilliwack, BC",,(604) 823-4544,,6591,,,,https://www.chilliwackgolf.com,https://www.golfcanada.ca/golf-facility/chilliwack-golf-club-en/
,9,"https://www.google.com/maps/place/2045 Ness Avenue  Winnipeg,MB R3J 3X7",,Semi-private,Par 72,,"Winnipeg, MB",,(204) 988-9313,,6167,,,,https://www.golfassiniboine.com,https://www.golfcanada.ca/golf-facility/assiniboine-golf-club-en/
,18,"https://www.google.com/maps/place/2559 Route 115  Irishtown,NB E1H 2M3",,Public,Par 72,,"Irishtown, NB",,(506) 858-7840,,6246,,,,https://www.maplewoodgolf.ca,https://www.golfcanada.ca/golf-facility/maplewood-golf-country-club-en/
,9,"https://www.google.com/maps/place/Box 307  Maidstone,SK S0M 1M0",,Public,Par 72,,"Maidstone, SK",,3068932831,,6326,,,,https://www.saskregionalparks.ca/showPark.php?id=silverlake,https://www.golfcanada.ca/golf-facility/silver-lake-regional-park-golf-club-en/
,9,"https://www.google.com/maps/place/RR # 2  Regina,SK S4P 2Z2",,Public,Par 64,,"Regina, SK",,(306) 543-8842,,4454,,,,,https://www.golfcanada.ca/golf-facility/sherwood-forest-country-club-en/
,18,"https://www.google.com/maps/place/Box 147  Kyle,SK S0L 1T0",,Public,Par 71,,"Kyle, SK",,3063752233,,6600,,,,https://www.sasklandinggolfresort.com,https://www.golfcanada.ca/golf-facility/sask-landing-golf-resort-en/
,18,"https://www.google.com/maps/place/629 Goldstream Avenue 629 Goldstream Avenue Victoria,BC V9B 2W9",,Private,Par 70,,"Victoria, BC",,(250) 478-8331,,6721,,,,https://www.royalcolwood.org,https://www.golfcanada.ca/golf-facility/royal-colwood-golf-club-en/
,18,"https://www.google.com/maps/place/2856 Scotchline Road  Perth,ON K7H 3C5",,Public,Par 72,,"Perth, ON",,—,,6616,,,,,https://www.golfcanada.ca/golf-facility/mapleview-golf-and-country-club-en/
,12,"https://www.google.com/maps/place/2089 Bruce County Road 17, RR#  Port Elgin,ON N0H 2C7",,Public,Par 74,,"Port Elgin, ON",,(519) 832-4653,,6466,,,,,https://www.golfcanada.ca/golf-facility/the-club-at-westlinks-en/
,18,"https://www.google.com/maps/place/363 Maple Avenue West  Georgetown,ON L7G 4S5",,Private,Par 72,,"Georgetown, ON",,(905) 877-5236,,6545,,,,https://www.northhaltongolf.com,https://www.golfcanada.ca/golf-facility/the-club-at-north-halton-en/
,18,"https://www.google.com/maps/place/61 Hamilton Dr  Calgary,AB T3R 1A2",,Semi-private,Par 71,,"Calgary, AB",,(403)239-7444,,6790,,,,https://www.golfbearspaw.com,https://www.golfcanada.ca/golf-facility/bearspaw-golf-club-en/
,9,"https://www.google.com/maps/place/Box 1224  Assiniboia,SK S0H 0B0",,Public,Par 72,,"Assiniboia, SK",,(306) 642-5442,,5596,,,,,https://www.golfcanada.ca/golf-facility/assiniboia-regional-park-golf-course-en/
,18,"https://www.google.com/maps/place/PO Box 348  Summerland,BC V0H 1Z0",,Semi-private,Par 72,,"Summerland, BC",,(250) 494-9554,,6656,,,,https://www.summerlandgolf.com,https://www.golfcanada.ca/golf-facility/summerland-golf-country-club-en/
,9,"https://www.google.com/maps/place/208 - 1st Ave S, Box 298  Milk River,AB T0K 1M0",,Public,Par 72,,"Milk River, AB",,(403) 647-2502,,5594,,,,https://www.edmonton.ca,https://www.golfcanada.ca/golf-facility/riverside-community-golf-club-en/
,18,"https://www.google.com/maps/place/5101 Highway #4  Ben Eoin,NS B1E 1H4",,Public,Par 72,,"Ben Eoin, NS",,—,,6904,,,,https://www.thelakesgolfclub.ca,https://www.golfcanada.ca/golf-facility/the-lakes-resort-en/
,18,"https://www.google.com/maps/place/140 Chemin Saint-François  Saint-Césaire,QC J0L 1T0",,Public,Par 72,,"Saint-Césaire, QC",,(450) 469-4887,,6526,,,,https://www.saint-cesaire.qc.ca,https://www.golfcanada.ca/golf-facility/st-cesaire-club-de-golf-en/
,18,"https://www.google.com/maps/place/1240 Mapleglade Drive S.E.  Calgary,AB T2P 2M5",,Public,Par 71,,"Calgary, AB",,(403) 974-1825,,6494,,,,https://www.members.shaw.ca,https://www.golfcanada.ca/golf-facility/maple-ridge-golf-club-en-3/
,18,"https://www.google.com/maps/place/330 Rivershore Drive  Kamloops,BC V2H 1S1",,Public,Par 72,,"Kamloops, BC",,(250) 573-4211,,7002,,,,https://rivershoregolflinks.com,https://www.golfcanada.ca/golf-facility/rivershore-golf-links-en/
,9,"https://www.google.com/maps/place/376 Parkwood Dr. 376 Parkwood Dr. Hubbards,NS B0J 1T0",,Public,Par 70,,"Hubbards, NS",,902-857-1333,,6286,,,,,https://www.golfcanada.ca/golf-facility/aspotogan-ridge-golf-course-en/
,18,"https://www.google.com/maps/place/4555 Leno Rd  Prince George,BC V2N 6E3",,Public,Par 68,,"Prince George, BC",,(250) 963-9650,,5763,,,,https://www.aspengrovegolf.com,https://www.golfcanada.ca/golf-facility/aspen-grove-golf-course-en/
18,,,"https://www.google.com/maps/place/4555 Leno Rd  Prince George,BC V2N 6E3",,,"Prince George, BC",,Par 68,,https://www.aspengrovegolf.com,,Public,(250) 963-9650,5763,,https://www.golfcanada.ca/fr/golf-facility/aspen-grove-golf-course-fr/
,36,"https://www.google.com/maps/place/222111 Range Road 274  Rocky View,AB T0J 0V0",,Public,,,"Rocky View, AB",,—,,,,,,,https://www.golfcanada.ca/golf-facility/serenity-golf-club-en/
36,,,"https://www.google.com/maps/place/222111 Range Road 274  Rocky View,AB T0J 0V0",,,"Rocky View, AB",,,,,,Public,—,,,https://www.golfcanada.ca/fr/golf-facility/serenity-golf-club-fr/
,9,"https://www.google.com/maps/place/21 Chemin du Golf  Sainte-Agathe-des-Monts,QC J8C 2Z7",,Public,Par 68,,"Sainte-Agathe-des-Monts, QC",,(819) 326-3022,,5376,,,,,https://www.golfcanada.ca/golf-facility/sainte-agathe-club-de-golf-en/
18,,,"https://www.google.com/maps/place/2770 Highway 321 (Valley Road) PO Box 910 River Philip , NS,NS B0M 1V0",,,"River Philip , NS, NS",,Par 72,,https://springhillgolfclub.ca,,Public,(902) 686-3870,6040,,https://www.golfcanada.ca/fr/golf-facility/springhill-centennial-golf-club-fr/
,18,"https://www.google.com/maps/place/2770 Highway 321 (Valley Road) PO Box 910 River Philip , NS,NS B0M 1V0",,Public,Par 72,,"River Philip , NS, NS",,(902) 686-3870,,6040,,,,https://springhillgolfclub.ca,https://www.golfcanada.ca/golf-facility/springhill-centennial-golf-club-en/
,18,"https://www.google.com/maps/place/Po Box 142  Riverhurst,SK S0H 3P0",,Public,Par 72,,"Riverhurst, SK",,(306) 353-2065,,5996,,,,https://www.sageviewgolf.com,https://www.golfcanada.ca/golf-facility/sage-view-golf-club-en/
,18,"https://www.google.com/maps/place/3000 Snow Eagle Drive  Fort McMurray,AB T9H 0J7",,Public,Par 71,,"Fort McMurray, AB",,780-743-9377,,6918,,,,https://rotarylinksgolf.com,https://www.golfcanada.ca/golf-facility/rotary-links-wood-buffalo-en/
18,,,"https://www.google.com/maps/place/1200 Sandy Somerville Drive  London,ON N6K 5R2",,,"London, ON",,Par 72,,,,Privé,(519) 657-7075,6735,,https://www.golfcanada.ca/fr/golf-facility/riverbend-golf-community-fr/
,18,"https://www.google.com/maps/place/1200 Sandy Somerville Drive  London,ON N6K 5R2",,Private,Par 72,,"London, ON",,(519) 657-7075,,6735,,,,,https://www.golfcanada.ca/golf-facility/riverbend-golf-community-en/
,9,"https://www.google.com/maps/place/20818 Golf Lane  Maple Ridge,BC V2X 1M2",,Public,Par 66,,"Maple Ridge, BC",,(604) 465-9221,,5077,,,,,https://www.golfcanada.ca/golf-facility/maple-ridge-golf-club-en-2/
,18,R0E 2A0,,Public,Par —,,—,,—,,—,,,,,https://www.golfcanada.ca/golf-facility/beaches-golf-course-en/
,18,"https://www.google.com/maps/place/14134 Riverside Dr E  Windsor,ON N8N 1B6",,Private,Par 72,,"Windsor, ON",,(519) 979-8090,,6714,,,,,https://www.golfcanada.ca/golf-facility/beach-grove-golf-country-club-en/
,18,"https://www.google.com/maps/place/60 Chemin du Golf 60 Chemin du Golf Arundel,QC J0T 1A0",,Public,Par 72,,"Arundel, QC",,(819) 687-8383,,6438,,,,,https://www.golfcanada.ca/golf-facility/arundel-golf-country-club-en/
,18,"https://www.google.com/maps/place/P.O. Box 587  St. Thomas,ON N5P 4B1",,Private,Par 72,,"St. Thomas, ON",,(519) 631-4800,,6782,,,,,https://www.golfcanada.ca/golf-facility/st-thomas-golf-country-club-ltd-en/
,18,"https://www.google.com/maps/place/11101 Dufferin Street  Maple, Ontario,ON L6A 1S2",,Private,Par 72,,"Maple, Ontario, ON",,(905) 832-0880,,6581,,,,https://www.mapledowns.com,https://www.golfcanada.ca/golf-facility/maple-downs-golf-country-club-en/
,27,"https://www.google.com/maps/place/PO Box 3189  Prince Albert,ON L9C 1V1",,Public,,,"Prince Albert, ON",,—,,,,,,https://www.sunnybraegolfcourse.com,https://www.golfcanada.ca/golf-facility/sunnybrae-golf-course-en/
,18,"https://www.google.com/maps/place/23113 PR 213  Springfield,MB R5R 0B5",,Private,Par 71,,"Springfield, MB",,(204) 224-2244,,6832,,,,https://www.elmhurst.cc/main.html,https://www.golfcanada.ca/golf-facility/elmhurst-golf-country-club-en/
,18,"https://www.google.com/maps/place/General Delivery  Fallis,AB T0E 0V0",,Public,Par —,,"Fallis, AB",,(780) 797-2683,,6261,,,,,https://www.golfcanada.ca/golf-facility/silver-sands-golf-and-country-club-en/
,9,"https://www.google.com/maps/place/PO Box 548  Russell,MB R0J 1W0",,Public,Par 72,,"Russell, MB",,(204) 773-2969,,6428,,,,,https://www.golfcanada.ca/golf-facility/russell-golf-club-en/
,18,"https://www.google.com/maps/place/25 Fairway Heights Dr  Thornhill,ON L3T 3X1",,Private,Par 71,,"Thornhill, ON",,(905)889-4833,,6942,,,,https://www.bayviewclub.com,https://www.golfcanada.ca/golf-facility/bayview-golf-country-club-en/
,18,"https://www.google.com/maps/place/3814 Yonge Street  Vineland,ON L0R 2C0",,Semi-private,Par 72,,"Vineland, ON",,(905) 562-5641,,6721,,,,https://twentyvalley.com,https://www.golfcanada.ca/golf-facility/twenty-valley-golf-country-club-inc-en/
18,,,"https://www.google.com/maps/place/3814 Yonge Street  Vineland,ON L0R 2C0",,,"Vineland, ON",,Par 72,,https://twentyvalley.com,,Semi-privé,(905) 562-5641,6721,,https://www.golfcanada.ca/fr/golf-facility/twenty-valley-golf-country-club-inc-fr/
,11,"https://www.google.com/maps/place/PO Box 1013  Rosetown,SK S0L 2V0",,Public,Par 67,,"Rosetown, SK",,(306) 882-3001,,5182,,,,,https://www.golfcanada.ca/golf-facility/rosetown-golf-country-club-en/
,18,"https://www.google.com/maps/place/541 Route 628 Highway  Durham Bridge,NB E6C 1J9",,Public,Par 71,,"Durham Bridge, NB",,(506) 472-5626,,6238,,,,,https://www.golfcanada.ca/golf-facility/riverbend-golf-fishing-club-en/
18,,,"https://www.google.com/maps/place/541 Route 628 Highway  Durham Bridge,NB E6C 1J9",,,"Durham Bridge, NB",,Par 71,,,,Public,(506) 472-5626,6238,,https://www.golfcanada.ca/fr/golf-facility/riverbend-golf-fishing-club-fr/
,9,"https://www.google.com/maps/place/PO Box 1004  Three Hills,AB T0M 2A0",,Public,Par 72,,"Three Hills, AB",,(403) 443-5065,,6314,,,,https://www.threehillsgolfclub.com,https://www.golfcanada.ca/golf-facility/three-hills-golf-club-en/
,18,"https://www.google.com/maps/place/2250 Fowler Rd  Qualicum Beach,BC V9K 2A5",,Public,Par 61,,"Qualicum Beach, BC",,(250) 752-9727,,3724,,,,https://www.golfarrowsmith.com,https://www.golfcanada.ca/golf-facility/arrowsmith-golf-and-country-club-en/
,9,"https://www.google.com/maps/place/PO Box 1918  Maple Creek,SK S0N 1N0",,Public,Par 72,,"Maple Creek, SK",,(306) 662-2886,,6568,,,,https://www.golfmaplecreek.com,https://www.golfcanada.ca/golf-facility/maple-creek-golf-club-en/
,27,"https://www.google.com/maps/place/100 Country Club Boulevard  Winnipeg,MB R3K 1Z3",,Private,,,"Winnipeg, MB",,(204) 888-8229,,,,,,,https://www.golfcanada.ca/golf-facility/st-charles-country-club-en/
,27,"https://www.google.com/maps/place/PO Box 218  Vernon,BC V1T 6M2",,Public,,,"Vernon, BC",,2505455711,,,,,,https://www.spallumcheengolf.com,https://www.golfcanada.ca/golf-facility/spallumcheen-golf-country-club-en/
27,,,"https://www.google.com/maps/place/PO Box 218  Vernon,BC V1T 6M2",,,"Vernon, BC",,,,https://www.spallumcheengolf.com,,Public,2505455711,,,https://www.golfcanada.ca/fr/golf-facility/spallumcheen-golf-country-club-fr/
,18,N8A 4M8,,Public,Par —,,—,,—,,—,,,,,https://www.golfcanada.ca/golf-facility/baldoon-golf-club-en/
,18,"https://www.google.com/maps/place/Box 493  Gull Lake,SK S0N 2X0",,Public,Par —,,"Gull Lake, SK",,—,,—,,,,,https://www.golfcanada.ca/golf-facility/antelope-lake-regional-park-golf-course-en/
,36,"https://www.google.com/maps/place/16651 Rannie Rd.  Pitt Meadows,BC V3Y 1Z1",,Semi-private,,,"Pitt Meadows, BC",,6044659380,,,,,,https://www.swaneset.com,https://www.golfcanada.ca/golf-facility/swaneset-bay-resort-country-club-en/
,18,"https://www.google.com/maps/place/856 Sawmill Road  Fenwick,ON L0S 1C0",,Semi-private,Par 71,,"Fenwick, ON",,—,,6541,,,,,https://www.golfcanada.ca/golf-facility/sawmill-golf-course-en/
,36,"https://www.google.com/maps/place/1000 de Lotbinière  Vaudreuil-Dorion,QC J7V 0H5",,Private,,,"Vaudreuil-Dorion, QC",,450-455-0921,,,,,,https://www.summerlea.com,https://www.golfcanada.ca/golf-facility/summerlea-golf-club-en/
,36,"https://www.google.com/maps/place/10080 Kennedy Rd  Markham,ON L6C 1N9",,Semi-private,,,"Markham, ON",,(905) 887-5157,,,,,,https://www.angusglen.com,https://www.golfcanada.ca/golf-facility/angus-glen-golf-club-en/
36,,,"https://www.google.com/maps/place/10080 Kennedy Rd  Markham,ON L6C 1N9",,,"Markham, ON",,,,https://www.angusglen.com,,Semi-privé,(905) 887-5157,,,https://www.golfcanada.ca/fr/golf-facility/angus-glen-golf-club-fr/
,27,"https://www.google.com/maps/place/4175 Anderson Road  Ottawa,ON K0A 1K0",,Public,,,"Ottawa, ON",,(613) 822-9644,,,,,,,https://www.golfcanada.ca/golf-facility/anderson-links-golf-country-club-en/
,18,"https://www.google.com/maps/place/30446 Hwy 48  Pefferlaw,ON L0E 1N0",,Public,Par 70,,"Pefferlaw, ON",,(705) 437-1669,,6007,,,,https://www.pinesofgeorgina.com,https://www.golfcanada.ca/golf-facility/the-pines-of-georgina-en/
,18,"https://www.google.com/maps/place/Box 53  Teulon,MB R0C 3B0",,Public,Par 72,,"Teulon, MB",,2048864653,,6441,,,,https://teulongc.ca,https://www.golfcanada.ca/golf-facility/teulon-golf-country-club-en/
,18,"https://www.google.com/maps/place/575 Black Mountain Dr  Kelowna,BC V1P 1P7",,Semi-private,Par 71,,"Kelowna, BC",,—,,6394,,,,https://www.blackmountain.ca,https://www.golfcanada.ca/golf-facility/black-mountain-golf-club-en/
,18,"https://www.google.com/maps/place/7700 - 168th St.  Surrey,BC V4N 0E1",,Public,,,"Surrey, BC",,6045768224,,,,,,https://www.surreygolf.com,https://www.golfcanada.ca/golf-facility/surrey-golf-club-en/
,18,"https://www.google.com/maps/place/1700 Rue de Bretagne  Baie-Comeau,QC G5C 3S3",,Public,Par 71,,"Baie-Comeau, QC",,(418) 295-1819,,6513,,,,https://www.golfbaiecomeau.ca,https://www.golfcanada.ca/golf-facility/baie-comeau-club-de-golf-en/
,9,"https://www.google.com/maps/place/2655 Musketeer Road East  Southport,MB R0H 1N1",,Public,Par 72,,"Southport, MB",,(204) 428-3174,,6375,,,,,https://www.golfcanada.ca/golf-facility/southport-golf-club-en/
,18,"https://www.google.com/maps/place/540 Marsett Pl.  Victoria,BC V8Z 5M1",,Public,Par 64,,"Victoria, BC",,(250) 658-4330,,3830,,,,,https://www.golfcanada.ca/golf-facility/royal-oak-golf-club-en/
,18,"https://www.google.com/maps/place/Box 283  Rocanville,SK S0A 3L0",,Public,Par —,,"Rocanville, SK",,(306) 645-2640,,—,,,,,https://www.golfcanada.ca/golf-facility/rocanville-golf-club-en/
,18,L1C 3K5,,Public,Par —,,—,,—,,—,,,,,https://www.golfcanada.ca/golf-facility/ayren-links-golf-club-en/
,9,"https://www.google.com/maps/place/40374 Kirkton Rd  Centralia,ON N0M 1K0",,Semi-private,Par 72,,"Centralia, ON",,1-888-833-8787,,5942,,,,,https://www.golfcanada.ca/golf-facility/exeter-golf-club-en/
18,,,L1C 3K5,,,—,,Par —,,,,Public,—,—,,https://www.golfcanada.ca/fr/golf-facility/ayren-links-golf-club-fr/
,9,"https://www.google.com/maps/place/54 Springbrook Dr  Stittsville,ON K2S 1B9",,Semi-private,Par 66,,"Stittsville, ON",,(613) 836-2581,,4734,,,,https://www.amberwood.ca,https://www.golfcanada.ca/golf-facility/amberwood-village-golf-country-club-en/
,18,"https://www.google.com/maps/place/1025 Sprucewood Ave  Windsor,ON N9J 3Z1",,Public,Par 71,,"Windsor, ON",,(519) 966-2425,,6986,,,,https://www.ambassadorgolfclub.com,https://www.golfcanada.ca/golf-facility/ambassador-golf-club-en/
,9,"https://www.google.com/maps/place/350 Sandy Beach Road  Dryden,ON P8N 0A2",,Public,Par 72,,"Dryden, ON",,(807)223-3433,,6696,,,,,https://www.golfcanada.ca/golf-facility/sandy-beach-golf-club-en/
,18,"https://www.google.com/maps/place/2481 Birchmount Road  Agincourt,ON M1T 2M6",,Public,Par 72,,"Agincourt, ON",,—,,5813,,,,,https://www.golfcanada.ca/golf-facility/tam-o-shanter-golf-club-en/
,18,"https://www.google.com/maps/place/Box 432  Magrath,AB T0K 1J0",,Public,Par 72,,"Magrath, AB",,(403) 758-3054,,6632,,,,https://www.magrathgolf.com,https://www.golfcanada.ca/golf-facility/magrath-golf-club-en/
,18,"https://www.google.com/maps/place/2000 - 8th Ave  Canmore,AB T1W 1Y2",,Semi-private,Par 71,,"Canmore, AB",,(403) 678-5959,,6460,,,,https://www.canmoregolf.net,https://www.golfcanada.ca/golf-facility/canmore-golf-curling-club-en/
,18,"https://www.google.com/maps/place/1106 Johnston Rd  Dryden,ON P8N 2Y5",,Public,Par 70,,"Dryden, ON",,—,,6160,,,,,https://www.golfcanada.ca/golf-facility/andersons-homestead-golf-course-en/
,18,"https://www.google.com/maps/place/148 Picadilly Rd  Picadilly,NB E4E 5H8",,Public,Par 72,,"Picadilly, NB",,(506) 433-9040,,6593,,,,https://www.sussexgolfandcurlingclub.ca,https://www.golfcanada.ca/golf-facility/sussex-golf-curling-club-en/
,9,"https://www.google.com/maps/place/14005 Redfield Drive  Acme,AB T0M 0A0",,Public,Par 72,,"Acme, AB",,(403) 546-4020,,6074,,,,https://www.acmegolfclub.com,https://www.golfcanada.ca/golf-facility/acme-golf-club-en/
,18,"https://www.google.com/maps/place/5291 North Island Hwy.  Courtenay,BC V9J 1S7",,Public,Par 71,,"Courtenay, BC",,(250) 334-3060,,5908,,,,,https://www.golfcanada.ca/golf-facility/sunnydale-golf-country-club-en/
,18,"https://www.google.com/maps/place/RR #5 Concession 8 #1900  Claremont,ON L1Y 1A2",,Public,Par 67,,"Claremont, ON",,(905) 649-2436,,5127,,,,https://www.2golf.ca,https://www.golfcanada.ca/golf-facility/4-seasons-country-club-en/
,18,"https://www.google.com/maps/place/PO Box 862  Snow Lake,MB R0B 1M0",,Public,Par —,,"Snow Lake, MB",,(204) 358-2744,,—,,,,,https://www.golfcanada.ca/golf-facility/snow-lake-golf-club-en/
,18,"https://www.google.com/maps/place/925 Watt Street  Winnipeg,MB R2K 2T4",,Semi-private,Par 70,,"Winnipeg, MB",,(204) 988-1535,,6452,,,,https://www.rossmere.ca,https://www.golfcanada.ca/golf-facility/rossmere-country-club-en/
,9,"https://www.google.com/maps/place/15 Laurier Dr  Morrisburg,ON K0C 1X0",,Public,Par 70,,"Morrisburg, ON",,—,,5435,,,,,https://www.golfcanada.ca/golf-facility/morrisburg-golf-club-en/
,18,"https://www.google.com/maps/place/1 Boul de Fontainebleau  Blainville,QC J7B 1L4",,Private,Par 72,,"Blainville, QC",,(450) 434-7569,,7027,,,,https://www.clublink.ca,https://www.golfcanada.ca/golf-facility/rosemere-fontainebleau-club-de-golf-en/
,18,"https://www.google.com/maps/place/19113 Cure Rd, Box 138  St. Pierre-Jolys,MB R0A 1V0",,Public,Par 70,,"St. Pierre-Jolys, MB",,(204)433-3344,,5743,,,,https://www.maplewood.golf,https://www.golfcanada.ca/golf-facility/maplewood-golf-club-en/
,18,"https://www.google.com/maps/place/PO Box 1714  Kamsack,SK S0A 1S0",,Public,Par 69,,"Kamsack, SK",,(306) 542-3485,,5548,,,,,https://www.golfcanada.ca/golf-facility/madge-lake-golf-course-en/
,18,"https://www.google.com/maps/place/566 Silver Lake Rd  Sudbury,ON P3E 4M9",,Public,Par —,,"Sudbury, ON",,705-523-2518,,—,,,,,https://www.golfcanada.ca/golf-facility/stonehill-golf-club-en/
,18,"https://www.google.com/maps/place/2019 Montée Sainte-Thérèse  Saint-Jérôme,QC J5L 2L2",,Public,Par 71,,"Saint-Jérôme, QC",,(450) 436-2335,,5930,,,,https://www.golfstjerome.com,https://www.golfcanada.ca/golf-facility/st-jerome-golf-club-en/
,18,"https://www.google.com/maps/place/700 Petersen Rd,  Campbell River,BC V9W 3H7",,Semi-private,Par 71,,"Campbell River, BC",,(250)287-4970,,6299,,,,https://www.crgolf.ca,https://www.golfcanada.ca/golf-facility/campbell-river-golf-club-en/
,18,"https://www.google.com/maps/place/487 John Black Rd.  Amherst,NS B4H 3Y3",,Semi-private,Par 71,,"Amherst, NS",,(902) 667-8730,,6379,,,,https://www.amherstgolfclub.com,https://www.golfcanada.ca/golf-facility/amherst-golf-club-en/
,18,"https://www.google.com/maps/place/1425 Rang Saint Étienne N  Sainte-Marie,QC G6E 3M6",,Semi-private,Par 72,,"Sainte-Marie, QC",,418-387-4429,,6280,,,,https://www.golfdebeauce.com,https://www.golfcanada.ca/golf-facility/sainte-marie-club-de-golf-en/
,18,"https://www.google.com/maps/place/Box 37  Rolling Hills,AB T0J 2S0",,Public,Par —,,"Rolling Hills, AB",,(403) 964-2380,,—,,,,,https://www.golfcanada.ca/golf-facility/rolling-hills-golf-and-country-club-en/
,9,"https://www.google.com/maps/place/25 Golf Course Rd,  Gore Bay,ON P0P 1H0",,Public,Par 72,,"Gore Bay, ON",,705-282-2282,,6034,,,,,https://www.golfcanada.ca/golf-facility/manitoulin-golf-en/
,18,"https://www.google.com/maps/place/1280 Alpine Rd.  Sun Peaks,BC V0E 5N0",,Public,Par 72,,"Sun Peaks, BC",,(250) 578-5431,,6321,,,,https://www.sunpeaksresort.com,https://www.golfcanada.ca/golf-facility/sun-peaks-golf-resort-en/
,9,"https://www.google.com/maps/place/3445 Mabel Lake Rd  Enderby,BC V0E 1V5",,Public,Par 72,,"Enderby, BC",,(250) 838-0881,,6206,,,,,https://www.golfcanada.ca/golf-facility/mabel-lake-golf-country-club-en/
,36,"https://www.google.com/maps/place/1160 South Branch Road  Cornwall,ON K6H 5R6",,Public,,,"Cornwall, ON",,—,,,,,,https://www.summerheightsgolf.com,https://www.golfcanada.ca/golf-facility/summerheights-golf-links-en/
,18,"https://www.google.com/maps/place/PO Box 476  Deloraine,MB R0M 0M0",,Public,Par 71,,"Deloraine, MB",,(204) 747-2411,,6390,,,,,https://www.golfcanada.ca/golf-facility/deloraine-golf-country-club-en/
,18,"https://www.google.com/maps/place/1346 Clyde Road, 1346 Clyde Road, Cambridge,ON N1R 5S7",,Semi-private,Par 72,,"Cambridge, ON",,(519) 621-5491,,6267,,,,https://cambridgegolfclub.com,https://www.golfcanada.ca/golf-facility/cambridge-golf-club-ltd-en/
,18,"https://www.google.com/maps/place/9767 Port Franks Road  Lambton Shores,ON N0M 2N0",,Semi-private,Par 71,,"Lambton Shores, ON",,1-888-833-8787,,5407,,,,,https://www.golfcanada.ca/golf-facility/sand-hills-golf-resort-en/
,18,"https://www.google.com/maps/place/1045 Penetanguishene Rd  Barrie,ON L4M 4Y8",,Public,Par 72,,"Barrie, ON",,—,,5880,,,,,https://www.golfcanada.ca/golf-facility/simoro-golf-links-en/
,18,R0J 1V0,,Public,Par 68,,"Rossburn, MB",,—,,5250,,,,,https://www.golfcanada.ca/golf-facility/rossman-lake-golf-course-country-club-en/
,9,"https://www.google.com/maps/place/PO Box 489  Shaunavon,SK S0N 2M0",,Public,Par 72,,"Shaunavon, SK",,(306) 297-6366,,6108,,,,,https://www.golfcanada.ca/golf-facility/rock-creek-golf-country-club-inc-en/
,9,"https://www.google.com/maps/place/301 Rue de l'Harricana  Malartic,QC J0Y 1Z0",,Public,Par 72,,"Malartic, QC",,(819) 757-3661,,6352,,,,,https://www.golfcanada.ca/golf-facility/malartic-club-de-golf-en/
,18,"https://www.google.com/maps/place/25114 Sturgeon Road  St. Albert,AB T8T 1S6",,Semi-private,Par 72,,"St. Albert, AB",,(780) 973-6705,,6714,,,,https://www.sturgeonvalleygolfclub.com,https://www.golfcanada.ca/golf-facility/sturgeon-valley-golf-country-club-en/
,18,"https://www.google.com/maps/place/320 Rue Jacques-Cartier S  Saint-Jean-sur-Richelieu,QC J3B 4J7",,Semi-private,Par 71,,"Saint-Jean-sur-Richelieu, QC",,(450) 346-6418,,6487,,,,https://www.golfstjean.ca,https://www.golfcanada.ca/golf-facility/st-jean-club-de-golf-en/
,18,"https://www.google.com/maps/place/Box 548  Sexsmith,AB T0H 3C0",,Public,Par —,,"Sexsmith, AB",,(403) 568-4097,,—,,,,,https://www.golfcanada.ca/golf-facility/spruce-meadows-golf-club-en/
,18,"https://www.google.com/maps/place/580, Chemin du Golf  Louiseville,QC J5V 2L6",,Public,Par 71,,"Louiseville, QC",,(819) 228-3951,,6279,,,,https://www.golflouiseville.com,https://www.golfcanada.ca/golf-facility/louiseville-club-de-golf-de-links-oloup-en/
,9,"https://www.google.com/maps/place/16 Mcelligott Dr  Deep River,ON K0J 1P0",,Semi-private,Par 72,,"Deep River, ON",,(613) 584-3991,,6447,,,,https://www.deeprivergolf.ca,https://www.golfcanada.ca/golf-facility/deep-river-golf-club-en/
,18,"https://www.google.com/maps/place/650 Grande Allée  Mont-Tremblant,QC J8E 2L8",,Public,Par 72,,"Mont-Tremblant, QC",,8194259888,,6935,,,,https://www.clublink.ca/courseoverviewlmfr.html,https://www.golfcanada.ca/golf-facility/maitre-de-mont-tremblant-club-de-golf-le-en/
,18,"https://www.google.com/maps/place/150 Chemin Rivermead  Gatineau,QC J9H 5W6",,Private,Par 72,,"Gatineau, QC",,(819) 778-2000,,6715,,,,https://www.rivermeadgolf.com,https://www.golfcanada.ca/golf-facility/rivermead-club-de-golf-en/
,27,"https://www.google.com/maps/place/1 Niagara On The Green Blvd  Niagara-On-The-Lake,ON L0S 1J0",,Public,,,"Niagara-On-The-Lake, ON",,(905) 685-9501,,,,,,,https://www.golfcanada.ca/golf-facility/royal-niagara-golf-club-en/
,18,"https://www.google.com/maps/place/3705 Bowmanville Ave  Bowmanville,ON L1C 3K2",,Public,Par 65,,"Bowmanville, ON",,—,,3579,,,,,https://www.golfcanada.ca/golf-facility/quarry-lion-golf-resort-en/
,18,"https://www.google.com/maps/place/310 Kinsac Road  Beaver Bank,NS B4G 1C7",,Public,Par 71,,"Beaver Bank, NS",,(902) 865-4653,,6137,,,,https://www.lostcreek.ca,https://www.golfcanada.ca/golf-facility/lost-creek-golf-club-en/
,18,"https://www.google.com/maps/place/PO Box 972 PO Box 972 Nanton,AB T0L 1R0",,Public,Par 71,,"Nanton, AB",,(403) 646-2050,,6195,,,,https://www.nantongolfclub.com,https://www.golfcanada.ca/golf-facility/nanton-golf-club-en/
,36,"https://www.google.com/maps/place/1235 Deerhurst Drive  Huntsville,ON P1H 2E8",,Semi-private,,,"Huntsville, ON",,(705) 789-7878,,,,,,https://www.deerhurstresort.com,https://www.golfcanada.ca/golf-facility/deerhurst-golf-course-en/
,46,"https://www.google.com/maps/place/15933 Central Avenue  Inverness,NS B0E 1N0",,Public,Par 70,,"Inverness, NS",,902-258-4653,,6860,,,,https://cabotlinks.com,https://www.golfcanada.ca/golf-facility/cabot-links-golf-en/
,18,"https://www.google.com/maps/place/2110 Concession #7  Pickering,ON L1Y 1A2",,Private,Par 71,,"Pickering, ON",,(905) 649-5991,,6598,,,,,https://www.golfcanada.ca/golf-facility/cherry-downs-golf-country-club-en/
,9,"https://www.google.com/maps/place/120 Rouge Bank Drive  Markham,ON L3S 4B7",,Public,Par 70,,"Markham, ON",,—,,6016,,,,https://www.markhamgreengolfclub.ca,https://www.golfcanada.ca/golf-facility/markham-green-golf-club-en/
9,,,"https://www.google.com/maps/place/120 Rouge Bank Drive  Markham,ON L3S 4B7",,,"Markham, ON",,Par 70,,https://www.markhamgreengolfclub.ca,,Public,—,6016,,https://www.golfcanada.ca/fr/golf-facility/markham-green-golf-club-fr/
,18,"https://www.google.com/maps/place/PO Box 262  Regina,SK S4P 3A1",,Semi-private,Par 71,,"Regina, SK",,(306) 757-3558,,6444,,,,https://royalregina.com,https://www.golfcanada.ca/golf-facility/royal-regina-golf-club-en/
,18,"https://www.google.com/maps/place/6500, boul. des Forges 6500, boul. des Forges Trois-Rivières,QC G8Y 7E3",,Public,Par 60,,"Trois-Rivières, QC",,—,,3106,,,,https://www.golflesrivieres.ca,https://www.golfcanada.ca/golf-facility/rivieres-club-de-golf-les-en/
,18,"https://www.google.com/maps/place/8080 Nicklaus North Blvd  Whistler,BC V8E1J7",,Public,Par 71,,"Whistler, BC",,(604)938-9898,,6943,,,,https://www.nicklausnorth.com,https://www.golfcanada.ca/golf-facility/nicklaus-north-golf-course-en/
,18,"https://www.google.com/maps/place/PO Box 457  Macklin,SK S0L 2C0",,Public,Par 70,,"Macklin, SK",,(306) 753-2175,,5874,,,,,https://www.golfcanada.ca/golf-facility/macklin-lakeview-golf-club-en/
,9,"https://www.google.com/maps/place/150 Fairway Drive  Lorette,MB R5K 0T9",,Public,Par 72,,"Lorette, MB",,(204) 878-2172,,6556,,,,https://www.LoretteGolf.ca,https://www.golfcanada.ca/golf-facility/lorette-golf-course-en/
,18,"https://www.google.com/maps/place/5136 boul. Chauveau ouest  Québec,QC G2E 1A2",,Public,Par 72,,"Québec, QC",,—,,6288,,,,,https://www.golfcanada.ca/golf-facility/metropolitain-quebec-club-de-golf-en/
,18,"https://www.google.com/maps/place/1206 Cheese Factory Road  Cambridge,ON N1R 5S6",,Public,Par 71,,"Cambridge, ON",,(519) 622-0309,,6213,,,,https://www.savannahgolflinks.ca,https://www.golfcanada.ca/golf-facility/savannah-golf-links-en/
,9,"https://www.google.com/maps/place/PO Box 147  Coronach,SK S0H 0Z0",,Public,Par 72,,"Coronach, SK",,(306) 267-3300,,5870,,,,https://www.coronachgolf.com,https://www.golfcanada.ca/golf-facility/coronach-golf-club-en/
,27,"https://www.google.com/maps/place/8567 ON-93  Midland,ON L4R 4K4",,Semi-private,,,"Midland, ON",,(705) 526-9872,,,,,,,https://www.golfcanada.ca/golf-facility/brooklea-golf-country-club-en/
,18,"https://www.google.com/maps/place/660 Chemin St Charles  Lac-aux-Sables,QC G0X 1M0",,Public,Par 72,,"Lac-aux-Sables, QC",,(418) 289-2644,,5906,,,,,https://www.golfcanada.ca/golf-facility/saint-remi-club-de-golf-le-en/
,27,"https://www.google.com/maps/place/320 Terry Fox Drive  Ottawa,ON K2K 3L1",,Public,Par 72,,"Ottawa, ON",,(613) 271-3370,,7026,,,,https://www.brookstreetresort.com,https://www.golfcanada.ca/golf-facility/marshes-golf-club-the-en/
,9,"https://www.google.com/maps/place/600 Rue Compton E  Waterville,QC J0B 3H0",,Public,Par 70,,"Waterville, QC",,(819) 837-2966,,5782,,,,,https://www.golfcanada.ca/golf-facility/waterville-club-de-golf-en/
,18,"https://www.google.com/maps/place/375 Chemin du Golf  Val-des-Sources,QC J1T 3M7",,Public,Par 72,,"Val-des-Sources, QC",,(819) 879-5266,,6871,,,,,https://www.golfcanada.ca/golf-facility/val-des-sources-club-de-golf-en/
,18,"https://www.google.com/maps/place/#10 Deer Valley Road  Deer Valley,SK S2V 1B6",,Public,Par 72,,"Deer Valley, SK",,(306) 731-1445,,6588,,,,https://www.prairielinksgolf.com,https://www.golfcanada.ca/golf-facility/deer-valley-golf-course-en/
,18,"https://www.google.com/maps/place/990 Ontario Street  Cobourg,ON K9A 3C7",,Semi-private,Par 68,,"Cobourg, ON",,—,,5224,,,,,https://www.golfcanada.ca/golf-facility/the-mill-golf-course-at-cobourg-creek-en/
,18,"https://www.google.com/maps/place/51111 Range Rd 255  Spruce Grove,AB T7Y 1A8",,Private,Par 71,,"Spruce Grove, AB",,(780) 470-4790,,6835,,,,https://www.playblackhawk.com,https://www.golfcanada.ca/golf-facility/blackhawk-golf-club-en/
,18,"https://www.google.com/maps/place/230 Second Ave  Christina Lake,BC V0H 1E0",,Semi-private,Par 72,,"Christina Lake, BC",,(250) 447-9313,,6785,,,,https://www.christinalakegolfclub.com,https://www.golfcanada.ca/golf-facility/christina-lake-golf-club-en/
,9,"https://www.google.com/maps/place/Alex, Dunn Road  Birch Hills,SK S0J 0G0",,Public,Par 68,,"Birch Hills, SK",,(306) 749-2211,,5884,,,,,https://www.golfcanada.ca/golf-facility/birch-hills-golf-club-en/
,18,"https://www.google.com/maps/place/80 Wheatland Trail  Strathmore,AB T1P 1A5",,Public,Par 72,,"Strathmore, AB",,(403) 934-2299,,6785,,,,,https://www.golfcanada.ca/golf-facility/strathmore-golf-club-en/
,18,"https://www.google.com/maps/place/6378 Trafalgar Road  Hornby,ON L0P 1E0",,Public,Par 72,,"Hornby, ON",,(905) 693-9966,,7074,,,,,https://www.golfcanada.ca/golf-facility/royal-ontario-golf-club-en/
,18,"https://www.google.com/maps/place/Po Box 332 90 Golf Course Road Blairmore,AB T0K 0E0",,Public,Par 72,,"Blairmore, AB",,(403) 562-2776,,6659,,,,https://www.crowsnestpassgolf.com,https://www.golfcanada.ca/golf-facility/crowsnest-pass-golf-club-en/
,18,"https://www.google.com/maps/place/1690 Airport Rd  Pemberton,BC V0N 2L3",,Semi-private,Par 72,,"Pemberton, BC",,(604) 894-6106,,7001,,,,https://www.bigskygolf.com,https://www.golfcanada.ca/golf-facility/big-sky-golf-country-club-en/
,18,"https://www.google.com/maps/place/7150 E Road 70 North  Rosser,MB R3C 2E6",,Semi-private,Par 73,,"Rosser, MB",,(204) 632-8834,,6975,,,,https://www.belacres.com,https://www.golfcanada.ca/golf-facility/bel-acres-golf-country-club-en/
,9,"https://www.google.com/maps/place/251 Norfolk Street, P.O. Box 8  Stratford,ON N5A 6W1",,Public,Par 70,,"Stratford, ON",,(519) 271-0214,,6218,,,,,https://www.golfcanada.ca/golf-facility/stratford-municipal-golf-club-en/
,18,"https://www.google.com/maps/place/2226 Southside Road  Grande Pointe,MB R5A 1K1",,Public,Par 63,,"Grande Pointe, MB",,(204) 254-6709,,4696,,,,https://www.southsidegolf.ca,https://www.golfcanada.ca/golf-facility/southside-golf-course-en/
,18,"https://www.google.com/maps/place/2404 Centennial Drive  Blind Bay,BC V0E 1H2",,Semi-private,Par 72,,"Blind Bay, BC",,1-888-833-8787,,6468,,,,https://shuswaplakegolf.com,https://www.golfcanada.ca/golf-facility/shuswap-lake-golf-course-at-blind-bay-en/
,18,"https://www.google.com/maps/place/1171 Kossuth Road, R.R. #21  Cambridge,ON N3H 4R6",,Semi-private,Par 67,,"Cambridge, ON",,1-888-833-8787,,4759,,,,https://www.golfbeaverdale.ca,https://www.golfcanada.ca/golf-facility/beaverdale-golf-club-en/
18,,,"https://www.google.com/maps/place/5133 Springs Boulevard  Tsawwassen,BC V4M 0A6",,,"Tsawwassen, BC",,Par 70,,https://www.tsawwassensprings.ca,,Public,604-948-4653,5439,,https://www.golfcanada.ca/fr/golf-facility/tsawwassen-springs-golf-course-fr/
,18,"https://www.google.com/maps/place/Box 65  Waterton Lakes,AB T0K 2M0",,Public,Par 71,,"Waterton Lakes, AB",,(403) 859-2114,,6120,,,,,https://www.golfcanada.ca/golf-facility/waterton-lakes-golf-course-en/
,18,"https://www.google.com/maps/place/5133 Springs Boulevard  Tsawwassen,BC V4M 0A6",,Public,Par 70,,"Tsawwassen, BC",,604-948-4653,,5439,,,,https://www.tsawwassensprings.ca,https://www.golfcanada.ca/golf-facility/tsawwassen-springs-golf-course-en/
,18,"https://www.google.com/maps/place/12986, Mgr Cooke  Loretteville,QC G2A 3B6",,Public,Par 72,,"Loretteville, QC",,(418) 842-8441,,6471,,,,https://www.golflorette.ca,https://www.golfcanada.ca/golf-facility/lorette-club-de-golf-en/
,18,"https://www.google.com/maps/place/17280 Chemin de la Grande Ligne  Quebec,QC G2N 2G3",,Public,Par 72,,"Quebec, QC",,(418) 841-3000,,6827,,,,,https://www.golfcanada.ca/golf-facility/royal-charbourg-club-de-golf-en/
,18,"https://www.google.com/maps/place/11220 132 Ave  Grande Prairie,AB T8V 6W7",,Public,Par 71,,"Grande Prairie, AB",,(780) 538-3393,,6245,,,,https://www.bearcreekgolfclub.ca,https://www.golfcanada.ca/golf-facility/bear-creek-golf-club-en-2/
,27,"https://www.google.com/maps/place/269 rte 269  St-Gilles,QC G0S 2P0",,Semi-private,,,"St-Gilles, QC",,(418) 888-4821,,,,,,,https://www.golfcanada.ca/golf-facility/lotbiniere-club-de-golf-en/
,9,—,,Public,Par 72,,"Ajax, ON",,—,,6806,,,,,https://www.golfcanada.ca/golf-facility/south-ajax-golf-club-breeze-en/
,18,"https://www.google.com/maps/place/PO Box 279  Belmont,MB R0K 0C0",,Public,Par 69,,"Belmont, MB",,(204) 537-2487,,5925,,,,,https://www.golfcanada.ca/golf-facility/pleasant-valley-golf-club-en/
,9,"https://www.google.com/maps/place/PO Box 478  Loon Lake,SK S0M 1L0",,Public,Par 70,,"Loon Lake, SK",,(306) 387-4900,,6510,,,,,https://www.golfcanada.ca/golf-facility/loon-lake-golf-country-club-en/
,27,"https://www.google.com/maps/place/2300 194 Ave SE  Calgary,AB T2X 0R3",,Semi-private,Par 72,,"Calgary, AB",,—,,7207,,,,https://www.bluedevilgolf.com,https://www.golfcanada.ca/golf-facility/blue-devil-golf-club-en/
,18,"https://www.google.com/maps/place/1000 Rue Musset  Sherbrooke,QC J1J 3X4",,Public,Par 71,,"Sherbrooke, QC",,(819) 569-6534,,6091,,,,https://www.golfsherbrooke.com,https://www.golfcanada.ca/golf-facility/sherbrooke-club-de-golf-en/
,18,"https://www.google.com/maps/place/445 Golf Course Road  Wasaga Beach,ON L9Z 1S5",,Public,Par 71,,"Wasaga Beach, ON",,(705) 429-5600,,5425,,,,,https://www.golfcanada.ca/golf-facility/marlwood-golf-country-club-en/
,18,"https://www.google.com/maps/place/100 Sutherland Avenue PO Box 15 Selkirk,MB R1A 2B1",,Semi-private,Par 71,,"Selkirk, MB",,(204) 482-2052,,6480,,,,https://www.selkirkgolfcourse.com,https://www.golfcanada.ca/golf-facility/selkirk-golf-country-club-en/
,18,"https://www.google.com/maps/place/4680 Thorold Townline Rd  Niagara Falls,ON L2E 6S4",,Semi-private,Par 72,,"Niagara Falls, ON",,(905) 680-4653,,6653,,,,,https://www.golfcanada.ca/golf-facility/beechwood-golf-country-club-en/
,18,"https://www.google.com/maps/place/9851 Old Spallumcheen Road  Sicamous,BC V0E 2V3",,Semi-private,Par 72,,"Sicamous, BC",,1-888-833-8787,,6683,,,,https://www.hydemountain.com,https://www.golfcanada.ca/golf-facility/mara-hills-golf-resort-en/
,18,"https://www.google.com/maps/place/Box 709,209 Tice Road  Fonthill,ON L0S 1E0",,Private,Par 72,,"Fonthill, ON",,(905) 892-2639,,6702,,,,https://www.lookoutpointcc.com,https://www.golfcanada.ca/golf-facility/lookout-point-country-club-ltd-en/
,18,P0L 2B0,,Public,Par —,,—,,—,,—,,,,,https://www.golfcanada.ca/golf-facility/smooth-rock-falls-golf-course-en/
,18,"https://www.google.com/maps/place/PO Box 369  Avonlea,SK S0H 0C0",,Public,Par 71,,"Avonlea, SK",,3068684432,,6482,,,,,https://www.golfcanada.ca/golf-facility/long-creek-golf-country-club-en/
,18,"https://www.google.com/maps/place/7415 Old Highway 2 7415 Old Highway 2 Marysville,ON K0K 2N0",,Public,Par 72,,"Marysville, ON",,(613) 396-2433,,6553,,,,,https://www.golfcanada.ca/golf-facility/briar-fox-golf-club-en/
,18,"https://www.google.com/maps/place/1200 - 26 St. S.W.  Calgary,AB T3C 1K1",,Public,,,"Calgary, AB",,4039741810,,,,,,https://www.calgary.ca/recreation,https://www.golfcanada.ca/golf-facility/shaganappi-point-golf-course-en/
,18,"https://www.google.com/maps/place/Box 25, 1804 Queen Street East  Sault Ste. Marie,ON P6A 5L2",,Semi-private,Par 72,,"Sault Ste. Marie, ON",,(705) 759-5133,,6769,,,,,https://www.golfcanada.ca/golf-facility/sault-ste-marie-golf-club-en/
,18,"https://www.google.com/maps/place/Ranch Road  Exshaw,AB T0L 2C0",,Public,Par 71,,"Exshaw, AB",,—,,5832,,,,,https://www.golfcanada.ca/golf-facility/brewsters-kananaskis-ranch-gc-en/
,18,"https://www.google.com/maps/place/4955 First Line of Erin  Acton,ON L7J 2M2",,Semi-private,Par 68,,"Acton, ON",,1-888-833-8787,,5155,,,,https://www.golfacton.ca,https://www.golfcanada.ca/golf-facility/acton-golf-club-en/
,18,"https://www.google.com/maps/place/1265 Tyandaga Park Dr  Burlington,ON L7P 1N1",,Public,Par 69,,"Burlington, ON",,(905) 336-0006,,5294,,,,,https://www.golfcanada.ca/golf-facility/tyandaga-municipal-golf-club-en/
,18,"https://www.google.com/maps/place/38 Golf Club Rd  Braeside,ON K0A 1G0",,Public,Par 70,,"Braeside, ON",,—,,6159,,,,https://www.arnpriorgolfclub.com,https://www.golfcanada.ca/golf-facility/sand-point-golf-club-en/
,18,S0M 1J0,,Public,Par —,,—,,—,,—,,,,,https://www.golfcanada.ca/golf-facility/blueberry-hill-golf-course-en/
,18,B3T 0G9,,Semi-private,Par 72,,"Timberlea, NS",,—,,6904,,,,,https://www.golfcanada.ca/golf-facility/the-links-at-brunello-en/
,9,"https://www.google.com/maps/place/190 Fairway Road  Woodstock,ON N4T 1W3",,Public,Par 72,,"Woodstock, ON",,—,,5826,,,,https://www.sallycreekgolf.com,https://www.golfcanada.ca/golf-facility/sally-creek-golf-club-en/
,18,"https://www.google.com/maps/place/Rue des Chênes  Beloeil,QC J3G 2K6",,Semi-private,Par 71,,"Beloeil, QC",,(450) 467-0243,,6323,,,,https://www.golfbeloeil.qc.ca,https://www.golfcanada.ca/golf-facility/beloeil-club-de-golf-en/
,9,"https://www.google.com/maps/place/PO Box 730  Wakaw,SK S0K 4P0",,Public,Par 72,,"Wakaw, SK",,(306) 233-5955,,6244,,,,,https://www.golfcanada.ca/golf-facility/wakaw-lake-golf-club-en/
,18,"https://www.google.com/maps/place/9999 99th Ave, PO Box 300  Taylor,BC V0C 2K0",,Public,Par 72,,"Taylor, BC",,(604) 789-3711,,7141,,,,https://www.districtoftaylor.com,https://www.golfcanada.ca/golf-facility/lone-wolf-golf-club-en/
,18,"https://www.google.com/maps/place/551 Highway 15 551 Highway 15 Lombardy,ON K0G 1L0",,Semi-private,Par 71,,"Lombardy, ON",,(613) 257-5181,,6000,,,,https://www.lombardglen.com,https://www.golfcanada.ca/golf-facility/lombard-glen-golf-club-en/
18,,,"https://www.google.com/maps/place/551 Highway 15 551 Highway 15 Lombardy,ON K0G 1L0",,,"Lombardy, ON",,Par 71,,https://www.lombardglen.com,,Semi-privé,(613) 257-5181,6000,,https://www.golfcanada.ca/fr/golf-facility/lombard-glen-golf-club-fr/
,18,"https://www.google.com/maps/place/18 Chemin du Golf  La Sarre,QC J9Z 2X5",,Semi-private,Par 71,,"La Sarre, QC",,819-333-9944,,6141,,,,https://www.golflasarre.com,https://www.golfcanada.ca/golf-facility/beattie-club-de-golf-en/
,18,"https://www.google.com/maps/place/PO Box 430  Strasbourg,SK S0G 4V0",,Public,Par —,,"Strasbourg, SK",,(306) 725-3484,,—,,,,,https://www.golfcanada.ca/golf-facility/strasbourg-golf-club-en/
,18,"https://www.google.com/maps/place/Box 1710  Port Hardy,BC V0N 2P0",,Public,Par 72,,"Port Hardy, BC",,(250) 949-9818,,6268,,,,,https://www.golfcanada.ca/golf-facility/seven-hills-golf-country-club-en/
18,,,"https://www.google.com/maps/place/Box 1710  Port Hardy,BC V0N 2P0",,,"Port Hardy, BC",,Par 72,,,,Public,(250) 949-9818,6268,,https://www.golfcanada.ca/fr/golf-facility/seven-hills-golf-country-club-fr/
,18,"https://www.google.com/maps/place/500 Errol Road West  Sarnia,ON N7V 1X7",,Private,Par 72,,"Sarnia, ON",,(519) 336-2201,,6612,,,,https://www.sgcc.on.ca,https://www.golfcanada.ca/golf-facility/sarnia-golf-curling-club-en/
,18,"https://www.google.com/maps/place/PO Box 28 n/a Grande Cache,AB T0E 0Y0",,Public,Par 70,,"Grande Cache, AB",,(780) 827-5151,,6030,,,,https://www.grandecache.ca,https://www.golfcanada.ca/golf-facility/grande-cache-golf-country-club-en/
,27,"https://www.google.com/maps/place/8545 Simcoe County Rd 56  Utopia,ON L0M 1T0",,Public,,,"Utopia, ON",,—,,,,,,,https://www.golfcanada.ca/golf-facility/bear-creek-golf-club-en/
,18,"https://www.google.com/maps/place/3950 Dundas Street  London,ON N5V 5C6",,Semi-private,Par 71,,"London, ON",,1-888-833-8787,,5771,,,,https://www.mapleridgegolf.com,https://www.golfcanada.ca/golf-facility/maple-ridge-golf-club-en/
,18,"https://www.google.com/maps/place/10845 River Line  Chatham,ON N7M 5J4",,Private,Par 72,,"Chatham, ON",,519-354-4715,,6462,,,,https://www.maplecitycc.com,https://www.golfcanada.ca/golf-facility/maple-city-country-club-en/
,18,"https://www.google.com/maps/place/10 Golf Course Road  Bracebridge,ON P1L 1M6",,Semi-private,Par 72,,"Bracebridge, ON",,(705) 645-4221,,6340,,,,https://southmuskoka.com,https://www.golfcanada.ca/golf-facility/south-muskoka-curling-golf-club-en/
,18,"https://www.google.com/maps/place/1431 Oxford Street, West  London,ON N6H 1W1",,Private,Par 72,,"London, ON",,(519) 471-6430,,7227,,,,,https://www.golfcanada.ca/golf-facility/london-hunt-and-country-club-en/
,18,"https://www.google.com/maps/place/71 Clubhouse Road  Sandy Hook,MB R0C 2W0",,Public,Par 71,,"Sandy Hook, MB",,(204) 389-5466,,6137,,,,,https://www.golfcanada.ca/golf-facility/sandy-hook-golf-club-en/
,18,"https://www.google.com/maps/place/1755 Old Carp Road  Kanata,ON K2K 1X7",,Semi-private,Par 72,,"Kanata, ON",,1-888-833-8787,,6932,,,,https://www.lochmarch.com,https://www.golfcanada.ca/golf-facility/loch-march-golf-country-club-en/
,9,"https://www.google.com/maps/place/Box 418  Nipawin,SK S0E 1E0",,Public,Par 72,,"Nipawin, SK",,—,,6478,,,,https://www.rollingpinesgolf.ca,https://www.golfcanada.ca/golf-facility/rolling-pines-golf-country-resort-en/
,36,"https://www.google.com/maps/place/880 Boulevard de Léry  Lery,QC J6N 1B7",,Public,,,"Lery, QC",,(450) 692-6793,,,,,,,https://www.golfcanada.ca/golf-facility/belle-vue-club-de-golf-en/
,18,"https://www.google.com/maps/place/8630 Rowland Road  Edmonton,AB T6A 3X1",,Public,Par 71,,"Edmonton, AB",,(780) 496-2998,,6242,,,,,https://www.golfcanada.ca/golf-facility/riverside-golf-club-en-2/
,18,P0P 1N0,,Public,Par —,,—,,—,,—,,,,,https://www.golfcanada.ca/golf-facility/assignack-wikwemikong-golf-club-en/
,18,S4X 1Z7,,Public,Par 63,,"Regina, SK",,(307) 777-7600,,4861,,,,https://www.westerngolfmanagement.com,https://www.golfcanada.ca/golf-facility/the-goulet-club-en/
,27,"https://www.google.com/maps/place/1000 QC-116  Acton Vale,QC J0H 1A0",,Public,,,"Acton Vale, QC",,(450) 549-5885,,,,,,,https://www.golfcanada.ca/golf-facility/acton-vale-club-de-golf-boise-valois-en/
,9,"https://www.google.com/maps/place/805 Golf Street  Bathurst,NB E2A 2K9",,Public,Par 72,,"Bathurst, NB",,(506) 544-7888,,6590,,,,https://www.squiregreen.com,https://www.golfcanada.ca/golf-facility/squire-green-golf-club-en/
9,,,"https://www.google.com/maps/place/805 Golf Street  Bathurst,NB E2A 2K9",,,"Bathurst, NB",,Par 72,,https://www.squiregreen.com,,Public,(506) 544-7888,6590,,https://www.golfcanada.ca/fr/golf-facility/squire-green-golf-club-fr/
,18,"https://www.google.com/maps/place/7892 McCowan Rd  Markham,ON L3P 3J3",,Semi-private,Par 58,,"Markham, ON",,9054774653,,3177,,,,,https://www.golfcanada.ca/golf-facility/markham-executive-golf-course-en/
,18,"https://www.google.com/maps/place/4706 54th st  Lloydminster,SK S9V 0Z8",,Public,Par 72,,"Lloydminster, SK",,(306) 825-5494,,7008,,,,https://www.lloydminster.ca,https://www.golfcanada.ca/golf-facility/lloydminster-golf-country-club-en/
,18,"https://www.google.com/maps/place/1010 Clubhouse Dr  Prince George,BC V2K 5R7",,Public,Par 73,,"Prince George, BC",,250-563-8901,,7114,,,,,https://www.golfcanada.ca/golf-facility/aberdeen-glen-golf-course-en/
18,,,"https://www.google.com/maps/place/1010 Clubhouse Dr  Prince George,BC V2K 5R7",,,"Prince George, BC",,Par 73,,,,Public,250-563-8901,7114,,https://www.golfcanada.ca/fr/golf-facility/aberdeen-glen-golf-course-fr/
,18,"https://www.google.com/maps/place/PO Box 149  Victoria,MB R0E 2C0",,Public,Par —,,"Victoria, MB",,(204) 756-2435,,—,,,,,https://www.golfcanada.ca/golf-facility/victoria-beach-golf-club-en/
,9,S9V 1S6,,Public,Par 70,,", SK",,—,,6198,,,,,https://www.golfcanada.ca/golf-facility/sandy-beach-lake-regional-park-golf-club-en/
,18,"https://www.google.com/maps/place/79 Abercrombie Loop 79 Abercrombie Loop New Glasgow,NS B2H5C6",,Semi-private,Par 71,,"New Glasgow, NS",,(902) 752-6120,,6374,,,,https://www.abercrombiegolf.com,https://www.golfcanada.ca/golf-facility/abercrombie-country-club-en/
,18,T0L 2A0,,Semi-private,Par 72,,"Diamond Valley, AB",,—,,6818,,,,,https://www.golfcanada.ca/golf-facility/turner-valley-golf-club-en/
,18,"https://www.google.com/maps/place/PO Box 1205  Thompson,MB R8N 1N9",,Public,Par 74,,"Thompson, MB",,(204) 778-5537,,6642,,,,https://www.thompsongc.ca,https://www.golfcanada.ca/golf-facility/thompson-golf-club-en/
18,,,"https://www.google.com/maps/place/PO Box 1453  Lloydminster,AB S9V 1K4",,,"Lloydminster, AB",,Par 71,,https://www.rollinggreeengolf.ca,,Public,(780) 875-4653,6228,,https://www.golfcanada.ca/fr/golf-facility/rolling-green-fairways-ltd-fr/
,18,"https://www.google.com/maps/place/PO Box 1453  Lloydminster,AB S9V 1K4",,Public,Par 71,,"Lloydminster, AB",,(780) 875-4653,,6228,,,,https://www.rollinggreeengolf.ca,https://www.golfcanada.ca/golf-facility/rolling-green-fairways-ltd-en/
,18,"https://www.google.com/maps/place/PO Box 1122  Watrous,SK S0K 4T0",,Public,Par 72,,"Watrous, SK",,(306) 946-2861,,6056,,,,,https://www.golfcanada.ca/golf-facility/manitou-beach-golf-club-en/
,9,"https://www.google.com/maps/place/367, rue des Pionniers  Tadoussac,QC G0T 2A0",,Public,Par 64,,"Tadoussac, QC",,—,,4209,,,,https://golftadoussac.ca,https://www.golfcanada.ca/golf-facility/tadoussac-club-de-golf-en/
,18,"https://www.google.com/maps/place/1730 Airport Road  Pemberton,BC V0N 2L3",,Public,Par 72,,"Pemberton, BC",,8003904653,,6455,,,,https://www.pembertongolf.com,https://www.golfcanada.ca/golf-facility/sunstone-golf-club-en/
,18,"https://www.google.com/maps/place/3033 Taunton Rd  Bowmanville,ON L1C 3K5",,Public,Par 70,,"Bowmanville, ON",,—,,6606,,,,,https://www.golfcanada.ca/golf-facility/stonehenge-golf-club-en/
18,,,"https://www.google.com/maps/place/3033 Taunton Rd  Bowmanville,ON L1C 3K5",,,"Bowmanville, ON",,Par 70,,,,Public,—,6606,,https://www.golfcanada.ca/fr/golf-facility/stonehenge-golf-club-fr/
,18,"https://www.google.com/maps/place/305 A Sixth Ave  Lively,ON P3Y 1M6",,Public,Par 71,,"Lively, ON",,—,,6059,,,,,https://www.golfcanada.ca/golf-facility/lively-golf-club-en/
,18,"https://www.google.com/maps/place/NW 31 10 19 W  Brandon,MB R7A 5Y3",,Public,Par 70,,"Brandon, MB",,431-432-4653,,5622,,,,,https://www.golfcanada.ca/golf-facility/glen-lea-golf-course-en/
18,,,"https://www.google.com/maps/place/NW 31 10 19 W  Brandon,MB R7A 5Y3",,,"Brandon, MB",,Par 70,,,,Public,431-432-4653,5622,,https://www.golfcanada.ca/fr/golf-facility/glen-lea-golf-course-fr/
,27,"https://www.google.com/maps/place/PO Box 130  Waskesiu,SK S0J 2Y0",,Public,,,"Waskesiu, SK",,3066634653,,,,,,,https://www.golfcanada.ca/golf-facility/elk-ridge-resort-en/
,18,"https://www.google.com/maps/place/720 AVE DALLAIRE  Rouyn-Noranda,QC J9X 4V9",,Public,Par 71,,"Rouyn-Noranda, QC",,(819) 764-4302,,6066,,,,https://www.golfmunicipaldallaire.com,https://www.golfcanada.ca/golf-facility/dallaire-club-de-golf-municipal-en/
,9,"https://www.google.com/maps/place/PO Box 673  Tumbler Ridge,BC V0C 2W0",,Public,Par 72,,"Tumbler Ridge, BC",,(250) 242-3533,,6578,,,,https://www.tumblerridgegolf.com,https://www.golfcanada.ca/golf-facility/tumbler-ridge-golf-country-club-en/
,18,"https://www.google.com/maps/place/2100 Oak Street  Sherwood Park,AB T8A 0V9",,Public,Par 72,,"Sherwood Park, AB",,(780) 467-7373,,6345,,,,https://www.bpgc.ca,https://www.golfcanada.ca/golf-facility/broadmoor-public-golf-course-en/
18,,,"https://www.google.com/maps/place/PO Box 1499 300 Evergreen Drive Nipawin,SK S0E 1E0",,,"Nipawin, SK",,Par 72,,https://www.evergreengolf.ca,,Public,3068624811,6378,,https://www.golfcanada.ca/fr/golf-facility/evergreen-golf-course-fr/
,18,"https://www.google.com/maps/place/967 Montée Dalton  Gatineau,QC J8R 3C5",,Public,Par 71,,"Gatineau, QC",,(819) 669-9797,,6168,,,,https://www.golflesorcier.com,https://www.golfcanada.ca/golf-facility/sorcier-club-de-golf-le-en/
,18,"https://www.google.com/maps/place/PO Box 1499 300 Evergreen Drive Nipawin,SK S0E 1E0",,Public,Par 72,,"Nipawin, SK",,3068624811,,6378,,,,https://www.evergreengolf.ca,https://www.golfcanada.ca/golf-facility/evergreen-golf-course-en/
9,,,"https://www.google.com/maps/place/5225 - 24th Ave. S  Lethbridge,AB TIK 7C2",,,"Lethbridge, AB",,Par 56,,,,Public,403-329-4500,2736,,https://www.golfcanada.ca/fr/golf-facility/evergreen-golf-centre-fr/
,18,"https://www.google.com/maps/place/20071 Thompson Road PO Box 2160 Gimli,MB R0C 1B0",,Public,Par 72,,"Gimli, MB",,(204) 642-8858,,6569,,,,https://www.lakelandgolfmanagement.com,https://www.golfcanada.ca/golf-facility/links-at-the-lake-en/
,18,"https://www.google.com/maps/place/374 Eagles Glenn Blvd  Cavendish,PE C0A 1M0",,Public,Par 72,,"Cavendish, PE",,(902) 963-3600,,6785,,,,https://www.eaglesglenn.com,https://www.golfcanada.ca/golf-facility/eagles-glenn-en/
18,,,"https://www.google.com/maps/place/374 Eagles Glenn Blvd  Cavendish,PE C0A 1M0",,,"Cavendish, PE",,Par 72,,https://www.eaglesglenn.com,,Public,(902) 963-3600,6785,,https://www.golfcanada.ca/fr/golf-facility/eagles-glenn-fr/
,9,"https://www.google.com/maps/place/5225 - 24th Ave. S  Lethbridge,AB TIK 7C2",,Public,Par 56,,"Lethbridge, AB",,403-329-4500,,2736,,,,,https://www.golfcanada.ca/golf-facility/evergreen-golf-centre-en/
,18,"https://www.google.com/maps/place/12 Bushbury Dr  North York,ON M3A 2Z7",,Private,Par 71,,"North York, ON",,(416) 447-5575,,6701,,,,,https://www.golfcanada.ca/golf-facility/donalda-club-en/
,18,"https://www.google.com/maps/place/68 Hawktree Ridge  Ottawa,ON K2J 5N3",,Public,Par 70,,"Ottawa, ON",,6136926093,,6024,,,,https://www.stonebridgegc.com,https://www.golfcanada.ca/golf-facility/stonebridge-golf-club-en/
,18,"https://www.google.com/maps/place/376 D'Arcy Ranch Drive  Okotoks,AB T1S1A5",,Public,Par 72,,"Okotoks, AB",,(403) 938-4455,,6903,,,,https://www.darcyranchgolf.com,https://www.golfcanada.ca/golf-facility/darcy-ranch-golf-club-en/
,18,"https://www.google.com/maps/place/10 River Road  Starbuck,MB R0G 2P0",,Public,Par 72,,"Starbuck, MB",,(204) 735-3000,,7088,,,,,https://www.golfcanada.ca/golf-facility/bridges-golf-course-en/
,18,"https://www.google.com/maps/place/14282 Morris Valley Rd. Box 97  Harrison Mills,BC V0M 1L0",,Public,Par 72,,"Harrison Mills, BC",,(604) 421-9231,,6500,,,,https://www.sandpipergolfclub.com,https://www.golfcanada.ca/golf-facility/sandpiper-golf-club-en/
,9,L7C 2S7,,Public,Par —,,—,,—,,—,,,,,https://www.golfcanada.ca/golf-facility/mayfield-golf-club-en/
,12,"https://www.google.com/maps/place/Box 27  Yorkton,SK S3N 2V6",,Public,Par 71,,"Yorkton, SK",,(306) 783-8424,,5886,,,,,https://www.golfcanada.ca/golf-facility/york-lake-golf-country-club-en/
,18,"https://www.google.com/maps/place/Highway 41  Vermilion,AB T0B 4M0",,Public,Par 70,,"Vermilion, AB",,4038534444,,5805,,,,,https://www.golfcanada.ca/golf-facility/vermilion-golf-and-country-club-en/
,18,"https://www.google.com/maps/place/14780 Leslie Street  Aurora,ON L4G 7C3",,Private,Par 72,,"Aurora, ON",,(905) 726-7654,,7307,,,,,https://www.golfcanada.ca/golf-facility/magna-golf-club-en/
,9,"https://www.google.com/maps/place/222 Montague Road  Dartmouth,NS B2W 3P5",,Public,Par 62,,"Dartmouth, NS",,(902) 433-3331,,3760,,,,https://www.thelinksatmontague.com,https://www.golfcanada.ca/golf-facility/links-at-montague-en/
,18,"https://www.google.com/maps/place/3905B Golf Course Road  Edson,AB T7E 1T3",,Public,Par 72,,"Edson, AB",,(780) 723-7191,,6611,,,,https://www.edsongolfclub.com,https://www.golfcanada.ca/golf-facility/edson-golf-club-en/
,18,"https://www.google.com/maps/place/1112 Juddhaven Road  Minett,ON P0B 1G0",,Semi-private,Par 71,,"Minett, ON",,7057657625,,6532,,,,https://www.therockgolf.com,https://www.golfcanada.ca/golf-facility/the-rock-golf-club-en/
,18,"https://www.google.com/maps/place/7555 Matchette Rd  Windsor,ON N9J 2S4",,Private,Par 70,,"Windsor, ON",,(519) 734-1251,,6703,,,,,https://www.golfcanada.ca/golf-facility/essex-golf-country-club-en/
,9,"https://www.google.com/maps/place/Box 883  Eston,SK S0L 1A0",,Public,Par 70,,"Eston, SK",,(306) 962-3845,,6176,,,,,https://www.golfcanada.ca/golf-facility/eston-riverside-golf-club-rp-en/
,18,"https://www.google.com/maps/place/4200 Yonge St  North York,ON M2P 1N9",,Public,Par 72,,"North York, ON",,(416) 392-2465,,6109,,,,,https://www.golfcanada.ca/golf-facility/don-valley-golf-course-en/
,9,"https://www.google.com/maps/place/Box 1994  Maple Creek,SK S0N 1N0",,Public,Par 72,,"Maple Creek, SK",,(306) 662-4422,,6538,,,,https://www.saskgolfer.com/cypress,https://www.golfcanada.ca/golf-facility/cypress-hills-golf-resort-en/
,18,Null,,Public,Par —,,—,,—,,—,,,,,https://www.golfcanada.ca/golf-facility/tech-golf-club-en/
,18,"https://www.google.com/maps/place/127 Hedge Rd  Sutton,ON L0E 1R0",,Private,Par 71,,"Sutton, ON",,(905) 722-6669,,6273,,,,https://www.briarsgolf.com,https://www.golfcanada.ca/golf-facility/briars-golf-club-ltd-en/
,18,"https://www.google.com/maps/place/151 Ontario Ave  Elliot Lake,ON P5A 2T2",,Public,Par 72,,"Elliot Lake, ON",,(705)848-8695,,6820,,,,,https://www.golfcanada.ca/golf-facility/stone-ridge-at-elliot-lake-en/
,18,"https://www.google.com/maps/place/RR#2, 324183 Mount Elgin Road  Mount Elgin,ON N0J 1N0",,Semi-private,Par 72,,"Mount Elgin, ON",,(519) 926-304,,6026,,,,,https://www.golfcanada.ca/golf-facility/the-oxford-hills-golf-club-en/
,18,"https://www.google.com/maps/place/ 304 Robson Rd  Leamington,ON N8H 5R4",,Semi-private,Par 71,,"Leamington, ON",,(519) 326-5071,,6145,,,,,https://www.golfcanada.ca/golf-facility/erie-shores-golf-country-club-en/
,18,"https://www.google.com/maps/place/51320 Range Road 260  Spruce Grove,AB T7Y 1B1",,Private,Par 72,,"Spruce Grove, AB",,(780) 470-0701,,7036,,,,https://www.epgcc.ab.ca,https://www.golfcanada.ca/golf-facility/edmonton-petroleum-golf-country-club-en/
,—,"https://www.google.com/maps/place/1001 United Boulevard  Coquitlam,BC V3K 4S8",,Public,Par 54,,"Coquitlam, BC",,604.523.6400,,1806,,,,,https://www.golfcanada.ca/golf-facility/eaglequest-golf-coquitlam-en/
,18,"https://www.google.com/maps/place/6125 Howard Ave.  Oldcastle,ON N0R 1L0",,Public,Par 70,,"Oldcastle, ON",,(519) 9694350,,6045,,,,,https://www.golfcanada.ca/golf-facility/dominion-golf-country-club-en/
27,,,"https://www.google.com/maps/place/3800 River Bend Drive  Red Deer County,AB T4P 0Y4",,,"Red Deer County, AB",,Par 72,,https://www.rbgra.ca,,Public,(403) 343-6341,6664,,https://www.golfcanada.ca/fr/golf-facility/river-bend-golf-club-fr/
,18,"https://www.google.com/maps/place/190 College Ave E 190 College Ave E Guelph,ON N1H 6L3",,Private,Par 71,,"Guelph, ON",,(519) 824-2650,,7029,,,,https://www.cuttenfields.com,https://www.golfcanada.ca/golf-facility/cutten-fields-en/
18,,,"https://www.google.com/maps/place/190 College Ave E 190 College Ave E Guelph,ON N1H 6L3",,,"Guelph, ON",,Par 71,,https://www.cuttenfields.com,,Privé,(519) 824-2650,7029,,https://www.golfcanada.ca/fr/golf-facility/cutten-fields-fr/
,27,"https://www.google.com/maps/place/3800 River Bend Drive  Red Deer County,AB T4P 0Y4",,Public,Par 72,,"Red Deer County, AB",,(403) 343-6341,,6664,,,,https://www.rbgra.ca,https://www.golfcanada.ca/golf-facility/river-bend-golf-club-en/
,18,T9H 4V9,,Public,Par —,,—,,—,,—,,,,,https://www.golfcanada.ca/golf-facility/quarry-ridge-golf-course-en/
,18,"https://www.google.com/maps/place/710 Canavoy Road  West St. Peters,PE C0A 1S0",,Public,Par 72,,"West St. Peters, PE",,(902) 961-2800,,6903,,,,https://www.golflinkspei.com,https://www.golfcanada.ca/golf-facility/links-at-crowbush-cove-en/
,18,"https://www.google.com/maps/place/PO Box 608  Eckville,AB T0M 0X0",,Public,Par —,,"Eckville, AB",,—,,—,,,,https://www.fairwayslasthill.com,https://www.golfcanada.ca/golf-facility/fairways-at-last-hill-golf-and-country-club-en/
,18,"https://www.google.com/maps/place/Fourth Avenue, PO Box 842  Esterhazy,SK S0A 0X0",,Public,Par 68,,"Esterhazy, SK",,(306) 745-5462,,5555,,,,https://www.townofesterhazy.com,https://www.golfcanada.ca/golf-facility/esterhazy-golf-club-en/
,18,"https://www.google.com/maps/place/Box 421  Breton,AB T0C 0P0",,Public,Par 37,,"Breton, AB",,—,,3165,,,,,https://www.golfcanada.ca/golf-facility/breton-golf-club-en/
,18,"https://www.google.com/maps/place/318494 Grey Road 1  Owen Sound,ON N4K 5N4",,Semi-private,Par 71,,"Owen Sound, ON",,(519) 376-1961,,6204,,,,https://www.legacyridgegolf.ca,https://www.golfcanada.ca/golf-facility/legacy-ridge-golf-club-en/
,18,"https://www.google.com/maps/place/1072 Elgin House Road  Port Carling,ON P0B 1J0",,Public,,,"Port Carling, ON",,(705) 765-2000,,,,,,https://lakejoseph.clublink.ca,https://www.golfcanada.ca/golf-facility/lake-joseph-golf-club-en/
,18,"https://www.google.com/maps/place/2334 St. Paul Avenue  Niagara Falls,ON L2E 6S4",,Public,Par 61,,"Niagara Falls, ON",,—,,3092,,,,,https://www.golfcanada.ca/golf-facility/eagle-valley-golf-club-en/
,9,"https://www.google.com/maps/place/42 Avenue Jean Dolbeau  Dolbeau-Mistassini,QC G8L 6B7",,Public,Par 72,,"Dolbeau-Mistassini, QC",,418-276-5343,,6300,,,,,https://www.golfcanada.ca/golf-facility/dolbeau-mistassini-club-de-golf-en/
,27,"https://www.google.com/maps/place/1305 Dixie Road  Mississauga,ON L5E 2P5",,Private,,,"Mississauga, ON",,(905) 278-5255,,,,,,,https://www.golfcanada.ca/golf-facility/toronto-golf-club-the-en/
,18,"https://www.google.com/maps/place/5401 Chemin des Pionniers  Shawinigan,QC G9T 3N5",,Private,Par 71,,"Shawinigan, QC",,(819) 533-4555,,6207,,,,,https://www.golfcanada.ca/golf-facility/ste-flore-club-de-golf-en/
,18,"https://www.google.com/maps/place/9 Crystal Green Lane  Okotoks,AB T1S 1A4",,Public,Par 70,,"Okotoks, AB",,4039955563,,6066,,,,https://www.crystalridgegolf.com,https://www.golfcanada.ca/golf-facility/crystal-ridge-golf-course-en/
,18,"https://www.google.com/maps/place/PO Box 128  Brendendury,SK S0A 0H0",,Public,Par —,,"Brendendury, SK",,(306) 898-2143,,—,,,,,https://www.golfcanada.ca/golf-facility/bredenbury-golf-club-en/
18,,,"https://www.google.com/maps/place/PO Box 128  Brendendury,SK S0A 0H0",,,"Brendendury, SK",,Par —,,,,Public,(306) 898-2143,—,,https://www.golfcanada.ca/fr/golf-facility/bredenbury-golf-club-fr/
,18,"https://www.google.com/maps/place/100 #2 Tsuu T'ina Drive  Calgary,AB T3Z 3G6",,Semi-private,Par 72,,"Calgary, AB",,(403) 949-3733,,7274,,,,https://www.redwoodmeadows.com,https://www.golfcanada.ca/golf-facility/redwood-meadows-golf-country-club-en/
,18,"https://www.google.com/maps/place/310 Emerald Park Rd  Emerald Park,SK S4L 1B9",,Public,Par 71,,"Emerald Park, SK",,(306) 791-7466,,6631,,,,https://www.aspenvillage.ca,https://www.golfcanada.ca/golf-facility/aspen-links-gold-diamond-en/
18,,,"https://www.google.com/maps/place/310 Emerald Park Rd  Emerald Park,SK S4L 1B9",,,"Emerald Park, SK",,Par 71,,https://www.aspenvillage.ca,,Public,(306) 791-7466,6631,,https://www.golfcanada.ca/fr/golf-facility/aspen-links-gold-diamond-fr/
,18,"https://www.google.com/maps/place/82 Victoria St South  Port Hope,ON L1A 3L6",,Public,Par 70,,"Port Hope, ON",,(905) 885-6487,,6467,,,,,https://www.golfcanada.ca/golf-facility/port-hope-golf-country-club-en/
,18,"https://www.google.com/maps/place/298 Falaise Avenue  Lancaster Park,AB T0A 2H0",,Public,Par 72,,"Lancaster Park, AB",,(780) 973-3744,,7012,,,,https://www.egmgolf.com,https://www.golfcanada.ca/golf-facility/edmonton-garrison-memorial-golf-curling-club-en/
,18,"https://www.google.com/maps/place/2961 Bayshore Road Lot 34  York,PE C0A 1P0",,Public,Par 72,,"York, PE",,(902) 672-2842,,6623,,,,https://www.stanhopegolfclub.com,https://www.golfcanada.ca/golf-facility/stanhope-golf-country-club-en/
,18,"https://www.google.com/maps/place/Cove Road  CFB Shilo,MB R0K 2A0",,Public,Par 72,,"CFB Shilo, MB",,(204) 765-3000,,6625,,,,https://www.shilocountryclub.com,https://www.golfcanada.ca/golf-facility/shilo-country-club-en/
,18,"https://www.google.com/maps/place/2075 Lakewood Rd  Centreville,NS B0P 1J0",,Semi-private,Par 72,,"Centreville, NS",,(902) 679-3033,,6272,,,,https://www.eaglecrestgolfcourse.com,https://www.golfcanada.ca/golf-facility/eagle-crest-golf-course-en/
,18,"https://www.google.com/maps/place/10466 Montée Clément  Mirabel,QC J7J 1Z4",,Semi-private,Par 72,,"Mirabel, QC",,(450) 476-1922,,6430,,,,https://www.golflediamant.com,https://www.golfcanada.ca/golf-facility/diamant-club-de-golf-le-en/
,18,"https://www.google.com/maps/place/27 Little Britain Road R.R. #1  Manilla,ON K0M 2J0",,Public,Par 70,,"Manilla, ON",,(705) 357-3112,,5618,,,,https://www.crestwoodgolfclub.com,https://www.golfcanada.ca/golf-facility/crestwood-golf-club-en/
