# of Holes,Address,Club Type,Course Par,Location,Phone,Total Yards,Website,name,url
18,"https://www.google.com/maps/place/11550 Ladner Trunk Rd  Delta,BC V4K 3N3",Public,Par 68,"Delta, BC",(604) 594-1414,4954,https://www.deltagolfcourse.com,Delta Golf Club,https://www.golfcanada.ca/golf-facility/delta-golf-club-en/
18,"https://www.google.com/maps/place/1170, Chemin Aylmer  Gatineau,QC J9H 7L3",Public,Par 70,"Gatineau, QC",(819) 777-8870,5679,,Château Cartier,https://www.golfcanada.ca/golf-facility/chateau-cartier-en/
—,"https://www.google.com/maps/place/19131 Main Street 19131 Main Street Caledon,ON L7K 1R1",Public,Par 70,"Caledon, ON",(519) 927-903,6790,,TPC Toronto at Osprey Valley,https://www.golfcanada.ca/golf-facility/tpc-toronto-at-osprey-valley-en-2/
—,"https://www.google.com/maps/place/BOX 33  Frontier,SK S0N 0W0",Public,Par 70,"Frontier, SK",—,5632,,Frontier Golf Club,https://www.golfcanada.ca/golf-facility/frontier-golf-club-en/
18,—,Public,Par 70,", SK",—,6116,,Lac Pelletier Golf Course,https://www.golfcanada.ca/golf-facility/lac-pelletier-golf-course-en/
9,"https://www.google.com/maps/place/3028 Red Bluff Road  Quesnel,BC V2J 6C6",Public,Par 64,"Quesnel, BC",(250) 747-2915,4602,,Richbar Nursery Golf & Gardens,https://www.golfcanada.ca/golf-facility/richbar-nursery-golf-gardens-en/
9,X0E 0P0,Public,Par 72,"Fort Smith, AB",—,5707,,Pelican Rapids Golf & Country Club,https://www.golfcanada.ca/golf-facility/pelican-rapids-golf-country-club-en/
18,"https://www.google.com/maps/place/1000 Montée Ste-Marthe  Trois-Rivières,QC G8V 2P7",Semi-private,Par 72,"Trois-Rivières, QC",(819) 697-1214,6756,https://www.chronogolf.fr,Marthelinois (Club de golf Le),https://www.golfcanada.ca/golf-facility/marthelinois-club-de-golf-le-en/
—,"https://www.google.com/maps/place/6937 Highway Six  Winlaw,BC V0G 2J0",Public,Par 70,"Winlaw, BC",250 226-7241,5450,https://www.golfvalleyview.ca,Valley View Golf Club,https://www.golfcanada.ca/golf-facility/valley-view-golf-club-en/
—,P0B 1J0,—,,"Port Carling, ON",—,,,Lake Joseph Golf Club (Academy 9),https://www.golfcanada.ca/golf-facility/lake-joseph-golf-club-academy-9-en/
—,—,—,,—,—,,,Gameti Golf Course,https://www.golfcanada.ca/golf-facility/gameti-golf-course-en/
18,—,—,,", ON",—,,,St. Andrew's East,https://www.golfcanada.ca/golf-facility/st-andrews-east-en/
—,—,Public,Par 54,"Sooke, BC",—,2184,,DeMamiel Creek Golf Course,https://www.golfcanada.ca/golf-facility/demamiel-creek-golf-course-en/
9,"https://www.google.com/maps/place/8 Deer Ridge Road  Brandon,MB R7C 0B9",Public,Par 70,"Brandon, MB",204-726-1545,5532,,Deer Ridge Golf Course,https://www.golfcanada.ca/golf-facility/deer-ridge-golf-course-en/
—,—,Public,Par 54,"Prince George, BC",—,2408,,Alder Hills Golf Course,https://www.golfcanada.ca/golf-facility/alder-hills-golf-course-en/
—,"https://www.google.com/maps/place/2450 Range Road  Prince George,BC V2L 4V7",Public,Par 54,"Prince George, BC",—,2446,,Pine Valley Golf Course,https://www.golfcanada.ca/golf-facility/pine-valley-golf-course-en/
—,"https://www.google.com/maps/place/1337 Fox Harbour Road  Wallace,NS B0K 1Y0",Public,Par 72,"Wallace, NS",—,7275,https://www.foxharbr.com,Fox Harb'r,https://www.golfcanada.ca/golf-facility/fox-harbr-en-3/
54,"https://www.google.com/maps/place/2075 Côte Terrebonne  Terrebonne,QC J6Y 1H6",Semi-private,,"Terrebonne, QC",450-964-2251,,https://golfleversant.com,Le Versant (Centre de golf),https://www.golfcanada.ca/golf-facility/le-versant-centre-de-golf-en/
—,—,Public,Par —,", AB",—,—,,Bridge Valley Golf,https://www.golfcanada.ca/golf-facility/bridge-valley-golf-en/
18,"https://www.google.com/maps/place/70, Route 323  Notre Dame de la Paix,QC J0V 1P0",Public,Par 71,"Notre Dame de la Paix, QC",(819) 522-6622,6766,https://www.golfheritage.com,Auberge & Club de golf Héritage,https://www.golfcanada.ca/golf-facility/auberge-club-de-golf-heritage-en/
9,"https://www.google.com/maps/place/2440 York Ave.  Armstrong,BC V0E 1B1",—,,"Armstrong, BC",6045469700,,,Overlander Golf Course,https://www.golfcanada.ca/golf-facility/overlander-golf-course-en/
—,—,Public,Par 72,"Wallace, NS",—,7190,https://www.foxharbr.com,Fox Harb'r,https://www.golfcanada.ca/golf-facility/fox-harbr-en-2/
18,"https://www.google.com/maps/place/150 Country Club Road  Furry Creek,BC V0N 3Z2",Public,Par 72,"Furry Creek, BC",(888) 922-9462,6052,,Furry Creek Golf & Country Club,https://www.golfcanada.ca/golf-facility/furry-creek-golf-country-club-en/
27,"https://www.google.com/maps/place/1405 chemin d'Aylmer  Gatineau,QC J9H 7L2",Private,,"Gatineau, QC",(819) 777-0593,,https://www.rogc.com,The Royal Ottawa Golf Club,https://www.golfcanada.ca/golf-facility/royal-ottawa-golf-club-en/
18,"https://www.google.com/maps/place/104 Fairview Dr  Williams Lake,BC V2G 3T1",Semi-private,Par 71,"Williams Lake, BC",(250) 392-6026,6272,https://www.williamslakegolf.ca,Williams Lake Golf & Tennis Club,https://www.golfcanada.ca/golf-facility/williams-lake-golf-tennis-club-en/
9,"https://www.google.com/maps/place/739 North Drive  Winnipeg,MB R3T 0A3",Public,Par 72,"Winnipeg, MB",(204) 2847385,6416,https://www.wildewoodclub.ca,Wildewood Golf,https://www.golfcanada.ca/golf-facility/wildewood-golf-en/
18,"https://www.google.com/maps/place/P.O. Box 122  Pine Lake,AB T0M 1S0",Public,Par 72,"Pine Lake, AB",4038865111,6041,https://www.whisperingpines.ab.ca/welcome.htm,Whispering Pines Golf & Country Club Resort,https://www.golfcanada.ca/golf-facility/whispering-pines-golf-country-club-resort-en/
18,"https://www.google.com/maps/place/P.O. Box 150  Niagara Falls,ON L2E 6T2",Public,Par 72,"Niagara Falls, ON",(905) 356-1140,7019,,Whirlpool Golf Course,https://www.golfcanada.ca/golf-facility/whirlpool-golf-course-en/
9,"https://www.google.com/maps/place/1016 Chemin du Golf  Duhamel-Ouest,QC J9V 1M6",Public,Par 70,"Duhamel-Ouest, QC",8196292122,5876,https://www.golfville-marie.com,Ville-Marie (Club de golf),https://www.golfcanada.ca/golf-facility/ville-marie-club-de-golf-en/
9,"https://www.google.com/maps/place/46 Uplands Avenue  Thornhill,ON L4J 1K2",Semi-private,Par 68,"Thornhill, ON",1-888-833-8787,5118,,Uplands Golf & Ski Club,https://www.golfcanada.ca/golf-facility/uplands-golf-and-ski-club-en/
9,T0M 2C0,Public,Par 71,"Trochu, AB",—,5673,,Trochu Golf & Country Club,https://www.golfcanada.ca/golf-facility/trochu-golf-country-club-en/
18,"https://www.google.com/maps/place/19 Timber Ridge Drive, R.R. #3  Brighton,ON K0K 1H0",Public,Par 71,"Brighton, ON",(613) 475-1022,6315,,Timber Ridge Golf Course,https://www.golfcanada.ca/golf-facility/timber-ridge-golf-course-en/
9,"https://www.google.com/maps/place/PO Box 520  LaFleche,SK S0H 2K0",Public,Par 72,"LaFleche, SK",(306) 472-5686,6300,,Thomson Lake Golf Course,https://www.golfcanada.ca/golf-facility/thomson-lake-golf-course-en/
18,"https://www.google.com/maps/place/Box 203  Estevan,SK S4A 2A3",Public,Par 72,"Estevan, SK",306-634-2017,6642,https://www.estevangolf.com,TS&M Woodlawn Golf Club,https://www.golfcanada.ca/golf-facility/tsm-woodlawn-golf-club-en/
18,"https://www.google.com/maps/place/3206 Sunshine Coast Hwy  Roberts Creek,BC V0N 2W1",Semi-private,Par 72,"Roberts Creek, BC",(604) 885-9217,6357,https://www.sunshinecoastgolf.com,Sunshine Coast Golf & Country Club,https://www.golfcanada.ca/golf-facility/sunshine-coast-golf-country-club-en/
18,"https://www.google.com/maps/place/19110 Ellerslie Road SW  Edmonton,AB T6W 1A5",Private,Par 71,"Edmonton, AB",(780) 988-5501,6767,https://www.windermeregcc.com,Windermere Golf and Country Club,https://www.golfcanada.ca/golf-facility/windermere-golf-and-country-club-en/
9,"https://www.google.com/maps/place/1630 Parkway Blvd.  Coquitlam,BC V3E 2Y5",Semi-private,Par 62,"Coquitlam, BC",(604) 941-4236,3610,https://www.westwoodplateaugolf.com,Westwood Plateau Executive Course,https://www.golfcanada.ca/golf-facility/westwood-plateau-executive-course-en/
18,"https://www.google.com/maps/place/223 Rue Perreault  Victoriaville,QC G0P 1J0",Semi-private,Par 72,"Victoriaville, QC",(819) 752-4907,6601,https://www.golfvictoriaville.com,Victoriaville (Club de golf),https://www.golfcanada.ca/golf-facility/victoriaville-club-de-golf-en/
18,"https://www.google.com/maps/place/79 Twin Lakes Road  Kaleden,BC V0H 1K0",Public,Par 71,"Kaleden, BC",(250) 497-8377,6592,https://www.twinlakesgolfresort.com,Twin Lakes Golf Course,https://www.golfcanada.ca/golf-facility/twin-lakes-golf-course-en/
18,N4K 5N6,Public,Par 70,"Owen Sound, ON",(519) 376-7899,6051,,Stone Tree Golf & Fitness Club,https://www.golfcanada.ca/golf-facility/stone-tree-golf-fitness-club-en/
18,"https://www.google.com/maps/place/1668 Islington Avenue  Etobicoke,ON M9A 3M9",Private,Par 71,"Etobicoke, ON",4162319350,7014,,St. George's Golf Club,https://www.golfcanada.ca/golf-facility/st-georges-golf-and-country-club-en/
18,"https://www.google.com/maps/place/10 Club Court  Wasaga Beach,ON L9Z 1J8",Public,Par 72,"Wasaga Beach, ON",—,6012,https://www.twincreeksgolf.ca,Twin Creeks Golf & Country Club,https://www.golfcanada.ca/golf-facility/twin-creeks-golf-country-club-en/
18,"https://www.google.com/maps/place/214 Stone Church Road  Killaloe,ON K0J 2A0",Public,Par 72,"Killaloe, ON",6137571818,6703,https://www.homesteadgc.com,The Homestead at Wolf Ridge,https://www.golfcanada.ca/golf-facility/the-homestead-at-wolf-ridge-en/
27,"https://www.google.com/maps/place/241155 Range Road 34  Calgary,AB T3Z 2W4",Semi-private,,"Calgary, AB",(403) 246-4776,,https://www.riverspiritgolf.com,River Spirit Golf Club,https://www.golfcanada.ca/golf-facility/river-spirit-golf-club-en/
18,"https://www.google.com/maps/place/350 Park Road East  Steinbach,MB R5G 1V4",Semi-private,Par 72,"Steinbach, MB",(204) 320-4653,6394,https://www.steinbachgolfclub.com,Steinbach Fly-In Golf Club,https://www.golfcanada.ca/golf-facility/steinbach-fly-in-golf-club-en/
27,"https://www.google.com/maps/place/Lower Meagher's Grant  Halifax County,NS B0N 1V0",Public,Par 70,"Halifax County, NS",(902) 384-2033,5652,https://www.riveroaksgolfclub.ca,River Oaks Golf Club,https://www.golfcanada.ca/golf-facility/river-oaks-golf-club-en-2/
18,"https://www.google.com/maps/place/800 Kalamalka Lake Road  Vernon,BC V1T 6V2",Semi-private,Par 72,"Vernon, BC",(250) 542-0151,6609,https://vernongolf.com,Vernon Golf & Country Club,https://www.golfcanada.ca/golf-facility/vernon-golf-country-club-en/
18,"https://www.google.com/maps/place/7359 Hwy 38 7359 Hwy 38 Verona,ON K0H 2W0",Semi-private,Par 71,"Verona, ON",(613) 374-1117,6248,,Rivendell Golf Club,https://www.golfcanada.ca/golf-facility/rivendell-golf-club-en/
18,"https://www.google.com/maps/place/2215 Wildfire Drive  Douro-Dummer,ON K0L 2H0",Private,Par 72,"Douro-Dummer, ON",(705) 877-8441,6803,https://www.golfwildfire.com,Wildfire Golf Club,https://www.golfcanada.ca/golf-facility/wildfire-golf-club-en/
18,"https://www.google.com/maps/place/8755 Bathurst Street  Richmond Hill,ON L4C 0H4",Public,Par 70,"Richmond Hill, ON",(905) 889-4653,6004,,Richmond Hill Golf Club,https://www.golfcanada.ca/golf-facility/richmond-hill-golf-club-en/
18,N0N 3C4,Public,Par —,—,—,—,,Whispering Hills Golf Club,https://www.golfcanada.ca/golf-facility/whispering-hills-golf-club-en/
18,"https://www.google.com/maps/place/1930 Maley Drive Garson  Garson,ON P3L 1M5",Public,Par 72,"Garson, ON",(705) 524-9653,7126,,Timberwolf Golf Club,https://www.golfcanada.ca/golf-facility/timberwolf-golf-club-en/
18,"https://www.google.com/maps/place/1541 Highway #125  Balmertown,ON P0V 1C0",Semi-private,Par 73,"Balmertown, ON",(807) 735-2698,6359,https://golfredlake.com,Red Lake Area Golf & Country Club,https://www.golfcanada.ca/golf-facility/red-lake-area-golf-country-club-en/
18,"https://www.google.com/maps/place/1717 Boul. Don Quichotte  Notre-Dame-de-l'Île Perrot,QC J7V 5V6",Private,Par 72,"Notre-Dame-de-l'Île Perrot, QC",(514) 453-7177,6552,,Windmill Heights (Golf and Country Club),https://www.golfcanada.ca/golf-facility/windmill-heights-golf-and-country-club-en/
18,"https://www.google.com/maps/place/50 Rue du Bourgmestre  Bromont,QC J2L 2R9",Public,Par 72,"Bromont, QC",(450) 534-1166,6294,https://www.golfduvieuxvillage.ca,Vieux Village (Club de golf Le Parcours du),https://www.golfcanada.ca/golf-facility/vieux-village-club-de-golf-le-parcours-du-en/
18,"https://www.google.com/maps/place/Box #393  Tilbury,ON N0P 2L0",Public,Par 71,"Tilbury, ON",(519) 682-1423,6119,,Tilbury Golf Club,https://www.golfcanada.ca/golf-facility/tilbury-golf-club-en/
36,"https://www.google.com/maps/place/56 1ère Avenue  Stoneham-et-Tewkesbury,QC G3C 0K7",Public,,"Stoneham-et-Tewkesbury, QC",4188482414,,https://www.clubdegolfstoneham.com,Stoneham (Club de golf),https://www.golfcanada.ca/golf-facility/stoneham-club-de-golf-en/
18,"https://www.google.com/maps/place/3999 Lakeshore Road 3999 Lakeshore Road Rawdon,QC J0K 1S0",Public,Par 70,"Rawdon, QC",(450) 834-2320,5916,,Rawdon Golf Club,https://www.golfcanada.ca/golf-facility/rawdon-golf-club-en/
18,"https://www.google.com/maps/place/1881 Windermere Loop Road  Windermere,BC V0B 2L0",Public,Par 66,"Windermere, BC",2503423004,5036,,Windermere Valley Golf Course,https://www.golfcanada.ca/golf-facility/windermere-valley-golf-course-en/
18,"https://www.google.com/maps/place/3251 Plateau Blvd.  Coquitlam,BC V3E 3B8",Semi-private,Par 72,"Coquitlam, BC",(604) 945-4007,6770,,Westwood Plateau Golf & Country Club,https://www.golfcanada.ca/golf-facility/westwood-plateau-golf-country-club-en/
18,"https://www.google.com/maps/place/6000 Marineland Parkway  Niagara Falls,ON L2E 6Z8",Public,Par 72,"Niagara Falls, ON",(905) 357-6000,6530,,Thundering Waters Golf Club,https://www.golfcanada.ca/golf-facility/thundering-waters-golf-club-en/
18,"https://www.google.com/maps/place/PO Box 160  Okotoks,AB T1S 1A5",Public,Par 72,"Okotoks, AB",(403) 938-7872,7011,https://www.riversedgegolfclub.com,River's Edge Golf Club,https://www.golfcanada.ca/golf-facility/rivers-edge-golf-club-en/
18,"https://www.google.com/maps/place/251-153rd Ave Box 18, Site 5, R.R.#6 Edmonton,AB T5Y 6K8",Public,Par 72,"Edmonton, AB",(780) 408-4504,6722,https://www.countryclubtour.com,Raven Crest Golf & Country Club,https://www.golfcanada.ca/golf-facility/raven-crest-golf-country-club-en/
18,"https://www.google.com/maps/place/1400 boul. Mattawa 1400 boul. Mattawa Laval,QC H7P 5W7",Public,Par 70,"Laval, QC",450-628-6072,5842,https://www.golfsterose.com,Ste-Rose (Club de golf),https://www.golfcanada.ca/golf-facility/ste-rose-club-de-golf-en/
18,"https://www.google.com/maps/place/PO Box 5659  Westlock,AB T7P 2P6",Public,Par 72,"Westlock, AB",(780) 349-2478,6701,https://www.westlockgolf.com,Westlock Golf Club,https://www.golfcanada.ca/golf-facility/westlock-golf-club-en/
18,"https://www.google.com/maps/place/PO Box 122  Clyde River,NS B0W 1R0",Public,Par 72,"Clyde River, NS",(902) 637-2415,6497,https://www.riverhillsgolf.ca,River Hills Golf Club,https://www.golfcanada.ca/golf-facility/river-hills-golf-club-en/
36,"https://www.google.com/maps/place/Chemin Notre Dame  Mirabel,QC J7J 2A6",Semi-private,,"Mirabel, QC",4504340048,,https://www.golflesquatredomaines.ca,Quatre Domaines (club de golf les),https://www.golfcanada.ca/golf-facility/quatre-domaines-club-de-golf-les-en/
18,"https://www.google.com/maps/place/238 Golf Course Road  West Pubnico,NS B0W3S0",Public,Par 72,"West Pubnico, NS",9027622007,6102,https://www.pubnicogolf.ca,West Pubnico Golf & Country Club,https://www.golfcanada.ca/golf-facility/west-pubnico-golf-country-club-en/
18,"https://www.google.com/maps/place/86 Golf Street  Truro,NS B2N 5C7",Semi-private,Par 71,"Truro, NS",(902) 893-4650,6368,https://www.trurogolfclub.com,Truro Golf Club,https://www.golfcanada.ca/golf-facility/truro-golf-club-en/
18,"https://www.google.com/maps/place/447 Tara Rd 447 Tara Rd Ennismore,ON K0L 1T0",Public,Par 72,"Ennismore, ON",(705) 292-0019,6658,,Quarry Golf Club,https://www.golfcanada.ca/golf-facility/quarry-golf-club-en/
18,"https://www.google.com/maps/place/12438 Golf Course Line  Ridgetown,ON N0P 2C0",Semi-private,Par 72,"Ridgetown, ON",1-888-833-8787,6099,,Ridgetown Golf & Curling Club,https://www.golfcanada.ca/golf-facility/ridgetown-golf-curling-club-en/
9,"https://www.google.com/maps/place/PO Box 412  St. Brieux,SK S0K 3V0",Public,Par 68,"St. Brieux, SK",(306) 275-4433,5410,,St. Brieux Golf Club,https://www.golfcanada.ca/golf-facility/st-brieux-golf-club-en/
18,"https://www.google.com/maps/place/30565 McLeods Route 134  Campbellton,NB E3N 3G1",Public,Par 70,"Campbellton, NB",(506) 789-0885,5849,https://www.restigouchegolf.com,Restigouche Golf Club,https://www.golfcanada.ca/golf-facility/restigouche-golf-club-en/
36,"https://www.google.com/maps/place/301 Village Centre Place,  Vernon,BC V1H 1T2",Public,,"Vernon, BC",(250) 5423436,,https://www.predatorridge.com,Predator Ridge Golf Resort,https://www.golfcanada.ca/golf-facility/predator-ridge-golf-resort-en/
18,"https://www.google.com/maps/place/7113 ON-60 7113 ON-60 Eganville,ON K0J 1T0",Semi-private,Par 72,"Eganville, ON",(613) 628-3774,6486,https://www.whitetailgolfclub.ca,Whitetail Golf Club,https://www.golfcanada.ca/golf-facility/whitetail-golf-club-en/
18,"https://www.google.com/maps/place/P.O. Box 276  Renfrew,ON K7V 4A4",Semi-private,Par 71,"Renfrew, ON",—,6439,https://www.renfrewgolf.com,Renfrew Golf Club,https://www.golfcanada.ca/golf-facility/renfrew-golf-club-en/
18,"https://www.google.com/maps/place/PO Box 715  Portage la Prairie,MB R1N 3C2",Semi-private,Par 70,"Portage la Prairie, MB",(204) 857-6177,6355,https://www.portagegolfclub.ca,Portage Golf Club,https://www.golfcanada.ca/golf-facility/portage-golf-club-en/
18,"https://www.google.com/maps/place/PO Box 488  Wolseley,SK S0G 5H0",Public,Par —,"Wolseley, SK",(306) 698-2206,—,,Wolseley Golf Club,https://www.golfcanada.ca/golf-facility/wolseley-golf-club-en/
18,"https://www.google.com/maps/place/Box 1688 Box 1688 Whitecourt,AB T7S 1P5",Public,Par 72,"Whitecourt, AB",(780) 778-3531,6889,https://www.whitecourtgolf.com,Whitecourt Golf & Country Club,https://www.golfcanada.ca/golf-facility/whitecourt-golf-country-club-en/
27,"https://www.google.com/maps/place/PO Box 1815  Regina,SK S4P 3C6",Public,,"Regina, SK",3067777100,,,Tor Hill Golf Course,https://www.golfcanada.ca/golf-facility/tor-hill-golf-course-en/
9,"https://www.google.com/maps/place/PO Box 632  Redwater,AB T0A 2W0",Public,Par 70,"Redwater, AB",(780) 942-3624,6296,,Redwater Community Golf Course,https://www.golfcanada.ca/golf-facility/redwater-community-golf-course-en/
18,"https://www.google.com/maps/place/580 Lynn Valley Road  Port Dover,ON N0A 1N2",Semi-private,Par 71,"Port Dover, ON",(519) 428-9993,6510,https://www.lynnmeadowsgolf.com,Port Dover Golf Club,https://www.golfcanada.ca/golf-facility/port-dover-golf-club-en/
18,"https://www.google.com/maps/place/72538 Bluewater Hwy  Zurich,ON N0M 2T0",Semi-private,Par 71,"Zurich, ON",519-236-4030,5939,,White Squirrel Golf Club,https://www.golfcanada.ca/golf-facility/white-squirrel-golf-club-en/
18,"https://www.google.com/maps/place/370 Rothesay Ave  St John,NB E2J 2C4",Public,Par —,"St John, NB",506-636-0288,—,,Top Shot Golf,https://www.golfcanada.ca/golf-facility/top-shot-golf-en/
9,"https://www.google.com/maps/place/Box 889  Redvers,SK S0C 2H0",Public,Par 72,"Redvers, SK",—,6174,https://Facebook: Redvers & Dist. Golf Club,Redvers & District Golf and Country Club,https://www.golfcanada.ca/golf-facility/redvers-district-golf-and-country-club-en/
18,"https://www.google.com/maps/place/Box #188  Port Colborne,ON L3K 5V8",Semi-private,Par 72,"Port Colborne, ON",(905) 835-1311,6464,,Port Colborne Country Club,https://www.golfcanada.ca/golf-facility/port-colborne-country-club-en/
18,"https://www.google.com/maps/place/Box 454  Agassiz,BC V0M 1A0",Public,Par 0,"Agassiz, BC",(604) 796-2641,0,,zNotAMemberAgassiz Harrison Golf Club,https://www.golfcanada.ca/golf-facility/znotamemberagassiz-harrison-golf-club-en/
9,"https://www.google.com/maps/place/Box 125  Riondel,BC V0B 2B0",Public,Par 60,"Riondel, BC",(250) 225-3584,3494,,Riondel Golf Club,https://www.golfcanada.ca/golf-facility/riondel-golf-club-en/
27,"https://www.google.com/maps/place/37142 Quarry Oaks Road Box 3629 Steinbach,MB R5G 1P7",Public,,"Steinbach, MB",(204) 326-4653,,https://www.quarryoaks.ca,Quarry Oaks Golf Course,https://www.golfcanada.ca/golf-facility/quarry-oaks-golf-course-en/
18,"https://www.google.com/maps/place/5501 Trafalgar Rd  Milton,ON L0P 1E0",Public,Par 72,"Milton, ON",—,6933,,Piper's Heath Golf Club,https://www.golfcanada.ca/golf-facility/pipers-heath-golf-club-en/
18,"https://www.google.com/maps/place/P.O. Box 388  Yellowknife,NT X1A 2N3",Public,Par 72,"Yellowknife, NT",(867) 873-4326,6391,https://www.yellowknifegolf.com,Yellowknife Golf Club,https://www.golfcanada.ca/golf-facility/yellowknife-golf-club-en/
18,—,Public,Par 72,"Olds, AB",4035860561,6962,,Trail Creek Golf Course,https://www.golfcanada.ca/golf-facility/trail-creek-golf-course-en/
18,"https://www.google.com/maps/place/P.O. Box 37  Reston,MB R0M 1X0",Public,Par —,"Reston, MB",(204) 877-3511,—,,Reston Golf Club,https://www.golfcanada.ca/golf-facility/reston-golf-club-en/
18,"https://www.google.com/maps/place/PO Box 1026  Prescott,ON K0E 1T0",Semi-private,Par 70,"Prescott, ON",(613) 925-5006,6238,https://www.prescottgolfclub.ca,Prescott Golf Club,https://www.golfcanada.ca/golf-facility/prescott-golf-club-en/
36,"https://www.google.com/maps/place/44 Glaude Rd  Haute-Aboujagane,NB E4P 5N6",Public,,"Haute-Aboujagane, NB",5065324634,,,Pine Needles Golf & Country Club,https://www.golfcanada.ca/golf-facility/pine-needles-golf-country-club-en/
18,"https://www.google.com/maps/place/847 Charlotteville Rd. 10  Simcoe,ON N3Y 4J9",Semi-private,Par 69,"Simcoe, ON",—,5604,,Woodside Greens Golf Club,https://www.golfcanada.ca/golf-facility/woodside-greens-golf-club-en/
18,"https://www.google.com/maps/place/5685 Windermere Boulevard NW  Edmonton,AB T6W 0S6",Public,Par 71,"Edmonton, AB",(780) 408-4510,6620,https://www.countryclubtour.com,River Ridge Golf Club,https://www.golfcanada.ca/golf-facility/river-ridge-golf-club-en-2/
18,"https://www.google.com/maps/place/PO Box 865  Terrace,BC V8G 4R1",Public,Par 73,"Terrace, BC",(250) 635-2542,6487,https://www.svgc.ca,Skeena Valley Golf & Country Club,https://www.golfcanada.ca/golf-facility/skeena-valley-golf-country-club-en/
18,"https://www.google.com/maps/place/26 B Clover Valley Rd  Manitowaning,ON P0P 1N0",Public,Par 71,"Manitowaning, ON",7058592990,6330,https://rainbowridgegolfcourse.com,Rainbow Ridge Golf Course,https://www.golfcanada.ca/golf-facility/rainbow-ridge-golf-course-en/
9,"https://www.google.com/maps/place/61 Renous Rd  Plaster Rock,NB E7G 2N1",Public,Par 70,"Plaster Rock, NB",(506) 356-2402,5982,,Plaster Rock Golf Club,https://www.golfcanada.ca/golf-facility/plaster-rock-golf-club-en/
18,"https://www.google.com/maps/place/86 Golf Course Rd  Petitcodiac,NB E4Z 6H4",Public,Par 71,"Petitcodiac, NB",(506) 756-8129,5960,https://www.petitcodiacvalleygolf.ca,Petitcodiac Valley Golf & Country Club,https://www.golfcanada.ca/golf-facility/petitcodiac-valley-golf-country-club-en/
36,"https://www.google.com/maps/place/7110 Mill Street, 4th Line  Tottenham,ON L0G 1W0",Public,,"Tottenham, ON",(905) 936-4343,,,Woodington Lake Golf Club Inc.,https://www.golfcanada.ca/golf-facility/woodington-lake-golf-club-inc-en/
9,"https://www.google.com/maps/place/Box 1012  Stettler,AB T0C 2L0",Public,Par 70,"Stettler, AB",(403) 742-2001,6068,,Stettler Golf & Country Club,https://www.golfcanada.ca/golf-facility/stettler-golf-country-club-en/
18,"https://www.google.com/maps/place/675 River Oaks Road  Ritchot,MB R5A 1E3",Public,Par 72,"Ritchot, MB",(204) 261-4653,5837,https://www.riveroaksgolf.ca,River Oaks Golf Course,https://www.golfcanada.ca/golf-facility/river-oaks-golf-club-en/
18,"https://www.google.com/maps/place/3551 Granville Ave.  Richmond,BC V7C 1C8",Private,Par 73,"Richmond, BC",(604) 277-1101,6732,https://www.qgolfclub.ca,Quilchena Golf & Country Club,https://www.golfcanada.ca/golf-facility/quilchena-golf-country-club-en/
18,"https://www.google.com/maps/place/P.O. Box 491 Route 80  Whiteway,NL A0B 2A0",Public,Par 72,"Whiteway, NL",709-588-4653,6892,https://www.pitcherspondgolf.com,Pitchers Pond Golf Course,https://www.golfcanada.ca/golf-facility/pitchers-pond-golf-course-en/
18,"https://www.google.com/maps/place/Building Q 103, CFB Petawawa  Petawawa,ON K8H 2X3",Public,Par 71,"Petawawa, ON",(613) 687-5331,6460,https://www.twinriversgolf.ca,Petawawa Golf Club,https://www.golfcanada.ca/golf-facility/petawawa-golf-club-en/
18,"https://www.google.com/maps/place/PO Bag # 2  Bragg Creek,AB T0L 0K0",Semi-private,Par 72,"Bragg Creek, AB",(403) 949-3333,6713,https://www.wintergreengolf.com,Wintergreen Golf & Country Club,https://www.golfcanada.ca/golf-facility/wintergreen-golf-country-club-en/
18,"https://www.google.com/maps/place/PO Box 1860  Revelstoke,BC V0E 2S0",Public,Par 72,"Revelstoke, BC",(250) 837-4276,6537,https://www.revelstokegolfclub.com,Revelstoke Golf Club,https://www.golfcanada.ca/golf-facility/revelstoke-golf-club-en/
36,"https://www.google.com/maps/place/1 Priddis Greens Drive  Priddis Greens,AB T0L 1W3",Private,,"Priddis Greens, AB",403-931-3316,,https://www.priddisgreens.com,Priddis Greens Golf & Country Club,https://www.golfcanada.ca/golf-facility/priddis-greens-golf-country-club-en/
18,"https://www.google.com/maps/place/185 Canyon Blvd. W 185 Canyon Blvd. W Lethbridge,AB T1K 6V1",Public,Par 71,"Lethbridge, AB",4033817500,6842,,Paradise Canyon Country Club,https://www.golfcanada.ca/golf-facility/paradise-canyon-golf-resort-en/
18,"https://www.google.com/maps/place/3430 7th Concession Road  Pickering,ON L1Y 1C6",Public,Par 72,"Pickering, ON",(905) 655-9187,6999,,Watson's Glen Golf Club,https://www.golfcanada.ca/golf-facility/watsons-glen-golf-club-en/
18,"https://www.google.com/maps/place/PO Box 190  Kimberley,BC V1A 2Y6",Public,Par 72,"Kimberley, BC",(250) 427-5171,6896,https://www.tricklecreek.com,Trickle Creek Golf Resort,https://www.golfcanada.ca/golf-facility/trickle-creek-golf-resort-en/
45,"https://www.google.com/maps/place/25 South Ridge Road  Montreal,QC H9E 1B3",Private,,"Montreal, QC",5146263977,,https://www.rmgc.org,The Royal Montreal Golf Club,https://www.golfcanada.ca/golf-facility/the-royal-montreal-golf-club-en/
9,"https://www.google.com/maps/place/326 Sunnyside Road, RR #2  Westport,ON K0G 1X0",Public,Par 72,"Westport, ON",(613) 273-2937,5864,,Rideau Lakes Golf & Country Club,https://www.golfcanada.ca/golf-facility/rideau-lakes-golf-country-club-en/
18,"https://www.google.com/maps/place/PO Box 241  Kimberley,BC V1A 2Y6",Semi-private,Par 71,"Kimberley, BC",(250) 427-5611,6181,https://purcell.golf,Purcell Golf,https://www.golfcanada.ca/golf-facility/purcell-golf-en/
18,J0L 2K0,Public,Par 72,"Saint-Luc, QC",(450) 658-1791,6956,,Pinegrove Country Club,https://www.golfcanada.ca/golf-facility/pinegrove-country-club-en/
18,"https://www.google.com/maps/place/1889 chemin des Patriotes  Saint-Ours,QC J0G 1P0",Public,Par 71,"Saint-Ours, QC",5147852715,6050,,Patriotes (Club de golf Les),https://www.golfcanada.ca/golf-facility/patriotes-club-de-golf-les-en/
18,"https://www.google.com/maps/place/424, route du Nord,  Brownsburg-Chatham,QC J8G 1L6",Public,Par 70,"Brownsburg-Chatham, QC",(450) 562-1094,6100,https://www.golfoasis.ca,Oasis (Golf et Auberge),https://www.golfcanada.ca/golf-facility/oasis-golf-et-auberge-en/
18,"https://www.google.com/maps/place/4414 Fourth Line  Oakville,ON L6M 4E8",Public,Par 72,"Oakville, ON",—,5828,,Oakville Executive Golf Courses - Angel's View Golf Course,https://www.golfcanada.ca/golf-facility/oakville-executive-golf-courses-angels-view-golf-course-en/
9,"https://www.google.com/maps/place/143 Front Street, P.O. Box 45  Niagara-On-The-Lake,ON L0S 1J0",Semi-private,Par 72,"Niagara-On-The-Lake, ON",(905) 468-3424,5860,,Niagara-On-The-Lake Golf Club,https://www.golfcanada.ca/golf-facility/niagara-on-the-lake-golf-club-en/
18,"https://www.google.com/maps/place/PO Box 667  Morris,MB R0G 1K0",Public,Par —,"Morris, MB",(204) 746-2027,5910,,Morris Riverview Golf & Country Club,https://www.golfcanada.ca/golf-facility/morris-riverview-golf-country-club-en/
18,"https://www.google.com/maps/place/Box 98  Midland,ON L4R 4K6",Semi-private,Par 71,"Midland, ON",(705) 526-5722,6503,https://www.midlandgolfcc.com,Midland Golf & Country Club,https://www.golfcanada.ca/golf-facility/midland-golf-country-club-en/
9,"https://www.google.com/maps/place/2314 Highway 17E., RR 1  Mattawa,ON P0H 1V0",Public,Par —,"Mattawa, ON",—,—,,Mattawa Golf and Ski Resort,https://www.golfcanada.ca/golf-facility/mattawa-golf-and-ski-resort-en/
18,"https://www.google.com/maps/place/571 Metcalfe Street East  Strathroy,ON N7G 1R1",Public,Par 70,"Strathroy, ON",519-245-5112,5713,https://www.bearcreekgolf.ca,Willow Tree Golf,https://www.golfcanada.ca/golf-facility/willow-tree-golf-en/
18,"https://www.google.com/maps/place/R.R. #3  Warkworth,ON K0K 3K0",Public,Par 71,"Warkworth, ON",(705) 924-2687,—,,Pine Ridge Golf & Country Club,https://www.golfcanada.ca/golf-facility/pine-ridge-golf-country-club-en/
18,"https://www.google.com/maps/place/PO Box 277 PO Box 277 Kingston,NS B0P 1R0",Semi-private,Par 72,"Kingston, NS",(902) 765-3211,6385,https://www.paragongolf.ca,Paragon Golf & Country Club,https://www.golfcanada.ca/golf-facility/paragon-golf-country-club-en/
18,"https://www.google.com/maps/place/PO Box 464  MacGregor,MB R0H 0R0",Public,Par 70,"MacGregor, MB",(204) 685-3100,5994,,MacGregor Town & Country Golf Club,https://www.golfcanada.ca/golf-facility/macgregor-town-country-golf-club-en/
18,"https://www.google.com/maps/place/1922 Highland Heights 1922 Highland Heights London,ON N6C 2T4",Private,Par 71,"London, ON",(519) 681-8223,6582,,Highland Country Club,https://www.golfcanada.ca/golf-facility/highland-country-club-en/
18,"https://www.google.com/maps/place/1517 Snyder's Road, Box 100  Petersburg,ON N0B 2H0",Semi-private,Par 72,"Petersburg, ON",1-888-833-8787,6942,,Rebel Creek Golf Club,https://www.golfcanada.ca/golf-facility/rebel-creek-golf-club-en/
18,"https://www.google.com/maps/place/230 7th Concession  Pickering,ON L1Y 1A2",Semi-private,Par 72,"Pickering, ON",(905)2944000,6133,https://www.golfglencedars.com,Pickering Glen Golf Club,https://www.golfcanada.ca/golf-facility/pickering-glen-golf-club-en/
18,"https://www.google.com/maps/place/1145 Thornton Road North  Oshawa,ON L1H 7K4",Semi-private,Par 61,"Oshawa, ON",1-888-833-8787,3404,,Oshawa Airport Golf Club,https://www.golfcanada.ca/golf-facility/oshawa-airport-golf-club-en/
36,"https://www.google.com/maps/place/6857 168th St.  Surrey,BC V3S 8E7",Public,,"Surrey, BC",(604) 574-0324,,https://www.northviewgolf.com,Northview Golf & Country Club,https://www.golfcanada.ca/golf-facility/northview-golf-country-club-en/
18,"https://www.google.com/maps/place/1500, route 138  Kahnawake,QC J0L 1B0",Public,Par 72,"Kahnawake, QC",—,6688,https://www.mysticpinesgolf.com,Mystic Pines (Club de golf),https://www.golfcanada.ca/golf-facility/mystic-pines-club-de-golf-en/
18,"https://www.google.com/maps/place/388326 20 Side Road  Mono,ON L9W 6W1",Private,Par 70,"Mono, ON",—,6155,https://www.monohillscountryclub.com,Mono Hills Golf Club,https://www.golfcanada.ca/golf-facility/mono-hills-golf-club-en/
18,"https://www.google.com/maps/place/54 Chemin du Parc  Memramcook,NB E4K 2A4",Public,Par 72,"Memramcook, NB",(506) 758-9242,5981,https://memramcook.com,Memramcook Valley Golf Club,https://www.golfcanada.ca/golf-facility/memramcook-valley-golf-club-en/
9,"https://www.google.com/maps/place/PO Box 1050  Houston,BC V0J 1Z0",Public,Par 69,"Houston, BC",(250) 845-2100,5949,,Willow Grove Golf Club,https://www.golfcanada.ca/golf-facility/willow-grove-golf-club-en/
18,"https://www.google.com/maps/place/PO Box 100  Cowessess,SK S0G 5L0",Public,Par 73,"Cowessess, SK",306-696-2507,6402,,Last Oak Golf & Country Club,https://www.golfcanada.ca/golf-facility/last-oak-golf-country-club-en/
18,—,Public,Par —,—,—,—,,Ridge Meadows Recreational Area,https://www.golfcanada.ca/golf-facility/ridge-meadows-recreational-area-en/
18,L3B 5N8,Public,Par —,—,—,—,,Pelham Hills Golf & Country Club,https://www.golfcanada.ca/golf-facility/pelham-hills-golf-country-club-en/
9,"https://www.google.com/maps/place/1120, Route 109  Sud Amos,QC J9T 3A7",Public,Par 72,"Sud Amos, QC",(819) 732-5587,6366,,Oiselet d'Amos (Club de golf L'),https://www.golfcanada.ca/golf-facility/oiselet-damos-club-de-golf-l-en/
9,"https://www.google.com/maps/place/1, Ch du Golf 1, Ch du Golf Rouyn-Noranda,QC J9X 5B1",Public,Par 72,"Rouyn-Noranda, QC",(819) 797-3311,6652,https://www.golfnoranda.com,Noranda (Club de golf),https://www.golfcanada.ca/golf-facility/noranda-club-de-golf-en/
9,"https://www.google.com/maps/place/Box 190  Elkford,BC V0B 1H0",Public,Par 72,"Elkford, BC",2508657413,6325,https://www.mountainmeadowsgolf.com,Mountain Meadows Golf Club,https://www.golfcanada.ca/golf-facility/mountain-meadows-golf-club-en/
9,"https://www.google.com/maps/place/2155 Country Club Drive  Burlington,ON L7M 4A8",Semi-private,Par 68,"Burlington, ON",(905) 332-6924,5500,https://www.millcroftgolfclub.com,Millcroft Golf Club,https://www.golfcanada.ca/golf-facility/millcroft-golf-club-en/
18,"https://www.google.com/maps/place/Rr#5  Rockwood,ON N0B 2K0",Public,Par 70,"Rockwood, ON",(519) 763-8700,6015,,Wildwinds Golf Links Inc.,https://www.golfcanada.ca/golf-facility/wildwinds-golf-links-inc-en/
18,"https://www.google.com/maps/place/19675 Meadow Gardens Way  Pitt Meadows,BC V3Y 1Z2",Semi-private,Par 72,"Pitt Meadows, BC",(604) 465-5474,7041,https://www.meadowgardens.com,Meadow Gardens Golf Club,https://www.golfcanada.ca/golf-facility/meadow-gardens-golf-club-en/
9,"https://www.google.com/maps/place/1355 Kingston Road  Scarborough,ON M1N 1R1",Private,Par 70,"Scarborough, ON",(416) 691-3118,5672,,Toronto Hunt (The),https://www.golfcanada.ca/golf-facility/toronto-hunt-the-en/
9,"https://www.google.com/maps/place/433 McNab Crescent  Regina Beach,SK S0G 4C0",Public,Par 72,"Regina Beach, SK",306-729-4654,6706,,Regina Beach Golf Club,https://www.golfcanada.ca/golf-facility/regina-beach-golf-club-en/
18,"https://www.google.com/maps/place/851, 4e rue La Baie  La Baie,QC G7B 1A3",Public,Par 72,"La Baie, QC",4185442550,6506,,Port-Alfred (Club de golf),https://www.golfcanada.ca/golf-facility/port-alfred-club-de-golf-en/
18,"https://www.google.com/maps/place/PO Box 298  Pine Falls,MB R0E 1M0",Public,Par 70,"Pine Falls, MB",(204) 367-8463,5945,,Pine Falls Golf Club,https://www.golfcanada.ca/golf-facility/pine-falls-golf-club-en/
18,T1P 1K5,Public,Par 72,"Strathmore, AB",—,6642,,Oxbow Country Golf Course,https://www.golfcanada.ca/golf-facility/oxbow-country-golf-course-en/
18,"https://www.google.com/maps/place/8970 Stanley Ave  Niagara Falls,ON L2E 6T8",Public,Par —,"Niagara Falls, ON",—,—,,Oaklands Golf Club,https://www.golfcanada.ca/golf-facility/oaklands-golf-club-en/
18,"https://www.google.com/maps/place/3601 Nico-Wynd Drive  Surrey,BC V4P 1J1",Public,Par 70,"Surrey, BC",6045359511,5906,https://www.nicowynd.bc.ca,Nico-Wynd Golf Club,https://www.golfcanada.ca/golf-facility/nico-wynd-golf-club-en/
27,"https://www.google.com/maps/place/3434-48 Avenue  NE Calgary,AB T3J 0L1",Public,,"NE Calgary, AB",403-269-8005,,,Wingfield Golf Club,https://www.golfcanada.ca/golf-facility/wingfield-golf-club-en/
18,"https://www.google.com/maps/place/950 Wildstone Drive  Cranbrook,BC V1C 0B4",Public,Par 72,"Cranbrook, BC",250-489-1282,7127,https://www.wildstonegolf.com,Wildstone Golf Course,https://www.golfcanada.ca/golf-facility/wildstone-golf-course-en/
18,"https://www.google.com/maps/place/42 Whitetail Drive  Mundare,AB T0B 3H0",Public,Par 72,"Mundare, AB",—,7083,,Whitetail Crossing Golf Course,https://www.golfcanada.ca/golf-facility/whitetail-crossing-golf-course-en/
18,"https://www.google.com/maps/place/PO Box 233  Montmartre,SK S0G 3M0",Public,Par —,"Montmartre, SK",(306) 424-2041,—,,Montmartre Golf Club,https://www.golfcanada.ca/golf-facility/montmartre-golf-club-en/
9,"https://www.google.com/maps/place/9555 Boulevard du Golf  Anjou,QC H1J 2Y2",Public,Par 72,"Anjou, QC",514-353-5353,6908,https://www.golfmetropolitainanjou.com,Métropolitain d'Anjou (Club de golf),https://www.golfcanada.ca/golf-facility/metropolitain-danjou-club-de-golf-en/
27,"https://www.google.com/maps/place/569 Hwy 20 West, Box 99  Fenwick,ON L0S 1C0",Semi-private,,"Fenwick, ON",(905) 892-8844,,,Peninsula Lakes Golf Club,https://www.golfcanada.ca/golf-facility/peninsula-lakes-golf-club-en/
18,"https://www.google.com/maps/place/643 Latoria Rd.  Victoria,BC V9C 3A3",Public,Par 72,"Victoria, BC",(250) 474-3673,6600,https://www.golfbc.com,Olympic View Golf Club,https://www.golfcanada.ca/golf-facility/olympic-view-golf-club-en/
9,"https://www.google.com/maps/place/1140 chemin Massawippi  North Hatley,QC J0B 2C0",Public,Par 70,"North Hatley, QC",(819) 842-2463,5791,https://www.clubdegolfnorthhatley.com,North Hatley Golf Club,https://www.golfcanada.ca/golf-facility/north-hatley-golf-club-en/
27,"https://www.google.com/maps/place/1013, Chemin du Golf à La Malbaie  Charlevoix,QC G5A 1H1",Semi-private,Par 68,"Charlevoix, QC",(418) 665-2494,5546,https://golfmurraybay.com,Murray Bay (Club de golf),https://www.golfcanada.ca/golf-facility/murray-bay-club-de-golf-en/
36,"https://www.google.com/maps/place/3737 Chemin Martin  Terrebonne,QC J6X 0B2",Private,,"Terrebonne, QC",4504777280,,https://www.golfmirage.ca,Mirage (Club de golf Le),https://www.golfcanada.ca/golf-facility/mirage-club-de-golf-le-en/
27,"https://www.google.com/maps/place/128 Côte Saint-Charles  Hudson,QC J0P 1HO",Private,,"Hudson, QC",450-458-5305,,,Whitlock Golf & Country Club,https://www.golfcanada.ca/golf-facility/whitlock-golf-country-club-en/
18,"https://www.google.com/maps/place/3101 - 50th Street  Sylvan Lake,AB T4S 0P7",Public,Par 72,"Sylvan Lake, AB",(403) 887-5100,6505,https://www.meadowlandssylvanlake.com,Meadowlands Golf Club at Sylvan Lake,https://www.golfcanada.ca/golf-facility/meadowlands-golf-club-at-sylvan-lake-en/
18,"https://www.google.com/maps/place/7731 Mission Road  Cranbrook,BC V1C 7E5",Semi-private,Par 72,"Cranbrook, BC",(250) 420-2000,6973,https://www.steugene.ca,St. Eugene Golf Resort,https://www.golfcanada.ca/golf-facility/st-eugene-golf-resort-en/
18,"https://www.google.com/maps/place/9100 Steveston Hwy  Richmond,BC V7A 1M5",Private,Par 72,"Richmond, BC",(604) 277-3141,6748,https://www.richmond-cc.org,Richmond Country Club,https://www.golfcanada.ca/golf-facility/richmond-country-club-en/
18,"https://www.google.com/maps/place/PO Box 1346  Princeton,BC V0X 1W0",Public,Par 72,"Princeton, BC",(250) 295-6123,6506,https://www.princetongolfclub.com,Princeton Golf Club,https://www.golfcanada.ca/golf-facility/princeton-golf-club-en/
18,"https://www.google.com/maps/place/R.R. # 1  Vittoria,ON N0E 1W0",Public,Par 66,"Vittoria, ON",(519) 426-0683,4814,,Pine Valley Golf Club,https://www.golfcanada.ca/golf-facility/pine-valley-golf-club-en/
18,"https://www.google.com/maps/place/50 George Hunt Memorial Drive,  Parry Sound,ON P2A 2W9",Public,Par 71,"Parry Sound, ON",(705) 342-5262,5829,https://www.parrysoundgolf.com,Parry Sound Golf & Country Club,https://www.golfcanada.ca/golf-facility/parry-sound-golf-country-club-en/
9,"https://www.google.com/maps/place/1154 Sixth Line 1154 Sixth Line Oakville,ON L6H 6M1",Private,Par 70,"Oakville, ON",(905) 845-8321,6248,https://www.oakvillegolfclub.com,Oakville Golf Club,https://www.golfcanada.ca/golf-facility/oakville-golf-club-en/
18,"https://www.google.com/maps/place/PO Box 6085  Peace River,AB T8S 1S1",Public,Par 72,"Peace River, AB",(780) 332-4653,6650,https://www.mightypeacegolf.com,Mighty Peace Golf Club,https://www.golfcanada.ca/golf-facility/mighty-peace-golf-club-en/
18,"https://www.google.com/maps/place/PO Box 577 Columbia Avenue Kerrobert,SK S0L 1R0",Public,Par —,"Kerrobert, SK",(306) 577-4422,—,,Kerrobert Golf Club,https://www.golfcanada.ca/golf-facility/kerrobert-golf-club-en/
36,"https://www.google.com/maps/place/6400 Steeles Avenue East  Markham,ON L3S 3J5",Public,,"Markham, ON",(416) 293-2833,,,Remington Parkview Golf & Country Club,https://www.golfcanada.ca/golf-facility/remington-parkview-golf-country-club-en/
18,"https://www.google.com/maps/place/1020 Chemin du Golf  L'Assomption,QC J5W 1K3",Public,Par 72,"L'Assomption, QC",(450) 589-5686,6741,,Portage (Club de golf Le),https://www.golfcanada.ca/golf-facility/portage-club-de-golf-le-en/
18,"https://www.google.com/maps/place/3767 Estaire Road  Sudbury,ON P3L 1M2",Public,Par —,"Sudbury, ON",705-522-1622,—,,Pine Grove Golf Club,https://www.golfcanada.ca/golf-facility/pine-grove-golf-club-en/
18,"https://www.google.com/maps/place/35 Lauren Road  Port Perry,ON L9L 2A7",Public,Par 71,"Port Perry, ON",(905) 985-0883,6350,,Oakridge Golf Club,https://www.golfcanada.ca/golf-facility/oakridge-golf-club-en/
18,"https://www.google.com/maps/place/804027 Golf Course Road  Temiskaming Shores,ON P0J 1P0",Public,Par 72,"Temiskaming Shores, ON",—,6688,,New Liskeard Golf Club,https://www.golfcanada.ca/golf-facility/new-liskeard-golf-club-en/
9,"https://www.google.com/maps/place/Box 426  Winnipegosis,MB R0L 2G0",Public,Par 70,"Winnipegosis, MB",204-656-4302,5722,,Winnipegosis Golf Club,https://www.golfcanada.ca/golf-facility/winnipegosis-golf-club-en/
18,"https://www.google.com/maps/place/1316 Dickie Settlement Road  Cambridge,ON N3H 4R8",Private,Par 72,"Cambridge, ON",(519) 650-2327,7562,https://www.whistlebear.ca,Whistle Bear Golf Club,https://www.golfcanada.ca/golf-facility/whistle-bear-golf-club-en/
18,"https://www.google.com/maps/place/2700 Avenue du Sault  Quebec,QC G1C 2L2",Semi-private,Par 71,"Quebec, QC",4186614361,6028,https://www.golflemontmorency.com,Montmorency (Club de Golf),https://www.golfcanada.ca/golf-facility/montmorency-club-de-golf-en/
18,"https://www.google.com/maps/place/Site 9, Box 10, RR # 1  New Glasgow,NS B2H 5C4",Public,Par 72,"New Glasgow, NS",(902) 753-4653,6423,,Glen Lovat Golf Club,https://www.golfcanada.ca/golf-facility/glen-lovat-golf-club-en/
18,"https://www.google.com/maps/place/38 Holloway Drive  Kamloops,BC V1S 0B3",Public,Par 72,"Kamloops, BC",250-434-7373,7367,https://www.tobiano.ca,Tobiano Golf Course,https://www.golfcanada.ca/golf-facility/tobiano-golf-course-en/
18,L7B 0G7,Semi-private,Par 71,"King, ON",905-841-7378,6600,,RedCrest Golf Club,https://www.golfcanada.ca/golf-facility/redcrest-golf-club-en/
18,"https://www.google.com/maps/place/PO Box 309  Onanole,MB R0J 1N0",Public,Par 71,"Onanole, MB",—,6355,,Poplar Ridge Golf Club,https://www.golfcanada.ca/golf-facility/poplar-ridge-golf-club-en/
18,"https://www.google.com/maps/place/201, chemin de la Montagne 201, chemin de la Montagne Piedmont,QC J0K 1K0",Public,Par 72,"Piedmont, QC",—,5909,,Piedmont (club de golf),https://www.golfcanada.ca/golf-facility/piedmont-club-de-golf-en/
18,"https://www.google.com/maps/place/207 Osprey Cres. P.O. Box 522 207 Osprey Cres. P.O. Box 522 Callander,ON P0H 1H0",Semi-private,Par 71,"Callander, ON",—,6400,,Osprey Links Golf Club,https://www.golfcanada.ca/golf-facility/osprey-links-golf-club-en/
27,"https://www.google.com/maps/place/1505 Hwy #2  Ancaster,ON L0R 1R0",Public,,"Ancaster, ON",—,,https://www.oakgables.com,Oak Gables Golf Club,https://www.golfcanada.ca/golf-facility/oak-gables-golf-club-en/
18,"https://www.google.com/maps/place/55 Montée du Golf, Lac-Beauport, QC G3B 0K5  Lac-Beauport,QC G3B 0K5",Public,Par 70,"Lac-Beauport, QC",(418) 849-4418,5865,,Mont Tourbillon (Club de golf),https://www.golfcanada.ca/golf-facility/mont-tourbillon-club-de-golf-en/
—,"https://www.google.com/maps/place/2321 Shantz Station Rd.  Breslau,ON N0B 1M0",Public,Par 63,"Breslau, ON",519-648-2831,3982,,Merry-Hill Golf Club - Red/Blue,https://www.golfcanada.ca/golf-facility/merry-hill-golf-club-red-blue-en/
18,"https://www.google.com/maps/place/50 Dunkirk Drive  Winnipeg,MB R2M 0V2",Public,Par —,"Winnipeg, MB",(204) 233-5888,—,,Winnipeg Canoe Club (The) - Canoe,https://www.golfcanada.ca/golf-facility/winnipeg-canoe-club-the-canoe-en/
18,"https://www.google.com/maps/place/P.O. Box 100  St. Paul's Inlet,NL A0K 4Y0",Public,Par 72,"St. Paul's Inlet, NL",—,6943,https://www.grosmorneresort.com,Gros Morne Resort,https://www.golfcanada.ca/golf-facility/gros-morne-resort-en/
18,"https://www.google.com/maps/place/4500 Fountain Drive  Red Deer,AB T4N 6W8",Private,Par 72,"Red Deer, AB",(403) 347-5441,6974,https://rdgcc.ca,Red Deer Golf & Country Club,https://www.golfcanada.ca/golf-facility/red-deer-golf-country-club-en/
18,"https://www.google.com/maps/place/15 Carré du Golf  Pont-Rouge,QC G3H 2N7",Public,Par 72,"Pont-Rouge, QC",(418) 873-5256,6234,,Pont-Rouge (Club de golf),https://www.golfcanada.ca/golf-facility/pont-rouge-club-de-golf-en/
18,"https://www.google.com/maps/place/2575 William Jackson Dr  Pickering,ON L1V 2P8",Public,Par 70,"Pickering, ON",—,5482,,Pickering Golf Club,https://www.golfcanada.ca/golf-facility/pickering-golf-club-en/
18,"https://www.google.com/maps/place/PO Box 36, 160 Alexandra Stree  Oshawa,ON L1H 7K8",Private,Par 72,"Oshawa, ON",(905) 723-4681,6721,https://www.oshawagolf.com,Oshawa Golf & Curling Club,https://www.golfcanada.ca/golf-facility/oshawa-golf-curling-club-en/
36,"https://www.google.com/maps/place/6015 Highway 89  Alliston,ON L9R 1A4",Public,,"Alliston, ON",(705) 435-5504,,,Nottawasaga Inn Golf Club,https://www.golfcanada.ca/golf-facility/nottawasaga-inn-golf-club-en/
9,"https://www.google.com/maps/place/101 Trenholm St  Nackawic,NB E6G 2L8",Public,Par 70,"Nackawic, NB",(506) 575-3305,5481,,Nackawic Golf & Country Club,https://www.golfcanada.ca/golf-facility/nackawic-golf-country-club-en/
18,"https://www.google.com/maps/place/120, Route du Mont Adstock  Adstock,QC G0N 1S0",Public,Par 71,"Adstock, QC",418-422-2242,6096,https://www.golfadstock.com,Club de Golf du Mont Adstock,https://www.golfcanada.ca/golf-facility/mont-adstock-club-de-golf-en/
18,"https://www.google.com/maps/place/PO Box 250  Meota,SK S0M 1X0",Public,Par —,"Meota, SK",(306) 845-3121,—,,Meota Golf Club,https://www.golfcanada.ca/golf-facility/meota-golf-club-en/
18,"https://www.google.com/maps/place/200 Golfwood Drive  Amherstburg,ON N9V 3T4",Private,Par 72,"Amherstburg, ON",(519) 736-8623,6631,https://www.pointewestgolf.com,Pointe West Golf Club,https://www.golfcanada.ca/golf-facility/pointe-west-golf-club-en/
18,"https://www.google.com/maps/place/PO Box 1625  Stettler,AB T0C 2L0",Public,Par 71,"Stettler, AB",(403) 742-4653,6156,https://www.pheasantbackgolf.ca,Pheasantback Golf Club,https://www.golfcanada.ca/golf-facility/pheasantback-golf-club-en/
21,L0L 1P0,Public,Par 71,", ON",—,5762,,Orr Lake Golf Club,https://www.golfcanada.ca/golf-facility/orr-lake-golf-club-en/
18,"https://www.google.com/maps/place/1776 Gulf Shore Road  Gulf Shore,NS B0K 1L0",Public,Par 72,"Gulf Shore, NS",(902) 243-2808,6618,https://www.northumberlandlinks.com,Northumberland Links,https://www.golfcanada.ca/golf-facility/northumberland-links-en/
36,"https://www.google.com/maps/place/1707 Jerseyville Road West  Ancaster,ON L0R 1R0",Semi-private,Par 73,"Ancaster, ON",1-888-833-8787,7365,https://www.mysticgolfclub.com,Mystic Golf Club,https://www.golfcanada.ca/golf-facility/mystic-golf-club-en/
18,"https://www.google.com/maps/place/212 Coverdale Rd 212 Coverdale Rd Riverview,NB E1B 4T9",Semi-private,Par 70,"Riverview, NB",(506) 387-3850,6213,https://www.monctongolfclub.nb.ca,Moncton Golf & Country Club,https://www.golfcanada.ca/golf-facility/moncton-golf-country-club-en/
18,"https://www.google.com/maps/place/50 Inverness Dr  Kitchener,ON N2M 4Z9",Private,Par 73,"Kitchener, ON",(519) 742-2323,7018,https://www.westmountgolf.com,Westmount Golf & Country Club,https://www.golfcanada.ca/golf-facility/westmount-golf-country-club-en/
18,—,Private,Par 72,", QC",—,7488,,Memphrémagog (Club de golf),https://www.golfcanada.ca/golf-facility/memphremagog-club-de-golf-en/
18,"https://www.google.com/maps/place/RR #1  Westerose,AB T0C 2V0",Public,Par 71,"Westerose, AB",(780) 586-2071,6379,,Willow Greens Golf Resort,https://www.golfcanada.ca/golf-facility/willow-greens-golf-resort-en/
18,"https://www.google.com/maps/place/156 Bolsover Rd  Bolsover,ON K0M 1B0",Public,Par 70,"Bolsover, ON",—,6130,,Western Trent Golf Club,https://www.golfcanada.ca/golf-facility/western-trent-golf-club-en/
18,"https://www.google.com/maps/place/PO Box 300  Tofield,AB T0B 4J0",Public,Par 33,"Tofield, AB",(780) 662-3457,2296,https://golftofield.ca,Tofield Golf & Country Club,https://www.golfcanada.ca/golf-facility/tofield-golf-country-club-en/
18,"https://www.google.com/maps/place/3350 S.W. Marine Dr.  Vancouver,BC V6N 3Y9",Private,Par 72,"Vancouver, BC",(604) 267-4306,6701,https://www.pointgreygolf.com,Point Grey Golf & Country Club,https://www.golfcanada.ca/golf-facility/point-grey-golf-country-club-en/
27,"https://www.google.com/maps/place/18033 Warden Avenue  Sharon,ON L0G 1V0",Public,,"Sharon, ON",(905) 898-3917,,,Pheasant Run Golf Club,https://www.golfcanada.ca/golf-facility/pheasant-run-golf-club-en/
18,"https://www.google.com/maps/place/C-5, McCausland Rd., RR 1  Powell River,BC V8A 4Z2",Public,Par 72,"Powell River, BC",(604) 4874653,6923,https://www.myrtlepointgolfclub.com,Myrtle Point Golf Club,https://www.golfcanada.ca/golf-facility/myrtle-point-golf-club-en/
9,"https://www.google.com/maps/place/PO Box 814  Fraser Lake,BC V0J 1S0",Public,Par 70,"Fraser Lake, BC",(250) 699-7761,5763,,Molyhills Golf Club,https://www.golfcanada.ca/golf-facility/molyhills-golf-club-en/
18,"https://www.google.com/maps/place/PO Box 10  Shell Lake,SK S0J 2G0",Public,Par 71,"Shell Lake, SK",(306) 427-2281,6011,,Memorial Lake Regional Park Golf Course,https://www.golfcanada.ca/golf-facility/memorial-lake-regional-park-golf-course-en/
18,"https://www.google.com/maps/place/2455 Base Line R.R. # 8  Keene,ON K9J 6X7",Semi-private,Par 71,"Keene, ON",(705) 743-5953,6306,https://pinecrestgolfclub.com,Pine Crest Golf & Country Club,https://www.golfcanada.ca/golf-facility/pine-crest-golf-country-club-en/
18,"https://www.google.com/maps/place/2777 KLO Rd.  Kelowna,BC V1W 4A5",Public,Par 64,"Kelowna, BC",(250) 763-2447,4166,,Orchard Greens Golf Club,https://www.golfcanada.ca/golf-facility/orchard-greens-golf-club-en/
9,"https://www.google.com/maps/place/540 Twincity Crossroads  Thunder Bay,ON P7G 1S6",Public,Par 72,"Thunder Bay, ON",(807) 935-2687,6946,,Northern Lights Golf Complex,https://www.golfcanada.ca/golf-facility/northern-lights-golf-complex-en/
18,"https://www.google.com/maps/place/Box 280  Port Carling,ON P0B 1J0",Private,Par 70,"Port Carling, ON",(705) 765-3166,5995,,Muskoka Lakes Golf & Country Club Ltd.,https://www.golfcanada.ca/golf-facility/muskoka-lakes-golf-country-club-ltd-en/
18,"https://www.google.com/maps/place/1725 Mississauga Road  Mississauga,ON L5H 2K4",Private,,"Mississauga, ON",(905) 278-4837,,https://www.mississauguagolf.com,Mississaugua Golf and Country Club,https://www.golfcanada.ca/golf-facility/mississaugua-golf-and-country-club-en/
18,"https://www.google.com/maps/place/PO Box 621  Melfort,SK S0E 1A0",Public,Par 72,"Melfort, SK",(306) 761-2461,6459,,Melfort Golf & Country Club,https://www.golfcanada.ca/golf-facility/melfort-golf-country-club-en/
18,"https://www.google.com/maps/place/1030 Armour Road  Peterborough,ON K9H 7H4",Private,Par 71,"Peterborough, ON",(705) 743-5010,6418,https://www.ptbogolf.com,Peterborough Golf & Country Club,https://www.golfcanada.ca/golf-facility/peterborough-golf-country-club-en/
9,"https://www.google.com/maps/place/273 Metro Road North  Keswick,ON L4P 3E1",Semi-private,Par 72,"Keswick, ON",—,6170,https://www.orchardbeachgolf.com,Orchard Beach Golf & Country Club,https://www.golfcanada.ca/golf-facility/orchard-beach-golf-country-club-en/
18,"https://www.google.com/maps/place/665 Bruce Street  Hepworth,ON N0H 1P0",Public,Par 72,"Hepworth, ON",(519) 935-3000,6400,,Northern Dunes Golf Club Ltd.,https://www.golfcanada.ca/golf-facility/northern-dunes-golf-club-ltd-en/
18,"https://www.google.com/maps/place/1036 S. Monck Drive  Bracebridge,ON P1L 1W8",Public,Par 69,"Bracebridge, ON",(705) 646-1060,5644,,Muskoka Highlands Golf Links,https://www.golfcanada.ca/golf-facility/muskoka-highlands-golf-links-en/
18,"https://www.google.com/maps/place/PO Box 3161  Mission,BC V2V 4J4",Semi-private,Par 71,"Mission, BC",(604) 826-7617,6067,https://www.missiongolfclub.com,Mission Golf & Country Club,https://www.golfcanada.ca/golf-facility/mission-golf-country-club-en/
18,"https://www.google.com/maps/place/13615 Harris Rd.  Pitt Meadows,BC V3Y 2R8",Semi-private,Par 72,"Pitt Meadows, BC",(604) 465-5431,6549,https://www.pittmeadowsgolf.com,Pitt Meadows Golf Club,https://www.golfcanada.ca/golf-facility/pitt-meadows-golf-club-en/
18,"https://www.google.com/maps/place/947 PIGEON ST NE  Medicine Hat,AB T1C 1R2",Semi-private,Par 72,"Medicine Hat, AB",(403) 529-6930,6696,https://www.medhatgolf.com,Medicine Hat Golf & Country Club,https://www.golfcanada.ca/golf-facility/medicine-hat-golf-country-club-en/
18,"https://www.google.com/maps/place/PO Box 537  Wembley,AB T0H 3S0",Public,Par 71,"Wembley, AB",(780) 766-2720,5851,https://pipestonegc.ca,Pipestone Golf Club,https://www.golfcanada.ca/golf-facility/pipestone-golf-club-en/
9,"https://www.google.com/maps/place/141 Peninsula Road  Marathon,ON P0T 2E0",Public,Par 72,"Marathon, ON",(807) 229-1392,6142,https://www.marathon.ca,Peninsula Golf Course,https://www.golfcanada.ca/golf-facility/peninsula-golf-course-en/
18,"https://www.google.com/maps/place/1075 Highway 7  Oakwood,ON K0M 2M0",Semi-private,Par 71,"Oakwood, ON",(705) 953-2093,6520,https://www.olivers-nest.com,Oliver's Nest Golf Club,https://www.golfcanada.ca/golf-facility/olivers-nest-golf-club-en/
18,"https://www.google.com/maps/place/476 South Mary Lake Rd RR 1  Port Sydney,ON P0B 1L0",Public,Par 70,"Port Sydney, ON",705-385-0808,6163,,North Granite Ridge Golf Club,https://www.golfcanada.ca/golf-facility/north-granite-ridge-golf-club-en/
18,"https://www.google.com/maps/place/C/O 376 Bacchus Drive  Thunder Bay,ON P7K 1J5",Public,Par 72,"Thunder Bay, ON",(807) 939-1331,5610,,Municipal Golf Club,https://www.golfcanada.ca/golf-facility/municipal-golf-club-en/
9,—,Semi-private,Par 72,"Walkerton, ON",519-881-0709,6106,,Walkerton Golf & Curling Club,https://www.golfcanada.ca/golf-facility/walkerton-golf-curling-club-en/
18,"https://www.google.com/maps/place/19 Buhler Drive 19 Buhler Drive Morden,MB R6M 1A2",Semi-private,Par 72,"Morden, MB",(204) 822-4992,6646,https://golfminnewasta.com,Minnewasta Golf & Country Club,https://www.golfcanada.ca/golf-facility/minnewasta-golf-country-club-en/
18,"https://www.google.com/maps/place/47823 Yale Rd. East  Chilliwack,BC V2P 7N3",Public,Par 70,"Chilliwack, BC",(604) 792-2276,5613,https://www.meadowlandsgolfcountry.com,Meadowlands Golf & Country Club,https://www.golfcanada.ca/golf-facility/meadowlands-golf-country-club-en/
18,"https://www.google.com/maps/place/R.R.  # 3  St. Mary's,ON N4X 1C6",Semi-private,Par 65,"St. Mary's, ON",5192252329,4734,https://www.rivervalleygolfandtube.com,River Valley Golf Club,https://www.golfcanada.ca/golf-facility/river-valley-golf-club-en/
9,"https://www.google.com/maps/place/2305 Otter Bay, P.O.  Box 6  Pender Island,BC V0N 2M0",Public,Par 68,"Pender Island, BC",(250) 629-6659,5045,https://www.penderislandgolf.com,Pender Island Golf & Country Club,https://www.golfcanada.ca/golf-facility/pender-island-golf-country-club-en/
23,"https://www.google.com/maps/place/RR 1 Site 2 Box 13  Olds,AB T4H 1P2",Public,Par 72,"Olds, AB",(403) 556-8008,6890,https://www.oldsgolf.com,Olds Golf Club,https://www.golfcanada.ca/golf-facility/olds-golf-club-en/
18,"https://www.google.com/maps/place/Box 802 - 100 Tupper Drive  North Bay,ON P1B 8K1",Private,Par 72,"North Bay, ON",(705) 472-7270,6509,,North Bay Golf & Country Club Ltd.,https://www.golfcanada.ca/golf-facility/north-bay-golf-country-club-ltd-en/
18,"https://www.google.com/maps/place/612 Muirfield Crescent  Lyalta,AB T0J 1Y1",Public,Par 70,"Lyalta, AB",—,6313,https://www.muirfieldlakes.com,Muirfield Lakes Golf Club,https://www.golfcanada.ca/golf-facility/muirfield-lakes-golf-club-en/
18,"https://www.google.com/maps/place/61 6th Street SW  Minnedosa,MB R0J 1E0",Public,Par 72,"Minnedosa, MB",(204) 867-3151,6461,https://www.discoverminnedosa.com,Minnedosa Golf & Country Club,https://www.golfcanada.ca/golf-facility/minnedosa-golf-country-club-en/
18,"https://www.google.com/maps/place/1505 2nd Street  Wainwright,AB T9W 1L5",Public,Par 72,"Wainwright, AB",(780) 842-3046,6424,,Wainwright Golf Course,https://www.golfcanada.ca/golf-facility/wainwright-golf-course-en/
18,"https://www.google.com/maps/place/11939 Warden Avenue, Box 670  Gormley,ON L0H 1G0",Private,Par 71,"Gormley, ON",(905) 887-5801,7007,https://www.meadowbrookgolf.net,Meadowbrook Golf & Country Club,https://www.golfcanada.ca/golf-facility/meadowbrook-golf-country-club-en/
18,"https://www.google.com/maps/place/1140, route Philomene-Thibodea  St-Alban,QC G0A 3B0",Public,Par 70,"St-Alban, QC",4182685210,5583,https://www.golfdespins.com,Pins (Club de golf des),https://www.golfcanada.ca/golf-facility/pins-club-de-golf-des-en/
9,"https://www.google.com/maps/place/P.O. Box 154  Madeira Park,BC V0N 2H0",Public,Par 72,"Madeira Park, BC",(604) 883-9541,6190,,Pender Harbour Golf Club,https://www.golfcanada.ca/golf-facility/pender-harbour-golf-club-en/
9,"https://www.google.com/maps/place/6 Central Street 6 Central Street Doaktown,NB E9C 1E6",Public,Par 72,"Doaktown, NB",(506) 365-7584,6104,,Old Mill Pond Golf & Country Club,https://www.golfcanada.ca/golf-facility/old-mill-pond-golf-country-club-en/
18,"https://www.google.com/maps/place/PO Box 372  North Battleford,SK S9A 2Y3",Public,Par 72,"North Battleford, SK",(306) 937-5656,6562,https://www.northbattlefordgolf.com,North Battleford Golf & Country Club,https://www.golfcanada.ca/golf-facility/north-battleford-golf-country-club-en/
18,"https://www.google.com/maps/place/1 Tee Time Drive 1 Tee Time Drive Moncton,NB E1G 3T7",Public,Par 72,"Moncton, NB",(506) 858-1611,6195,https://www.mountainwoods.ca,Mountain Woods Golf Club,https://www.golfcanada.ca/golf-facility/mountain-woods-golf-club-en/
9,"https://www.google.com/maps/place/30 Rue Long  Granby,QC J2G 6S8",Public,Par 72,"Granby, QC",(450) 372-4462,5809,,Miner (Club de golf),https://www.golfcanada.ca/golf-facility/miner-club-de-golf-en/
—,"https://www.google.com/maps/place/18 Alusru Way  Whitehorse,YT Y1A 0C3",Public,Par 72,"Whitehorse, YT",(867)668-4653,5548,,Meadow Lakes Golf Course,https://www.golfcanada.ca/golf-facility/meadow-lakes-golf-course-en/
18,"https://www.google.com/maps/place/PO Box 160 Highway 2 Holdfast,SK S0G 2H0",Public,Par —,"Holdfast, SK",(306) 488-2194,—,,Holdfast Golf Club,https://www.golfcanada.ca/golf-facility/holdfast-golf-club-en/
9,"https://www.google.com/maps/place/1550 Pebblestone Road  Courtice,ON L1E 2K6",Semi-private,Par 70,"Courtice, ON",(905) 725-7452,5622,https://www.pebblestonegolfcourse.com,Pebblestone Golf Course Ltd.,https://www.golfcanada.ca/golf-facility/pebblestone-golf-course-ltd-en/
18,"https://www.google.com/maps/place/Box 305  Perdue,SK S0K 3C0",Public,Par 72,"Perdue, SK",(306) 237-4365,6960,https://oasisgolfresort.com,Oasis Golf Resort,https://www.golfcanada.ca/golf-facility/oasis-golf-resort-en/
27,"https://www.google.com/maps/place/125 Nobelton Lakes Dr.  Nobleton,ON L0G 1N0",Public,,"Nobleton, ON",(905) 859-4070,,https://www.nobletonlakesgolf.com,Nobleton Lakes Golf Club,https://www.golfcanada.ca/golf-facility/nobleton-lakes-golf-club-en/
18,"https://www.google.com/maps/place/311 Mountain View RD  Arnprior,ON K7S-3H6",Semi-private,Par 70,"Arnprior, ON",(613) 623-8919,6025,https://www.mountaincreekgolf.com,Mountain Creek Golf Club,https://www.golfcanada.ca/golf-facility/mountain-creek-golf-club-en/
18,"https://www.google.com/maps/place/PO Box 74  Wadena,SK S0A 4J0",Public,Par —,"Wadena, SK",(306) 697-3055,—,,Wadena Golf Club,https://www.golfcanada.ca/golf-facility/wadena-golf-club-en/
27,"https://www.google.com/maps/place/7994 Yonge Street  Thornhill,ON L4J 1W3",Private,,"Thornhill, ON",(905) 881-3000,,https://www.thornhillgcc.com,The Thornhill Club,https://www.golfcanada.ca/golf-facility/the-thornhill-club-en/
18,—,Public,Par 62,", ON",905-659-1271,4110,,Pineland Greens Golf Club,https://www.golfcanada.ca/golf-facility/pineland-greens-golf-club-en/
45,"https://www.google.com/maps/place/RR#1, 269 Durham Rd 8  Uxbridge,ON L9P 1R1",Semi-private,,"Uxbridge, ON",(905) 852-6212,,,Mill Run Golf Club,https://www.golfcanada.ca/golf-facility/mill-run-golf-country-club-en/
9,"https://www.google.com/maps/place/PO Box 584  Watson,SK S0K 4V0",Public,Par 70,"Watson, SK",(306) 287-4240,6446,,McNab Regional Park Golf Club,https://www.golfcanada.ca/golf-facility/mcnab-regional-park-golf-club-en/
18,"https://www.google.com/maps/place/1000 Bloor St East  Oshawa,ON L1H 8S1",Semi-private,Par —,"Oshawa, ON",—,—,,Harmony Creek Golf Centre Ltd.,https://www.golfcanada.ca/golf-facility/harmony-creek-golf-centre-ltd-en/
18,"https://www.google.com/maps/place/RR 4, County Road 44  Kemptville,ON K0G 1J0",Semi-private,Par 68,"Kemptville, ON",(613) 258-4404,4282,,Rideau Glen Golf Club,https://www.golfcanada.ca/golf-facility/rideau-glen-golf-club-en/
18,"https://www.google.com/maps/place/Box 475  Provost,AB T0B 3S0",Public,Par —,"Provost, AB",(780) 753-6478,—,,Provost & District Golf Club,https://www.golfcanada.ca/golf-facility/provost-district-golf-club-en/
36,"https://www.google.com/maps/place/1471 Blair Road  Ottawa,ON K1B 4S3",Public,,"Ottawa, ON",—,,https://www.pineview.com,Pine View Golf Course,https://www.golfcanada.ca/golf-facility/pine-view-golf-course-en/
9,"https://www.google.com/maps/place/Box 339  Arborfield,SK S0E 0L0",Public,Par 74,"Arborfield, SK",(306) 768-2880,6468,https://www.pasquia.com,Pasquia RP Golf Club,https://www.golfcanada.ca/golf-facility/pasquia-rp-golf-club-en/
18,"https://www.google.com/maps/place/665 CH Des Vingt  St-Bruno-de-Montarville,QC J3V 4P6",Private,Par 70,"St-Bruno-de-Montarville, QC",(450) 653-2201,6631,,Mount Bruno Country Club,https://www.golfcanada.ca/golf-facility/mount-bruno-country-club-en/
18,"https://www.google.com/maps/place/53 Desaultels St.  Ste. Anne,MB R5H 1B9",Public,Par 72,"Ste. Anne, MB",(204) 422-8045,6073,,Oakwood Golf Course,https://www.golfcanada.ca/golf-facility/oakwood-golf-course-en/
18,"https://www.google.com/maps/place/2200 Chemin Bowers, Sherbrooke, QC J1M 0B9  Sherbrooke,QC J1M 0B9",Semi-private,Par 73,"Sherbrooke, QC",(819) 562-4260,6712,https://www.golfmilby.com,Milby (Club de golf),https://www.golfcanada.ca/golf-facility/milby-club-de-golf-en/
18,"https://www.google.com/maps/place/1600 32nd Avenue N.E.  Calgary,AB T2E 6R6",Public,Par 71,"Calgary, AB",(403) 291-0021,6845,,McCall Lake Golf Course,https://www.golfcanada.ca/golf-facility/mccall-lake-golf-course-en/
18,"https://www.google.com/maps/place/50 St. Phillips Road  Etobicoke,ON M9P 2N6",Private,Par 72,"Etobicoke, ON",(416) 241-5254,6807,,Weston Golf & Country Club Ltd,https://www.golfcanada.ca/golf-facility/weston-golf-country-club-ltd-en/
18,"https://www.google.com/maps/place/RR#2  Guelph,ON N1H 6H8",Semi-private,Par 71,"Guelph, ON",(519) 821-2211,6426,,Victoria Park East Golf Club,https://www.golfcanada.ca/golf-facility/victoria-park-east-golf-club-en/
18,"https://www.google.com/maps/place/3797 Joy's Road  Richmond,ON K0A 2Z0",Public,Par 67,"Richmond, ON",(613) 838-4791,4815,https://richmondcentennialgolf.com,Richmond Centennial Golf Club,https://www.golfcanada.ca/golf-facility/richmond-centennial-golf-club-en/
9,"https://www.google.com/maps/place/1084 Highway 30  Gretna,MB R0G 0V0",Public,Par 72,"Gretna, MB",2043040156,6436,,Oakview Golf & Country Club,https://www.golfcanada.ca/golf-facility/oakview-golf-country-club-en/
18,"https://www.google.com/maps/place/2900 College Rd  Stevensville,ON L0S 1S0",Public,Par 72,"Stevensville, ON",—,6887,,Niagara National Golf & Country,https://www.golfcanada.ca/golf-facility/niagara-national-golf-country-en/
18,"https://www.google.com/maps/place/525 Lowry's Road  Parksville,BC V9P 2R8",Semi-private,Par 73,"Parksville, BC",250-248-2244,7003,https://www.morningstargolf.com,Morningstar Golf Club,https://www.golfcanada.ca/golf-facility/morningstar-golf-club-en/
18,"https://www.google.com/maps/place/34122 East Harmony Trail  Calgary,AB T3Z 0G8",Private,Par 72,"Calgary, AB",4036200086,7437,,Mickelson National Golf Club,https://www.golfcanada.ca/golf-facility/mickelson-national-golf-club-en/
18,"https://www.google.com/maps/place/679 Rte 195, Matane  Matane,QC G4W 3N1",Public,Par 71,"Matane, QC",(418) 562-4915,6040,https://www.golfmatane.com,Matane (Club de Golf de),https://www.golfcanada.ca/golf-facility/matane-club-de-golf-de-en/
27,"https://www.google.com/maps/place/2694 Wilson Dr  Minesing,ON L9X 1K9",Private,,"Minesing, ON",(705) 721-3303,,,Vespra Hills Golf Club,https://www.golfcanada.ca/golf-facility/vespra-hills-golf-club-en/
36,"https://www.google.com/maps/place/5407 Regional Road #25  Milton,ON L9T 2X5",Private,,"Milton, ON",(905) 878-6222,,https://en.clublink.ca,RattleSnake Point Golf Club,https://www.golfcanada.ca/golf-facility/rattlesnake-point-golf-club-en/
18,"https://www.google.com/maps/place/320 Queen Street,  Fredericton,NB E3B 1B2",Public,Par —,"Fredericton, NB",506-206-3060,—,,Par 94 Bar and Golf Lounge,https://www.golfcanada.ca/golf-facility/par-94-bar-and-golf-lounge-en/
18,"https://www.google.com/maps/place/269 German School Rd  Paris,ON N3L 3E1",Semi-private,Par 72,"Paris, ON",1-888-833-8787,6363,,The Oaks of St. George Golf Club,https://www.golfcanada.ca/golf-facility/oaks-of-st-george-golf-club-en/
18,"https://www.google.com/maps/place/6169 Garner Rd  Niagara Falls,ON L2E 6S4",Public,Par —,"Niagara Falls, ON",905-358-4653,—,,Niagara Falls Golf Club,https://www.golfcanada.ca/golf-facility/niagara-falls-golf-club-en/
18,"https://www.google.com/maps/place/3500 Morgan Creek Way  Surrey,BC V3Z 0J7",Public,Par 72,"Surrey, BC",(604) 531-4653,6955,https://www.morgancreekgolf.com,Morgan Creek Golf Course,https://www.golfcanada.ca/golf-facility/morgan-creek-golf-course-en/
9,"https://www.google.com/maps/place/Box 625  Riverton,MB R0C 2R0",Public,Par 72,"Riverton, MB",204-642-4653,6480,,Marvellous Meadows Golf & Grill,https://www.golfcanada.ca/golf-facility/marvellous-meadows-golf-grill-en/
18,"https://www.google.com/maps/place/P.O. BOX 1935  Wawa,ON P0S 1K0",Public,Par —,"Wawa, ON",—,—,,Michipicoten Golf Club,https://www.golfcanada.ca/golf-facility/michipicoten-golf-club-en/
18,"https://www.google.com/maps/place/112 McWatty Road  Pakenham,ON K0A 2X0",Public,,"Pakenham, ON",(613) 624-5550,,https://www.highlandsgolfclubs.com/pakgolf-home.htm,Pakenham Highlands Golf Course,https://www.golfcanada.ca/golf-facility/pakenham-highlands-golf-course-en/
18,"https://www.google.com/maps/place/1725 KOHLSMITH ROAD  COBDEN,ON K0J 1K0",Public,Par 71,"COBDEN, ON",(613) 646-2003,6227,"https://www.info@oaksofcobden,com",Oaks of Cobden Golf Club,https://www.golfcanada.ca/golf-facility/oaks-of-cobden-golf-club-en/
29,"https://www.google.com/maps/place/21025 48th Avenue  Langley,BC V3A 3M3",Public,Par 72,"Langley, BC",(604) 534-9211,6103,,Newlands Golf Club,https://www.golfcanada.ca/golf-facility/newlands-golf-club-en/
9,"https://www.google.com/maps/place/Box 974  Oxbow,SK S0C 2B0",Public,Par 72,"Oxbow, SK",306-483-2403,6756,https://www.oxbow.ca,Moose Creek Golf Club,https://www.golfcanada.ca/golf-facility/moose-creek-golf-club-en/
18,"https://www.google.com/maps/place/10325 Willodell Road  Niagara falls,ON L0S 1K0",Semi-private,Par 72,"Niagara falls, ON",—,6431,https://www.willodellgolfclub.com,Willodell Golf Club,https://www.golfcanada.ca/golf-facility/willodell-golf-club-en/
36,"https://www.google.com/maps/place/250 Montée du Moulin  Verchères,QC J0L 2R0",Public,,"Verchères, QC",(450) 583-3319,,,Verchères (Club de golf),https://www.golfcanada.ca/golf-facility/vercheres-club-de-golf-en/
18,"https://www.google.com/maps/place/1085 Lexington Dr.  Kelowna,BC V1W 4M8",Public,Par 63,"Kelowna, BC",250-763-7888,3721,,Michaelbrook Golf,https://www.golfcanada.ca/golf-facility/michaelbrook-golf-en/
18,K0L 2A0,Public,Par —,—,—,—,,MartinWood Resort & Golf Course,https://www.golfcanada.ca/golf-facility/martinwood-resort-golf-course-en/
18,"https://www.google.com/maps/place/PO Box 76  Maymont,SK S0M 1T0",Public,Par —,"Maymont, SK",(306) 389-4700,—,,Glenburn Golf Club,https://www.golfcanada.ca/golf-facility/glenburn-golf-club-en/
18,"https://www.google.com/maps/place/5421 Hamilton Rd  Dorchester,ON N0L 1G6",Semi-private,Par 71,"Dorchester, ON",(519) 268-3352,6415,,Pine Knot Golf & Country Club,https://www.golfcanada.ca/golf-facility/pine-knot-golf-country-club-en/
36,"https://www.google.com/maps/place/1519 Chemin de la Rivière  Magog,QC J1X 3W5",Semi-private,,"Magog, QC",8198646646,,https://www.clubdegolfvenise.ca,Venise (Club de golf),https://www.golfcanada.ca/golf-facility/venise-club-de-golf-en/
18,"https://www.google.com/maps/place/PO Box 114  Oyen,AB T0J 2J0",Public,Par 72,"Oyen, AB",(403) 664-2555,6492,,Oyen & District Golf Club,https://www.golfcanada.ca/golf-facility/oyen-district-golf-club-en/
18,"https://www.google.com/maps/place/75074 Township Road 39-5  Rocky Mountain House,AB T4T 1B4",Semi-private,Par 72,"Rocky Mountain House, AB",(403)845-7400,6546,https://www.pinehillsgolf.ca,Pine Hills Golf Club,https://www.golfcanada.ca/golf-facility/pine-hills-golf-club-en/
18,"https://www.google.com/maps/place/PO Box 7  Komoka,ON N0L 1R0",Private,Par 72,"Komoka, ON",(519) 652-1760,6909,https://www.oaksgolf.com,"Oaks Golf & Country Club, The",https://www.golfcanada.ca/golf-facility/oaks-golf-country-club-the-en/
18,"https://www.google.com/maps/place/2429 Golf Course Rd, RR#8  Newcastle,ON L1B 1L9",Public,Par 70,"Newcastle, ON",(905) 987-4851,6252,https://www.newcastlegolf.ca,Newcastle Golf Course,https://www.golfcanada.ca/golf-facility/newcastle-golf-course-en/
27,"https://www.google.com/maps/place/905 Valley Rd.  Saskatoon,SK S7K 3J6",Public,,"Saskatoon, SK",3063825500,,https://www.moonlakegolf.com,Moon Lake Golf and Country Club,https://www.golfcanada.ca/golf-facility/moon-lake-golf-and-country-club-en/
18,"https://www.google.com/maps/place/Box 267  Miami,MB R0G 1H0",Public,Par 70,"Miami, MB",(204) 435-2756,6066,https://golfmiami.ca,Miami Golf & Country Club Inc.,https://www.golfcanada.ca/golf-facility/miami-golf-country-club-inc-en/
18,"https://www.google.com/maps/place/PO Box 488  Blaine Lake,SK S0J 0J0",Public,Par —,"Blaine Lake, SK",(306) 466-4438,—,,Martin's Lake Reg. Park Golf Club - Martins Lake,https://www.golfcanada.ca/golf-facility/martins-lake-reg-park-golf-club-martins-lake-en/
—,—,Public,Par 54,", ON",—,2164,,Hamilton Golf & Country Club,https://www.golfcanada.ca/golf-facility/hamilton-golf-country-club-en-2/
18,"https://www.google.com/maps/place/PO Box 35  Water Valley,AB T0M 2E0",Public,Par 72,"Water Valley, AB",4036372388,6930,,Water Valley Golf Club,https://www.golfcanada.ca/golf-facility/water-valley-golf-country-club-en/
18,"https://www.google.com/maps/place/3350 Boulevard Du Bord-de-L'eau  Salaberry-de-Valleyfield,QC J6S 6E1",Public,Par 72,"Salaberry-de-Valleyfield, QC",(450) 373-2076,6538,https://www.clubdegolfvalleyfield.com,Valleyfield (Club de Golf de),https://www.golfcanada.ca/golf-facility/valleyfield-club-de-golf-de-en/
18,"https://www.google.com/maps/place/1993 7th Line Asphodel, RR#3  Norwood,ON K0L 2V0",Public,Par 71,"Norwood, ON",(705) 696-2915,6154,https://www.oaklandgreens.com,Oakland Greens Golf & Country Club,https://www.golfcanada.ca/golf-facility/oakland-greens-golf-country-club-en/
18,"https://www.google.com/maps/place/369 Broadway Avenue  Neepawa,MB R0J 1H0",Public,Par 72,"Neepawa, MB",(204) 476-5711,6538,https://www.neepawagolf.com,Neepawa Golf & Country Club,https://www.golfcanada.ca/golf-facility/neepawa-golf-country-club-en/
18,"https://www.google.com/maps/place/473 Chemin du Golf  Montmagny,QC G5V 3R9",Semi-private,Par 72,"Montmagny, QC",(418) 248-1020,6347,https://www.golfmontmagny.com,Montmagny (Club de Golf),https://www.golfcanada.ca/golf-facility/montmagny-club-de-golf-en/
18,"https://www.google.com/maps/place/125 Milner Ave 125 Milner Ave Scarborough,ON M1S 3R1",Public,Par —,"Scarborough, ON",(416) 321-933,—,,Metro Golf Sportsplex,https://www.golfcanada.ca/golf-facility/metro-golf-sportsplex-en/
18,"https://www.google.com/maps/place/PO Box 220  Waskesiu,SK S0J 2Y0",Public,Par 70,"Waskesiu, SK",(306) 663-5301,6226,https://www.waskesiugolf.com,Waskesiu Golf Course,https://www.golfcanada.ca/golf-facility/waskesiu-golf-course-en/
18,"https://www.google.com/maps/place/1234455  Calgary,AB T3B 5L4",Semi-private,Par 72,"Calgary, AB",(403) 221-9682,6899,https://www.valleyridgegolf.com,Valley Ridge Golf Club,https://www.golfcanada.ca/golf-facility/valley-ridge-golf-club-en/
18,"https://www.google.com/maps/place/3300 Cadboro Bay Rd.  Victoria,BC V8R 5K5",Semi-private,Par 70,"Victoria, BC",(250) 592-7313,6420,https://www.uplandsgolfclub.com,Uplands Golf Club,https://www.golfcanada.ca/golf-facility/uplands-golf-club-en/
18,"https://www.google.com/maps/place/Po Box 2397  Pincher Creek,AB T0K 1W0",Public,Par 74,"Pincher Creek, AB",(403) 627-2126,6600,https://www.pinchercreek.ca,Pincher Creek Golf Club,https://www.golfcanada.ca/golf-facility/pincher-creek-golf-club-en/
18,"https://www.google.com/maps/place/4805 Hwy 169  Foot's Bay,ON P0C 1H0",Private,Par 72,"Foot's Bay, ON",(705) 375-0555,7147,,Oviinbyrd,https://www.golfcanada.ca/golf-facility/oviinbyrd-golf-club-en/
18,"https://www.google.com/maps/place/PO Box 280  Ile Des Chenes,MB R0A 0T0",Public,Par —,"Ile Des Chenes, MB",(204) 878-2098,—,,Oakgrove Golf Course,https://www.golfcanada.ca/golf-facility/oakgrove-golf-course-en/
18,"https://www.google.com/maps/place/4925 Hwy 6  Caledonia,ON N3W 1Z6",Public,,"Caledonia, ON",—,,,MontHill Golf & Country Club,https://www.golfcanada.ca/golf-facility/monthill-golf-country-club-en/
18,"https://www.google.com/maps/place/55 South Cove Road  Shediac,NB E4P 2T4",Public,Par 0,"Shediac, NB",(506) 532-6713,0,,Wikiwak Executive Golf Club,https://www.golfcanada.ca/golf-facility/wikiwak-executive-golf-club-en/
9,"https://www.google.com/maps/place/Box 27023, Colwood Corner  Victoria,BC V9B 5S4",Public,Par 69,"Victoria, BC",(250) 478-3266,5908,,Metchosin Golf Course & Country Club,https://www.golfcanada.ca/golf-facility/metchosin-golf-course-country-club-en/
18,"https://www.google.com/maps/place/1 Willis Drive 1 Willis Drive Pinawa,MB R0E 1L0",Semi-private,Par 72,"Pinawa, MB",(204) 753-2294,6589,https://www.pinawaclub.mb.ca,Pinawa Golf Club,https://www.golfcanada.ca/golf-facility/pinawa-golf-club-en/
9,"https://www.google.com/maps/place/PO Box 681  Outlook,SK S0L 2N0",Public,Par 71,"Outlook, SK",(306) 867-8266,6268,https://outlookregpark.ca,Outlook Riverview Golf Club,https://www.golfcanada.ca/golf-facility/outlook-riverview-golf-club-en/
18,"https://www.google.com/maps/place/6055 Highway #2  Enfield,NS B2T 1C6",Semi-private,Par 72,"Enfield, NS",(902) 861-2777,6770,https://www.oakfield.ca/,Oakfield Golf and Country Club,https://www.golfcanada.ca/golf-facility/oakfield-golf-and-country-club-en/
18,"https://www.google.com/maps/place/PO Box 6562  Wetaskiwin,AB T9A 2G2",Public,Par 72,"Wetaskiwin, AB",(780) 352-5342,6566,https://www.countryclubtour.com,Montgomery Glen Golf & Country Club,https://www.golfcanada.ca/golf-facility/montgomery-glen-golf-country-club-en/
18,"https://www.google.com/maps/place/R.R. #4  Warkworth,ON K0K 3K0",Public,Par 72,"Warkworth, ON",(705) 924-2569,5896,,Warkworth Golf Club,https://www.golfcanada.ca/golf-facility/warkworth-golf-club-en/
36,"https://www.google.com/maps/place/100 Chemin du Golf  Sainte-Julie,QC J3E 1Y1",Private,,"Sainte-Julie, QC",4506491511,,https://www.valleedurichelieu.com,Vallée du Richelieu (Club de golf),https://www.golfcanada.ca/golf-facility/vallee-du-richelieu-club-de-golf-en/
27,"https://www.google.com/maps/place/1956 8th Line Rd  Metcalfe,ON K0A 2P0",Semi-private,,"Metcalfe, ON",—,,,Metcalfe Golf Club,https://www.golfcanada.ca/golf-facility/metcalfe-golf-club-en/
18,"https://www.google.com/maps/place/1 Frog Creek Road Couchiching First Nation Fort Frances,ON P9A 3M3",Public,Par 72,"Fort Frances, ON",807-274-5678,7136,https://www.heronlandinggc.com,Heron Landing Golf Course,https://www.golfcanada.ca/golf-facility/heron-landing-golf-course-en/
18,"https://www.google.com/maps/place/435 Airport Perimeter Road 7 Edmonton International Airport,AB T9E 0V4",Public,Par 72,"Edmonton International Airport, AB",7808907888,7322,https://www.RedTailLanding.com,RedTail Landing Golf Club,https://www.golfcanada.ca/golf-facility/redtail-landing-golf-club-en/
18,"https://www.google.com/maps/place/Box 143  Pilot Mound,MB R0G 1P0",Public,Par 36,"Pilot Mound, MB",(204) 825-2766,3012,,Pilot Mound Golf Club,https://www.golfcanada.ca/golf-facility/pilot-mound-golf-club-en/
18,"https://www.google.com/maps/place/275 James St RR#1  Otterville,ON N0J 1R0",Public,Par 72,"Otterville, ON",—,7006,https://www.ottercreekgolfclub.com,Otter Creek Golf Club,https://www.golfcanada.ca/golf-facility/otter-creek-golf-club-en/
27,"https://www.google.com/maps/place/2388 Jane Street  Toronto,ON M3M 1A8",Private,,"Toronto, ON",(416) 245-3500,,,Oakdale Golf & Country Club,https://www.golfcanada.ca/golf-facility/oakdale-golf-country-club-en/
18,"https://www.google.com/maps/place/731 County rd #19  Curran,ON K0B 1C0",Public,Par 71,"Curran, ON",—,5755,https://www.nationgolf.ca,Nation Golf Course,https://www.golfcanada.ca/golf-facility/nation-golf-course-en/
18,"https://www.google.com/maps/place/R.R. 3  Collingwood,ON L9Y 3Z2",Public,Par 72,"Collingwood, ON",(705) 445-0231,6581,,Monterra Golf At Blue Mountain Resort,https://www.golfcanada.ca/golf-facility/monterra-golf-at-blue-mountain-resort-en/
18,"https://www.google.com/maps/place/344 Chemin du Golf  Lac-des-Écorces,QC J0W 1H0",Public,Par 71,"Lac-des-Écorces, QC",(819) 623-6890,6321,https://www.golfvalleedelalievre.com,Vallée de la Lièvre (Club de golf de la),https://www.golfcanada.ca/golf-facility/vallee-de-la-lievre-club-de-golf-de-la-en/
18,"https://www.google.com/maps/place/CP 5, Ile St. Christophe  Trois Rivieres,QC G9A 5E3",Semi-private,Par 71,"Trois Rivieres, QC",(819) 376-3422,5666,https://www.golfmetaberoutin.com,Métabéroutin (Club de golf),https://www.golfcanada.ca/golf-facility/metaberoutin-club-de-golf-en/
18,"https://www.google.com/maps/place/3509 Carrington Road  Westbank,BC V4T 2E6",Public,Par 65,"Westbank, BC",(250) 768-0080,5014,https://TwoEaglesGolf.com,Two Eagles Golf Club,https://www.golfcanada.ca/golf-facility/two-eagles-golf-club-en/
18,"https://www.google.com/maps/place/400 Golf Course Road P. O. Box 220 Rossland,BC V0G 1Y0",Public,Par 72,"Rossland, BC",(250) 362-9141,6848,https://www.redstoneresort.com,Redstone Golf Resort,https://www.golfcanada.ca/golf-facility/redstone-golf-resort-en/
18,"https://www.google.com/maps/place/RR # 4  Tweed,ON K0K 3J0",Public,Par —,"Tweed, ON",—,—,,Poplars Golf Club,https://www.golfcanada.ca/golf-facility/poplars-golf-club-en/
18,"https://www.google.com/maps/place/492 Harold Whynot Road  Bridgewater,NS B4V 7Y8",Public,Par 72,"Bridgewater, NS",(902) 543-6666,6609,https://www.ospreyridge.ns.ca,Osprey Ridge Golf Course,https://www.golfcanada.ca/golf-facility/osprey-ridge-golf-course-en/
36,"https://www.google.com/maps/place/RR#4, 1538 Frankford - Stirlin RR4 Stirling,ON K0K 3E0",Public,,"Stirling, ON",(613) 395-2611,,https://www.oakhills.ca,Oak Hills Golf Club,https://www.golfcanada.ca/golf-facility/oak-hills-golf-club-en/
36,"https://www.google.com/maps/place/1800 Chemin Nadeau  Saint-Liguori,QC J0K 2X0",Public,,"Saint-Liguori, QC",4508347752,,https://www.golfmontcalm.qc.ca,Montcalm (Club de golf),https://www.golfcanada.ca/golf-facility/montcalm-club-de-golf-en/
—,"https://www.google.com/maps/place/2321 Shantz Station Rd.  Breslau,ON N0B 1M0",Public,Par 61,"Breslau, ON",519-648-2831,3523,,Merry-Hill Golf Club - White/Red,https://www.golfcanada.ca/golf-facility/merry-hill-golf-club-white-red-en/
18,"https://www.google.com/maps/place/7020 Mill Road  Port Stanley,ON N5L 1J2",Private,Par 72,"Port Stanley, ON",(519) 633-4653,6621,,Redtail Golf Course,https://www.golfcanada.ca/golf-facility/redtail-golf-course-en/
18,"https://www.google.com/maps/place/3834 248th Street  Aldergrove,BC V4W 1Z2",Public,Par 63,"Aldergrove, BC",(604) 856-1181,4505,,Poppy Estate Golf Club,https://www.golfcanada.ca/golf-facility/poppy-estate-golf-club-en/
27,"https://www.google.com/maps/place/Unit P-01, 9625 Pike Lake Road RR#3 Clifford,ON N0G 1M0",Semi-private,,"Clifford, ON",519-338-3010,,,Pike Lake Golf Centre Ltd,https://www.golfcanada.ca/golf-facility/pike-lake-golf-centre-ltd-en/
27,"https://www.google.com/maps/place/1 Hunt Club Road  Ottawa,ON K1V 1B9",Private,,"Ottawa, ON",—,,https://www.ottawahuntclub.org,Ottawa Hunt & Golf Club,https://www.golfcanada.ca/golf-facility/ottawa-hunt-golf-club-en/
18,"https://www.google.com/maps/place/Box 563  Oak Lake,MB R0M 1P0",Public,Par 72,"Oak Lake, MB",—,6626,https://www.fourseasonsislandresort.com,Oak Island Golf,https://www.golfcanada.ca/golf-facility/oak-island-golf-en/
18,"https://www.google.com/maps/place/2516 Old Hwy 69  Val Caron,ON P3N 1K6",Public,Par 72,"Val Caron, ON",705-588-3027,6060,,Monte Vista Golf Club,https://www.golfcanada.ca/golf-facility/monte-vista-golf-club-en/
18,"https://www.google.com/maps/place/400 Shaftesbury Boulevard  Winnipeg,MB R3P 0M1",Public,Par 70,"Winnipeg, MB",(204) 888-2867,5623,https://www.westerngolfmanagement.com,Tuxedo Golf Club,https://www.golfcanada.ca/golf-facility/tuxedo-golf-club-en/
9,"https://www.google.com/maps/place/PO Box 562  Turtleford,SK S0M 2Y0",Public,Par 70,"Turtleford, SK",(306) 845-3121,5494,,Mervin & District Golf Club,https://www.golfcanada.ca/golf-facility/mervin-district-golf-club-en/
18,"https://www.google.com/maps/place/PO Box 160  Picture Butte,AB T0K 1V0",Public,,"Picture Butte, AB",4037324202,,https://www.picturebuttegolf.com,Picture Butte Golf Club,https://www.golfcanada.ca/golf-facility/picture-butte-golf-club-en/
36,"https://www.google.com/maps/place/12300 Golf Course Drive, 12300 Golf Course Drive, Osoyoos,BC V0H 1V4",Semi-private,,"Osoyoos, BC",2504957003,,https://www.golfosoyoos.com,Osoyoos Golf Club,https://www.golfcanada.ca/golf-facility/osoyoos-golf-club-en/
18,"https://www.google.com/maps/place/67 Links Trail  Port Severn,ON L0K 1S0",Semi-private,Par 72,"Port Severn, ON",—,6373,https://www.oakbaygolf.com,Oak Bay Golf Club,https://www.golfcanada.ca/golf-facility/oak-bay-golf-club-en/
18,"https://www.google.com/maps/place/2800 Highland Blvd.  Nanaimo,BC V9S 3N8",Semi-private,Par 72,"Nanaimo, BC",(250) 758-2451,6667,https://www.nanaimogolfclub.ca,Nanaimo Golf Club,https://www.golfcanada.ca/golf-facility/nanaimo-golf-club-en/
18,"https://www.google.com/maps/place/1700 Boulevard les Neiges  Saint-Férréol-les-Neiges,QC G0A 3R0",Public,Par 72,"Saint-Férréol-les-Neiges, QC",(418) 827-3778,6151,https://www.golfstferreol.com,Mont Sainte-Anne (Club de golf),https://www.golfcanada.ca/golf-facility/mont-sainte-anne-club-de-golf-en/
18,"https://www.google.com/maps/place/10100 Heart Lake Rd  Brampton,ON L6Z 0B4",Public,Par 56,"Brampton, ON",—,3362,https://www.turnberrygolf.ca,Turnberry Golf Club,https://www.golfcanada.ca/golf-facility/turnberry-golf-club-en/
18,"https://www.google.com/maps/place/2321 Shantz Station Rd.  Breslau,ON N0B 1M0",Public,Par 62,"Breslau, ON",519-648-2831,4061,,Merry-Hill Golf Club - Blue/White,https://www.golfcanada.ca/golf-facility/merry-hill-golf-club-blue-white-en/
18,"https://www.google.com/maps/place/Box 20759  Steinbach,MB R5G 1R7",Public,Par —,"Steinbach, MB",(204) 326-5722,—,,Girouxsalem Golf & Country Club,https://www.golfcanada.ca/golf-facility/girouxsalem-golf-country-club-en/
9,"https://www.google.com/maps/place/PO Box 1989  Fort Nelson,BC V0C 1R0",Public,Par 70,"Fort Nelson, BC",(250) 774-3862,70,,Poplar Hills Golf Club,https://www.golfcanada.ca/golf-facility/poplar-hills-golf-club-en/
18,"https://www.google.com/maps/place/1 Rue du Golf  Thetford Mines,QC G6G 7Z9",Public,Par 72,"Thetford Mines, QC",(418) 335-2931,6464,https://www.clubdegolfthetford.com,Thetford (Club de golf et curling),https://www.golfcanada.ca/golf-facility/thetford-club-de-golf-et-curling-en/
18,"https://www.google.com/maps/place/2634 Concession 10 N. 2634 Concession 10 N. Collingwood,ON L9Y 3Y9",Private,Par 71,"Collingwood, ON",(705) 444-5588,7012,https://www.oslerbrook.com,OslerBrook Golf & Country Club Inc.,https://www.golfcanada.ca/golf-facility/oslerbrook-golf-country-club-inc-en/
18,"https://www.google.com/maps/place/734 County Rd 49  Picton,ON K0K 2T0",Semi-private,Par 72,"Picton, ON",(613) 476-2222,6179,,Picton Golf & Country Club,https://www.golfcanada.ca/golf-facility/picton-golf-country-club-en/
18,"https://www.google.com/maps/place/P. O. Box 5210  Lacombe,AB T4L 1W9",Public,Par 72,"Lacombe, AB",4037825400,6591,https://nurserygolf.com,Nursery Golf & Country Club,https://www.golfcanada.ca/golf-facility/nursery-golf-country-club-en/
9,"https://www.google.com/maps/place/PO Box 148  Nakusp,BC V0G 1R0",Public,Par 68,"Nakusp, BC",(250) 265-4531,5404,,Nakusp Golf Club,https://www.golfcanada.ca/golf-facility/nakusp-golf-club-en/
18,"https://www.google.com/maps/place/915 Chemin du Mont-des-Cascades  Cantley,QC J8V 3B2",Semi-private,Par 70,"Cantley, QC",(819) 459-2980,6187,,Mont Cascades Golf Club,https://www.golfcanada.ca/golf-facility/mont-cascades-golf-club-en/
9,"https://www.google.com/maps/place/1450 Juniper Dr.  Merritt,BC V1K 1J6",Public,Par 72,"Merritt, BC",(250) 378-9414,6209,https://www.merrittgolf.com,Merritt Golf & Country Club,https://www.golfcanada.ca/golf-facility/merritt-golf-country-club-en/
18,V3K 3N2,Private,Par 72,"Coquitlam, BC",(604) 936-3404,6810,https://www.vancouvergolfclub.com,The Vancouver Golf Club,https://www.golfcanada.ca/golf-facility/the-vancouver-golf-club-en/
18,"https://www.google.com/maps/place/328 Rang du Golf  Plessisville,QC G6L 2Y2",Public,Par 72,"Plessisville, QC",819-362-3387,6314,https://www.golfplessisville.com,Plessisville (Club de Golf),https://www.golfcanada.ca/golf-facility/plessisville-club-de-golf-en/
18,"https://www.google.com/maps/place/1025 Qualicum Rd.  Qualicum Beach,BC V9K 1M5",Semi-private,Par 71,"Qualicum Beach, BC",(250) 752-5396,7004,https://www.pheasantglen.com,Pheasant Glen Golf Resort,https://www.golfcanada.ca/golf-facility/pheasant-glen-golf-resort-en/
9,"https://www.google.com/maps/place/8170 Chemin Royal  Ste-Pétronille,QC G0A 4C0",Public,Par 72,"Ste-Pétronille, QC",(418) 828-2269,5885,https://www.golforleans.com,Orléans (Club de golf),https://www.golfcanada.ca/golf-facility/orleans-club-de-golf-en/
18,"https://www.google.com/maps/place/9911 Sidaway Road  RICHMOND,BC V6W 1C1",Public,Par 57,"RICHMOND, BC",6042715626,2937,https://mylora.ca,Mylora Golf Course,https://www.golfcanada.ca/golf-facility/mylora-golf-club-en/
18,"https://www.google.com/maps/place/PO Box 38  Mitchell,ON N0K 1N0",Public,Par 71,"Mitchell, ON",(519) 348-8991,6104,,Mitchell Golf & Country Club,https://www.golfcanada.ca/golf-facility/mitchell-golf-country-club-en/
9,"https://www.google.com/maps/place/64-94 Holyrood Access Rd  Holyrood,NL A0A 2R0",Public,Par 70,"Holyrood, NL",7092291007,5252,https://www.thewillows.ca,The Willows at Holyrood,https://www.golfcanada.ca/golf-facility/the-willows-at-holyrood-en/
18,"https://www.google.com/maps/place/52516 Range Rd. 262  Spruce Grove,AB T7X 5A2",Public,Par 71,"Spruce Grove, AB",(780) 470-4700,6506,https://www.theranchgolf.com,Ranch Golf & Country Club (The) - The Ranch,https://www.golfcanada.ca/golf-facility/ranch-golf-country-club-the-the-ranch-en/
18,"https://www.google.com/maps/place/PO Box 764  Melville,SK S0A 2P0",Public,Par 70,"Melville, SK",(306) 728-3931,6055,,Melville Country Club,https://www.golfcanada.ca/golf-facility/melville-country-club-en/
18,"https://www.google.com/maps/place/1357 County Road 34, RR #2  Ruthven,ON N0P 2G0",Semi-private,Par 72,"Ruthven, ON",(519) 326-6993,6172,,Orchard View Golf Club,https://www.golfcanada.ca/golf-facility/orchard-view-golf-club-en/
18,"https://www.google.com/maps/place/PO Box 127  Goodsoil,SK S0M 1A0",Public,Par 72,"Goodsoil, SK",(306) 238-2106,6723,https://www.northernmeadows.com,Northern Meadows Golf Club,https://www.golfcanada.ca/golf-facility/northern-meadows-golf-club-en/
18,"https://www.google.com/maps/place/3904 West 51st. Ave.  Vancouver,BC V6N 3W1",Public,Par 60,"Vancouver, BC",(604) 266-2334,3471,https://www.musqueamgolf.com,Musqueam Golf and Learning Academy,https://www.golfcanada.ca/golf-facility/musqueam-golf-and-learning-academy-en/
18,"https://www.google.com/maps/place/RR # 3  Almonte,ON K0A 1A0",Semi-private,Par 72,"Almonte, ON",(613) 257-3396,6474,https://www.themississippi.ca,Mississippi Golf Club,https://www.golfcanada.ca/golf-facility/mississippi-golf-club-en/
18,"https://www.google.com/maps/place/140 Townsend Drive  Melita,MB R0M 1L0",Public,Par 70,"Melita, MB",(204) 522-3820,6126,,Melita Golf Club,https://www.golfcanada.ca/golf-facility/melita-golf-club-en/
18,"https://www.google.com/maps/place/11207 Kennedy Road  Markham,ON L6C 1P2",Public,Par 71,"Markham, ON",(905) 887-9887,6539,,Upper Unionville Golf Club,https://www.golfcanada.ca/golf-facility/upper-unionville-golf-club-en/
18,N0L 1T0,Public,Par —,—,—,—,,Gentleman Creek,https://www.golfcanada.ca/golf-facility/gentleman-creek-en/
9,"https://www.google.com/maps/place/25 North Harbour Road, PO Box  Goderich,ON N7A 3Y5",Semi-private,Par 68,"Goderich, ON",(519) 524-9641,—,,The Maitland,https://www.golfcanada.ca/golf-facility/the-maitland-en/
18,"https://www.google.com/maps/place/8100 Golf Course Rd.  Radium Hot Springs,BC V0A 1M0",Semi-private,,"Radium Hot Springs, BC",(250) 347-9311,,https://www.radiumgolf.ca,Radium Course,https://www.golfcanada.ca/golf-facility/radium-course-en/
9,"https://www.google.com/maps/place/20485 Willoughby Rd  Orangeville,ON L7K 1W2",Semi-private,Par 70,"Orangeville, ON",1-888-833-8787,5574,https://www.golforangeville.ca,Orangeville Golf Club,https://www.golfcanada.ca/golf-facility/orangeville-golf-club-en/
18,"https://www.google.com/maps/place/51055 Rnge Rd 222  Sherwood Park,AB T8C 1G9",Public,Par 72,"Sherwood Park, AB",(780) 922-2327,7352,https://www.northernbeargolf.com,Northern Bear Golf Club,https://www.golfcanada.ca/golf-facility/northern-bear-golf-club-en/
36,"https://www.google.com/maps/place/R.R. # 3 Site 10,  P.O. Box 5  Ponoka,AB T4J 1R3",Semi-private,,"Ponoka, AB",1-888-833-8787,,https://golfnorth.ca,Wolf Creek Golf Resort,https://www.golfcanada.ca/golf-facility/wolf-creek-golf-resort-en/
18,"https://www.google.com/maps/place/PO Box 760  Carlyle,SK S0C 0R0",Public,Par 72,"Carlyle, SK",(306) 577-4902,6723,,White Bear Lake Golf Course,https://www.golfcanada.ca/golf-facility/white-bear-lake-golf-course-en/
18,"https://www.google.com/maps/place/1959 KLO Rd.  Kelowna,BC V1W 2H8",Public,Par 61,"Kelowna, BC",(250) 860-0777,3873,,Mission Creek Golf Club,https://www.golfcanada.ca/golf-facility/mission-creek-golf-club-en/
9,"https://www.google.com/maps/place/40 1ere Avenue 40 1ere Avenue Forestville,QC G0T 1E0",Public,Par 72,"Forestville, QC",(418) 587-6363,6786,https://www.golflemeandre.org,Meandre (Forestville),https://www.golfcanada.ca/golf-facility/meandre-forestville-en/
9,"https://www.google.com/maps/place/1 Dover Coast Blvd  Port Dover,ON N0A 1N3",Semi-private,Par 72,"Port Dover, ON",519-583-2118,7070,https://golfatdovercoast.com,The Links at Dover Coast,https://www.golfcanada.ca/golf-facility/the-links-at-dover-coast-en/
18,"https://www.google.com/maps/place/1800 Blackwater Rd  Quesnel,BC V2J 7A5",Public,Par 71,"Quesnel, BC",(250) 249-5550,6353,https://www.quesnelgolfclub.com,Quesnel Golf Club,https://www.golfcanada.ca/golf-facility/quesnel-golf-club-en/
27,"https://www.google.com/maps/place/15 Mount Scio Road  St. John's,NL A1B 3T2",Public,,"St. John's, NL",7097532752,,,Pippy Park Public Golf Course,https://www.golfcanada.ca/golf-facility/pippy-park-public-golf-course-en/
18,"https://www.google.com/maps/place/141 Peter St  Perth,ON K7H 3E4",Public,Par 71,"Perth, ON",—,6699,https://www.perthgolf.com,Perth Golf Course,https://www.golfcanada.ca/golf-facility/perth-golf-course-en/
9,"https://www.google.com/maps/place/7838 Golf Course Road  Anglemont,BC V0E 1M8",Public,Par 60,"Anglemont, BC",(250) 955-2323,3660,https://www.golfanglemont.com,North Shuswap Golf Club,https://www.golfcanada.ca/golf-facility/north-shuswap-golf-club-en/
18,"https://www.google.com/maps/place/BOX 2  108 Mile RANCH,BC V0K 2E0",Semi-private,Par 71,"108 Mile RANCH, BC",(250) 791-5465,6806,,One-O-Eight Golf Resort,https://www.golfcanada.ca/golf-facility/one-o-eight-golf-resort-en/
18,"https://www.google.com/maps/place/1 C.A. Knight Way  Fort McMurray,AB T9H 5C5",Semi-private,Par 71,"Fort McMurray, AB",(780) 790-1812,7031,https://www.macdonaldisland.ca,Miskanaw Golf & Country Club,https://www.golfcanada.ca/golf-facility/miskanaw-golf-country-club-en/
18,"https://www.google.com/maps/place/408 Ridge Road  Meaford,ON N4L 1L8",Semi-private,Par 72,"Meaford, ON",(519) 538-1400,6032,,Meaford Golf Club,https://www.golfcanada.ca/golf-facility/meaford-golf-club-en/
18,"https://www.google.com/maps/place/415 Clubhouse Blvd  Warman,SK S0K 0A1",Public,Par 72,"Warman, SK",—,7273,https://www.golfthelegends.com,The Legends Golf Club,https://www.golfcanada.ca/golf-facility/the-legends-golf-club-en/
18,"https://www.google.com/maps/place/600 Comox Street  Penticton,BC V2A 6J9",Public,Par 70,"Penticton, BC",(250) 492-5626,6062,https://www.pentictongolf.ca,Penticton Golf & Country Club,https://www.golfcanada.ca/golf-facility/penticton-golf-country-club-en/
18,"https://www.google.com/maps/place/PO Box 1754  Vanderhoof,BC V0J 3A0",Public,Par 72,"Vanderhoof, BC",2505672920,6363,,Omineca Golf Club,https://www.golfcanada.ca/golf-facility/omineca-golf-club-en/
9,"https://www.google.com/maps/place/Box 95  Red Rock,ON P0T 2P0",Public,Par 72,"Red Rock, ON",(807) 887-2006,6500,,North Shore Golf Club,https://www.golfcanada.ca/golf-facility/north-shore-golf-club-en/
18,"https://www.google.com/maps/place/c/o Western Golf Management Lt  Regina,SK S4P 3C6",Public,Par 72,"Regina, SK",(306) 777-7739,6777,,Murray Municipal Golf Club,https://www.golfcanada.ca/golf-facility/murray-municipal-golf-club-en/
18,"https://www.google.com/maps/place/930 Water St.  Miramichi,NB E1N 4C3",Semi-private,Par 71,"Miramichi, NB",(506) 622-2068,6172,https://www.miramichigolfclub.ca,Miramichi Golf & Country Club,https://www.golfcanada.ca/golf-facility/miramichi-golf-country-club-en/
18,"https://www.google.com/maps/place/Box 40, Site 4, RR 1  St. Albert,AB T8N 1M8",Public,Par 71,"St. Albert, AB",(780) 459-8735,6498,,Meadowview Golf & Country Club,https://www.golfcanada.ca/golf-facility/meadowview-golf-country-club-en/
9,"https://www.google.com/maps/place/Po Box 456  Two Hills,AB T0B 4K0",Public,Par 72,"Two Hills, AB",(780) 657-3451,6416,,Two Hills Lions Golf & Country Club,https://www.golfcanada.ca/golf-facility/two-hills-lions-golf-country-club-en/
18,"https://www.google.com/maps/place/184 Lake Utopia Road  Utopia,NB E5C 2E7",Public,Par 70,"Utopia, NB",(506) 755-3391,5386,,The Hollows Golf Club,https://www.golfcanada.ca/golf-facility/the-hollows-golf-club-en/
18,"https://www.google.com/maps/place/Box 69  Lantzville,BC V0R 2H0",Public,Par 64,"Lantzville, BC",(250) 390-3934,4322,,Winchelsea View Golf Course,https://www.golfcanada.ca/golf-facility/winchelsea-view-golf-course-en/
18,"https://www.google.com/maps/place/253 Golf Road 253 Golf Road Pembroke,ON K8A 7M1",Semi-private,Par 72,"Pembroke, ON",(613) 732-1665,6439,,Pembroke Golf Club,https://www.golfcanada.ca/golf-facility/pembroke-golf-club-en/
18,"https://www.google.com/maps/place/19 rue Du Golf  Sherbrooke,QC J1M 2E6",Public,Par 70,"Sherbrooke, QC",(819) 562-4922,5840,https://www.golf.ubishops.ca,Old Lennoxville Golf Club,https://www.golfcanada.ca/golf-facility/old-lennoxville-golf-club-en/
9,"https://www.google.com/maps/place/200 Argyle Street, Box 428  Simcoe,ON N3Y 4L5",Public,Par 68,"Simcoe, ON",(519) 426-1300,5230,,Norfolk Golf Club,https://www.golfcanada.ca/golf-facility/norfolk-golf-country-club-en/
18,"https://www.google.com/maps/place/250 Skookum Road  Whitehorse, Yukon,YT Y1A 0P3",Public,Par 72,"Whitehorse, Yukon, YT",8676336020,6507,https://www.mountainviewgolf.ca,Mountain View Golf Club,https://www.golfcanada.ca/golf-facility/mountain-view-golf-club-en/
9,"https://www.google.com/maps/place/950 Heriot Bay Road  Quathiaski Cove,BC V0P 1N0",Semi-private,Par 72,"Quathiaski Cove, BC",250-285-2811,6438,https://quadragolf.com,Quadra Island Golf Club,https://www.golfcanada.ca/golf-facility/quadra-island-golf-club-en/
9,"https://www.google.com/maps/place/29 A Hartford Trail  Brampton,ON L6W 4K2",Public,Par 72,"Brampton, ON",(905) 874-2995,6208,,Peel Village Golf Club,https://www.golfcanada.ca/golf-facility/peel-village-golf-club-en/
18,"https://www.google.com/maps/place/Box 96  Seba Beach,AB T0E 2B0",Public,Par 72,"Seba Beach, AB",(780) 797-3025,6438,https://www.pineridgegolfresort.com,Pineridge Golf Club,https://www.golfcanada.ca/golf-facility/pineridge-golf-club-en/
18,"https://www.google.com/maps/place/PO Box 1628  Summerside,PE C1N 2V5",Public,Par 72,"Summerside, PE",(902) 436-2505,6458,https://www.summersidegolf.com,Ocean View Resort & Golf,https://www.golfcanada.ca/golf-facility/ocean-view-resort-golf-en/
18,"https://www.google.com/maps/place/PO Box 42  Nokomis,SK S0G 3R0",Public,Par —,"Nokomis, SK",(306) 528-4304,—,,Nokomis Golf Club,https://www.golfcanada.ca/golf-facility/nokomis-golf-club-en/
18,"https://www.google.com/maps/place/PO Box 752  Truro,NS B2N 5E8",Public,Par 71,"Truro, NS",(902) 893-2841,6146,https://www.mountaingolf.ca,Mountain Golf & Country Club,https://www.golfcanada.ca/golf-facility/mountain-golf-country-club-en/
18,"https://www.google.com/maps/place/2502-6 Street NE 2502-6 Street NE Calgary,AB T2E 3Z3",Semi-private,Par 72,"Calgary, AB",(403) 984-1700,7037,https://www.thewinstongolfclub.com,The Winston Golf Club,https://www.golfcanada.ca/golf-facility/the-winston-golf-club-en/
18,"https://www.google.com/maps/place/15058 Elginfield Road RR#3  Granton,ON N0M 1V0",Semi-private,Par 72,"Granton, ON",1-888-833-8787,6504,,The Fox Golf Club,https://www.golfcanada.ca/golf-facility/the-fox-golf-club-en/
18,"https://www.google.com/maps/place/4540 50 St  Edmonton,AB T6L 6P6",Public,Par 72,"Edmonton, AB",7804481601,6778,,Mill Woods Golf Club,https://www.golfcanada.ca/golf-facility/mill-woods-golf-club-en/
18,"https://www.google.com/maps/place/PO Box 827  Logan Lake,BC V0K 1W0",Public,Par 72,"Logan Lake, BC",(250) 523-6666,6161,,Meadow Creek Golf Club,https://www.golfcanada.ca/golf-facility/meadow-creek-golf-club-en/
54,"https://www.google.com/maps/place/19131 Main Street 19131 Main Street Caledon,ON L7K 1R1",Public,,"Caledon, ON",(519) 927-9034,,,TPC Toronto at Osprey Valley,https://www.golfcanada.ca/golf-facility/tpc-toronto-at-osprey-valley-en/
18,"https://www.google.com/maps/place/5-9 Muddy Brook Rd  Port Blandford,NL A0C 2G0",Public,,"Port Blandford, NL",(709) 543-2626,,https://www.terrnovagolf.com,Terra Nova Golf Resort & Golf Community,https://www.golfcanada.ca/golf-facility/terra-nova-golf-resort-golf-community-en/
18,"https://www.google.com/maps/place/6891 Tucelnuit Drive  Oliver,BC V0H 1T3",Semi-private,Par 72,"Oliver, BC",1-(250) 498-2880,6835,https://www.nkmipcanyon.com,Nk'mip Canyon Desert Golf Course,https://www.golfcanada.ca/golf-facility/nkmip-canyon-desert-golf-course-en/
9,"https://www.google.com/maps/place/615 Mount Paul Way  Kamloops,BC V2H 1A9",Public,Par 64,"Kamloops, BC",(250) 374-4629,4144,https://www.mountpaulgolf.com,Mount Paul Golf Course,https://www.golfcanada.ca/golf-facility/mount-paul-golf-course-en/
18,"https://www.google.com/maps/place/450 Durham Road 21, RR #1 450 Durham Road 21, RR #1 Goodwood,ON L0C 1A0",Private,,"Goodwood, ON",(905) 649-8545,,,Wyndance Golf Club,https://www.golfcanada.ca/golf-facility/wyndance-golf-club-en/
—,"https://www.google.com/maps/place/Box 99  Wardsville,ON N0L 2N0",Public,Par 72,"Wardsville, ON",(519)693-4921,5865,,Wardsville Golf Club,https://www.golfcanada.ca/golf-facility/wardsville-golf-club-en-4/
21,"https://www.google.com/maps/place/180 Mill River Resort Rd. Route 136  Woodstock,PE C0B 1V0",Semi-private,Par 72,"Woodstock, PE",(902) 859-3920,6805,,Mill River Golf Club,https://www.golfcanada.ca/golf-facility/mill-river-golf-club-en/
18,"https://www.google.com/maps/place/17215 McKenzie Meadows Dr SE  Calgary,AB T2Z 2T9",Public,Par 72,"Calgary, AB",(403) 257-2255,6605,https://www.mckenziemeadows.com,McKenzie Meadows Golf Association,https://www.golfcanada.ca/golf-facility/mckenzie-meadows-golf-association-en/
9,"https://www.google.com/maps/place/1000 Rue Champetae  Valcourt,QC J0E 2L0",Public,Par 72,"Valcourt, QC",(450) 532-3505,6328,,Valcourt (Club de golf),https://www.golfcanada.ca/golf-facility/valcourt-club-de-golf-en/
18,"https://www.google.com/maps/place/1855 Tower Ranch Blvd  Kelowna,BC V1P 1R2",Public,Par 72,"Kelowna, BC",—,7212,https://www.golftowerranch.com,Tower Ranch Golf & Country Club,https://www.golfcanada.ca/golf-facility/tower-ranch-golf-country-club-en/
18,"https://www.google.com/maps/place/151 Rue des Trois-Manoirs  Lévis,QC G6Z 7S1",Semi-private,,"Lévis, QC",(418) 832-811,,,Tempête (Club de Golf La),https://www.golfcanada.ca/golf-facility/tempete-club-de-golf-la-en/
18,"https://www.google.com/maps/place/PO Box 363  Punnichy,SK S0A 3C0",Public,Par —,"Punnichy, SK",(306) 835-2430,—,,Punnichy Golf Club,https://www.golfcanada.ca/golf-facility/punnichy-golf-club-en/
18,"https://www.google.com/maps/place/166 Pinebrook Way SW  Calgary,AB T3Z 3K3",Private,Par 71,"Calgary, AB",(403) 246-3311,6856,https://www.pinebrookgolfclub.com,Pinebrook Golf & Country Club,https://www.golfcanada.ca/golf-facility/pinebrook-golf-country-club-en/
18,"https://www.google.com/maps/place/Box 400  Grand Bend,ON N0M 1T0",Public,Par 70,"Grand Bend, ON",(519) 238-2324,5331,https://www.oakwoodinnresort.com,Oakwood Inn & Country Club,https://www.golfcanada.ca/golf-facility/oakwood-inn-country-club-en/
9,"https://www.google.com/maps/place/1915 Old Hwy 2  Belleville,ON K8N 4Z2",Semi-private,Par —,"Belleville, ON",613-962-1254,—,,NINE Golf Academy,https://www.golfcanada.ca/golf-facility/nine-golf-academy-en/
18,"https://www.google.com/maps/place/5377 Walkers Line  Burlington,ON L7M 0P9",Semi-private,Par 71,"Burlington, ON",—,6141,,Mount Nemo Golf Club,https://www.golfcanada.ca/golf-facility/mount-nemo-golf-club-en/
18,"https://www.google.com/maps/place/7188 MacDonald Street  Vancouver,BC V6N 1G2",Public,Par 71,"Vancouver, BC",(604) 257-8191,6401,https://www.vancouver.ca/parks/golf/mccleery/index.htm,McCleery Golf Club,https://www.golfcanada.ca/golf-facility/mccleery-golf-club-en/
9,"https://www.google.com/maps/place/PO Box 430 984 Greenhill Road  Parrsboro,NS B0M 1S0",Semi-private,Par 62,"Parrsboro, NS",(902) 254-2733,4725,https://www.nsga.ns.ca,Parrsboro Golf Club,https://www.golfcanada.ca/golf-facility/parrsboro-golf-club-en/
27,L6M 4E8,Public,Par 63,"Oakville, ON",—,4277,,Oakville Executive Golf Courses,https://www.golfcanada.ca/golf-facility/oakville-executive-golf-courses-mystic-ridge-golf-course-en/
18,"https://www.google.com/maps/place/6198 Trafalgar Road  Hornby,ON L0P 1E0",Public,Par 71,"Hornby, ON",(905) 878-4848,6490,,Wyldewood Golf & Country Club,https://www.golfcanada.ca/golf-facility/wyldewood-golf-country-club-en/
18,"https://www.google.com/maps/place/620 Niakwa Road  Winnipeg,MB R2J 3X3",Private,Par 72,"Winnipeg, MB",204 256-2013,6662,https://www.niakwacountryclub.ca,Niakwa Country Club,https://www.golfcanada.ca/golf-facility/niakwa-country-club-en/
18,"https://www.google.com/maps/place/4730 25TH Sideroad, R.R.#3  Thornton,ON L0L 2N0",Semi-private,Par 72,"Thornton, ON",(705) 720-2150,7194,https://www.tanglecreekgolf.com,Tangle Creek Golf & Country Club,https://www.golfcanada.ca/golf-facility/tangle-creek-golf-country-club-en/
18,"https://www.google.com/maps/place/774 Route 855  Norton,NB E5T 2A9",Public,Par 69,"Norton, NB",506-485-8008,4684,https://midlandmeadowsgolfclub.com,Midland Meadows Golf Club,https://www.golfcanada.ca/golf-facility/midland-meadows-golf-club-en/
18,"https://www.google.com/maps/place/523-9th Ave. W.  Prince Rupert,BC V8J 2S9",Public,Par 70,"Prince Rupert, BC",2506242000,5890,https://www.princerupertgolf.ca,Prince Rupert Golf Club,https://www.golfcanada.ca/golf-facility/prince-rupert-golf-club-en/
18,"https://www.google.com/maps/place/66059 Pine Ridge Road  Sunnyside,MB R5R 0L9",Public,Par 72,"Sunnyside, MB",204-222-1573,6661,,Pine Ridge Golf Club,https://www.golfcanada.ca/golf-facility/pine-ridge-golf-club-en/
18,"https://www.google.com/maps/place/5460 No. 7 Rd.  Richmond,BC V6V 1R7",Semi-private,Par 71,"Richmond, BC",(604) 276-0585,6608,https://www.golfbc.com/courses/mayfair_lakes,Mayfair Lakes Golf Course,https://www.golfcanada.ca/golf-facility/mayfair-lakes-golf-course-en/
18,"https://www.google.com/maps/place/1970 chemin du Golf/ RR221  Saint-Rémi,QC J0L 2L0",Semi-private,Par 72,"Saint-Rémi, QC",(450) 454-3976,6696,https://www.golftriangledor.com,Triangle d'Or (Club de golf),https://www.golfcanada.ca/golf-facility/triangle-dor-club-de-golf-en/
9,"https://www.google.com/maps/place/PO Box 1134  Tisdale,SK S0E 1T0",Public,Par 70,"Tisdale, SK",(306) 873-4222,5752,https://www.golftisdale.com,Tisdale Riverside Golf Club,https://www.golfcanada.ca/golf-facility/tisdale-riverside-golf-club-en/
18,"https://www.google.com/maps/place/Box 1490  Sundre,AB T0M 1X0",Semi-private,Par 72,"Sundre, AB",(403) 638-3520,6778,https://sundregolf.com,Sundre Golf Club,https://www.golfcanada.ca/golf-facility/sundre-golf-club-en/
18,"https://www.google.com/maps/place/10761 Oxbow Dr  Komoka,ON N0L 1R0",Public,Par 72,"Komoka, ON",519-471-2048,6322,,Oxbow Glen Golf Course,https://www.golfcanada.ca/golf-facility/oxbow-glen-golf-course-en/
18,"https://www.google.com/maps/place/745314 Oxford Rd #17  Woodstock,ON N4S 7W2",Public,Par —,"Woodstock, ON",—,—,https://www.woodstockmeadows.com,Woodstock Meadows Golf Center,https://www.golfcanada.ca/golf-facility/woodstock-meadows-golf-center-en/
27,"https://www.google.com/maps/place/51466 Range Rd. 232 51466 Range Rd. 232 Sherwood Park,AB T8B 1L1",Public,,"Sherwood Park, AB",780 467 4653,,https://www.csgc.ca,Country Side Golf Course,https://www.golfcanada.ca/golf-facility/country-side-golf-course-en/
27,"https://www.google.com/maps/place/669 Rue Coupland  Granby,QC J2H 0P7",Public,Par —,"Granby, QC",450-372-0167,—,https://www.lescedresgolfetpleinair.ca,Cèdres (Golf et plein air les),https://www.golfcanada.ca/golf-facility/cedres-club-de-golf-les-en/
18,"https://www.google.com/maps/place/3622 Simcoe St N  Oshawa,ON L1H 0R5",Public,Par 70,"Oshawa, ON",(905) 655-6300,6211,https://valleymedecolumbusgolf.com,Valleymede Columbus Golf Club,https://www.golfcanada.ca/golf-facility/valleymede-columbus-golf-club-en/
18,"https://www.google.com/maps/place/8165 10 Side Road  Innisfil,ON L9S 4T3",Private,Par 72,"Innisfil, ON",7054317000,7016,https://nationalpines.ca,National Pines Golf Club,https://www.golfcanada.ca/golf-facility/national-pines-golf-club-en/
18,"https://www.google.com/maps/place/955 Opeongo Rd  Renfrew,ON K7V 3Z5",Semi-private,Par 72,"Renfrew, ON",(613) 432-3838,6608,https://www.dragonflygolf.com,Dragonfly Golf Links,https://www.golfcanada.ca/golf-facility/dragonfly-golf-links-en/
9,"https://www.google.com/maps/place/132 St. Andrews St 132 St. Andrews St Woodstock,NB E7M 2S5",Semi-private,Par 66,"Woodstock, NB",(506) 328-2386,5126,,Woodstock Golf & Curling Club,https://www.golfcanada.ca/golf-facility/woodstock-golf-curling-club-en/
18,"https://www.google.com/maps/place/PO Box 391, 5538-50th Street  Daysland,AB T0B 1A0",Public,Par —,"Daysland, AB",(403) 374-3633,—,,Daysland Golf Club,https://www.golfcanada.ca/golf-facility/daysland-golf-club-en/
18,"https://www.google.com/maps/place/69 Hamptons Dr  Calgary,AB T3A 5H7",Public,Par 72,"Calgary, AB",(403) 239-1455,6875,https://www.hamptonsgolfclub.com,Country Club of the Hamptons,https://www.golfcanada.ca/golf-facility/country-club-of-the-hamptons-en/
18,"https://www.google.com/maps/place/525 Woodside Drive  Airdrie,AB T4B 2C6",Semi-private,Par 70,"Airdrie, AB",(403) 948-6717,6155,https://www.woodsidegc.com,Woodside Golf Course,https://www.golfcanada.ca/golf-facility/woodside-golf-course-en/
18,"https://www.google.com/maps/place/11901 Yonge Street  Richmond Hill,ON L4E 3N9",Private,Par 71,"Richmond Hill, ON",(905) 884-8189,6957,,Summit Golf & Country Club,https://www.golfcanada.ca/golf-facility/summit-golf-country-club-en/
18,"https://www.google.com/maps/place/#1 Johnnie Lawrence Drive  Wasagaming,MB R0J 1N0",Public,Par 72,"Wasagaming, MB",(204) 848-4653,6309,https://www.golfclearlake.com,Clear Lake Golf Course,https://www.golfcanada.ca/golf-facility/clear-lake-golf-course-en/
18,"https://www.google.com/maps/place/1600 Varsity Estates Dr. N.W  Calgary,AB T3B 2W9",Private,Par 72,"Calgary, AB",(403) 286-1456,7049,,Silver Springs Golf & Country Club,https://www.golfcanada.ca/golf-facility/silver-springs-golf-country-club-en/
18,"https://www.google.com/maps/place/R.R. #1  St. Mary's,ON N4X 1C4",Semi-private,Par 70,"St. Mary's, ON",(519) 284-3621,5771,,Science Hill Country Club,https://www.golfcanada.ca/golf-facility/science-hill-country-club-en/
18,"https://www.google.com/maps/place/100 Carr Street  Garson,ON P3L 1M2",Public,Par 70,"Garson, ON",705-588-3027,6322,,Cedar Green Golf Course,https://www.golfcanada.ca/golf-facility/cedar-green-golf-course-en/
36,"https://www.google.com/maps/place/4335 Hawthorne Road  Ottawa,ON K1G 3N4",Public,,"Ottawa, ON",—,,https://www.themeadowsgolf.ca,The Meadows Golf and Country Club,https://www.golfcanada.ca/golf-facility/the-meadows-golf-and-country-club-en/
18,"https://www.google.com/maps/place/15125 Putnam Rd  Springfield,ON N0L 2J0",Semi-private,Par 70,"Springfield, ON",—,7038,https://tarandowah.ca,Tarandowah Golfers Club,https://www.golfcanada.ca/golf-facility/tarandowah-golfers-club-en/
18,"https://www.google.com/maps/place/P.O, Box 22018, Strathcona Pos  Thunder Bay,ON P7A 8A8",Public,Par 72,"Thunder Bay, ON",(807) 683-8251,6503,,Strathcona Golf Club,https://www.golfcanada.ca/golf-facility/strathcona-golf-club-en/
27,"https://www.google.com/maps/place/3641 Highway 97B S.E.  Salmon Arm,BC V1E 1W9",Semi-private,,"Salmon Arm, BC",1-888-833-8787,,https://www.salmonarmgolf.com,Salmon Arm Golf Club,https://www.golfcanada.ca/golf-facility/salmon-arm-golf-club-en/
18,"https://www.google.com/maps/place/134 Clubhouse Road  Woodbridge,ON L4L 2W2",Private,Par 71,"Woodbridge, ON",(416) 798-4900,7273,,National Golf Club Of Canada (The),https://www.golfcanada.ca/golf-facility/national-golf-club-of-canada-the-en/
18,"https://www.google.com/maps/place/ 370 Peter St N  Orillia,ON L3V 5A7",Public,Par 68,"Orillia, ON",(705) 326-2861,5468,,Couchiching Golf & Country Club,https://www.golfcanada.ca/golf-facility/couchiching-golf-country-club-en/
18,"https://www.google.com/maps/place/201 Decewsville Rd  Cayuga,ON N0A 1E0",Public,Par 65,"Cayuga, ON",(905) 772-7888,4417,,Cayuga Golf Club,https://www.golfcanada.ca/golf-facility/cayuga-golf-club-en/
18,"https://www.google.com/maps/place/2907 Highway # 6, South  Mount Hope,ON L0R 1W0",Semi-private,Par 72,"Mount Hope, ON",(905) 679-2703,6493,,Willow Valley Golf Club,https://www.golfcanada.ca/golf-facility/willow-valley-golf-club-en/
18,"https://www.google.com/maps/place/320 Balmoral Drive 320 Balmoral Drive Brantford,ON N3R 7S2",Public,Par 72,"Brantford, ON",(519) 756-6345,6512,https://www.northridgegolf.ca,Walter Gretzky Municipal Golf Course,https://www.golfcanada.ca/golf-facility/walter-gretzky-municipal-golf-course-en/
18,"https://www.google.com/maps/place/90 Rue de Stanstead  Bromont,QC J2L 1K6",Public,Par 72,"Bromont, QC",4505341199,6686,https://www.chateaubromont.com,Domaine Château Bromont (Club de golf),https://www.golfcanada.ca/golf-facility/domaine-chateau-bromont-club-de-golf-en/
18,"https://www.google.com/maps/place/4000 Columbia Valley Hwy  Cultus Lake,BC V2R 5H6",Public,Par 63,"Cultus Lake, BC",(604) 858-9902,4005,https://www.golfcultus.com,Cultus Lake Golf Club,https://www.golfcanada.ca/golf-facility/cultus-lake-golf-club-en/
18,"https://www.google.com/maps/place/40 Elgin  Park Dr.  Uxbridge,ON L9P 1N2",Public,Par 72,"Uxbridge, ON",(905) 852-4379,7025,,Wooden Stick Golf Club,https://www.golfcanada.ca/golf-facility/wooden-sticks-golf-club-en/
9,"https://www.google.com/maps/place/PO Box 184  Radville,SK S0C 2G0",Public,Par 72,"Radville, SK",(306) 869-2400,6028,,Robertdale Golf & Country Club,https://www.golfcanada.ca/golf-facility/robertdale-golf-country-club-en/
18,"https://www.google.com/maps/place/2324 Concession Rd 4  Goodwood,ON L0C 1A0",Private,Par 72,"Goodwood, ON",(905) 508-9166,7576,,Coppinwood Golf Club,https://www.golfcanada.ca/golf-facility/coppinwood-golf-club-en/
18,"https://www.google.com/maps/place/400-15th Street  Winkler,MB R6W 4B1",Public,Par 71,"Winkler, MB",2043257582,6431,https://www.winklergolfcourse.com,Winkler Centennial Golf Club,https://www.golfcanada.ca/golf-facility/winkler-centennial-golf-club-en/
18,"https://www.google.com/maps/place/Box 1019  Blenheim,ON N0P 1A0",Semi-private,Par 72,"Blenheim, ON",(519) 676-8772,6249,,Willow Ridge Golf & Country Club,https://www.golfcanada.ca/golf-facility/willow-ridge-golf-country-club-en/
18,"https://www.google.com/maps/place/30 rang Cyr  Saint-Cyprien-de-Napierville,QC J0J 1L0",Semi-private,Par 72,"Saint-Cyprien-de-Napierville, QC",(450) 245-3356,6336,https://www.golfnapierville.ca,Napierville (Club de golf),https://www.golfcanada.ca/golf-facility/napierville-club-de-golf-en/
9,P5E 1A3,Semi-private,Par 72,", ON",—,6292,,Espanola Golf and Country Club,https://www.golfcanada.ca/golf-facility/espanola-golf-country-club-en/
18,"https://www.google.com/maps/place/PO Box 370  Carstairs,AB T0M 0N0",Semi-private,Par 72,"Carstairs, AB",(403) 337-2058,6510,https://www.carstairsgolf.com,Carstairs Golf Club,https://www.golfcanada.ca/golf-facility/carstairs-golf-club-en/
18,"https://www.google.com/maps/place/6527 Ellis Road  Cambridge,ON N3C 2V4",Semi-private,Par 70,"Cambridge, ON",(519) 489-6767,5294,,Puslinch Golf Club,https://www.golfcanada.ca/golf-facility/puslinch-lake-golf-course-ltd-en/
18,"https://www.google.com/maps/place/PO Box 216  Napanee,ON K7R 3M3",Public,Par 70,"Napanee, ON",(613) 354-2313,5819,,Napanee Golf & Country Club,https://www.golfcanada.ca/golf-facility/napanee-golf-country-club-en/
9,"https://www.google.com/maps/place/Golf Course Road  Frenchman's Cove,NL A0E 1R0",Public,Par 72,"Frenchman's Cove, NL",(709) 826-2600,5921,https://www.grandemeadows.ca,Grande Meadows Golf Club,https://www.golfcanada.ca/golf-facility/grande-meadows-golf-club-en/
18,"https://www.google.com/maps/place/12410 - 199th Street  Edmonton,AB T5V 1T8",Private,Par 72,"Edmonton, AB",(204) 832-1306,7247,https://www.theglendale.com,Glendale Golf & Country Club,https://www.golfcanada.ca/golf-facility/glendale-golf-country-club-en-2/
18,—,Public,Par 66,"London, ON",—,4462,,Crumlin Creek Golf Club,https://www.golfcanada.ca/golf-facility/crumlin-creek-golf-club-en/
18,"https://www.google.com/maps/place/7967 Fernbank Rd  Ashton,ON K0A 1B0",Public,Par 72,"Ashton, ON",(613) 257-5181,6410,https://www.glenmar.ca,Stittsville Golf Course,https://www.golfcanada.ca/golf-facility/stittsville-golf-course-en/
18,"https://www.google.com/maps/place/11191 ON-27  Kleinburg,ON L0J 1C0",Public,Par 72,"Kleinburg, ON",(905) 893-3370,6948,,Copper Creek Golf Club,https://www.golfcanada.ca/golf-facility/copper-creek-golf-club-en/
18,"https://www.google.com/maps/place/533 Dominion Ave  Port Coquitlam,BC V3E 3G7",Public,Par 71,"Port Coquitlam, BC",(604) 941-4076,6299,https://carnoustiegolf.ca,Carnoustie Golf Club,https://www.golfcanada.ca/golf-facility/carnoustie-golf-club-en/
18,"https://www.google.com/maps/place/RR#1, 160 Inn Road - S-11, C-1  Parry Sound,ON P2A 2W7",Semi-private,Par 72,"Parry Sound, ON",(705) 389-9577,6815,,Manitou Ridge,https://www.golfcanada.ca/golf-facility/ridge-at-manitou-golf-club-en/
18,"https://www.google.com/maps/place/1961 King George's Park Drive  Rosslyn,ON P7K 0N8",Semi-private,Par 72,"Rosslyn, ON",(807) 623-4653,7293,https://www.whitewatergolf.com,Whitewater Golf Club Inc.,https://www.golfcanada.ca/golf-facility/whitewater-golf-club-inc-en/
