# de trous,# of Holes,Address,Adresse,Club Type,Course Par,Emplacement,Location,Par du parcours,Phone,Site Web,Total Yards,Type de club,Téléphone,Verges totales,Website,url
,18,"https://www.google.com/maps/place/PO Box 392 PO Box 392 Virden,MB R0M 2C0",,Public,Par 72,,"Virden, MB",,(204) 748-1721,,6346,,,,,https://www.golfcanada.ca/golf-facility/virden-wellview-golf-club-wellview-en/
18,,,"https://www.google.com/maps/place/PO Box 392 PO Box 392 Virden,MB R0M 2C0",,,"Virden, MB",,Par 72,,,,Public,(204) 748-1721,6346,,https://www.golfcanada.ca/fr/golf-facility/virden-wellview-golf-club-wellview-fr/
,36,"https://www.google.com/maps/place/250 Keatley Road  Ottawa,ON K7S 3G8",,Public,Par 70,,"Ottawa, ON",,(613) 623-3852,,5636,,,,,https://www.golfcanada.ca/golf-facility/madawaska-golf-twisted-pines-en/
,18,"https://www.google.com/maps/place/1229 Grand Lake Road,  Sydney,NS B1M1A2",,Semi-private,Par 72,,"Sydney, NS",,(902) 562-1112,,6604,,,,https://www.lingangolf.com,https://www.golfcanada.ca/golf-facility/lingan-golf-club-en/
,18,"https://www.google.com/maps/place/60 Ava Rd  Brantford,ON N3T 5R7",,Private,Par 72,,"Brantford, ON",,(519) 752-3731,,6602,,,,https://www.brantfordgolf-cc.com,https://www.golfcanada.ca/golf-facility/brantford-golf-country-club-ltd-en/
,18,N3W 1Z6,,Public,Par —,,—,,—,,—,,,,,https://www.golfcanada.ca/golf-facility/sundrim-golf-course-en/
,18,"https://www.google.com/maps/place/118 Old Bay Road  Oak Bay,NB E3L 3W8",,Semi-private,Par 72,,"Oak Bay, NB",,(506) 466-5336,,6146,,,,,https://www.golfcanada.ca/golf-facility/st-stephen-golf-club-en/
18,,,"https://www.google.com/maps/place/118 Old Bay Road  Oak Bay,NB E3L 3W8",,,"Oak Bay, NB",,Par 72,,,,Semi-privé,(506) 466-5336,6146,,https://www.golfcanada.ca/fr/golf-facility/st-stephen-golf-club-fr/
,18,"https://www.google.com/maps/place/4 Pinnacle Trail  Aurora,ON L4G 3K3",,Semi-private,Par 72,,"Aurora, ON",,(905) 727-7888,,7032,,,,,https://www.golfcanada.ca/golf-facility/st-andrews-valley-golf-club-en/
,18,"https://www.google.com/maps/place/400 North Rankin St, Box 419  Southampton,ON N0H 2L0",,Semi-private,Par 72,,"Southampton, ON",,—,,6134,,,,,https://www.golfcanada.ca/golf-facility/southampton-golf-country-club-en/
,18,"https://www.google.com/maps/place/2008 Airport Road, Box 1100  Creemore,ON L0M 1G0",,Private,Par 71,,"Creemore, ON",,(705) 428-3673,,7000,,,,https://www.madriver.ca,https://www.golfcanada.ca/golf-facility/mad-river-golf-club-en/
,18,"https://www.google.com/maps/place/110 Chemin de l'AlbatroS  Mont-Tremblant,QC J8E 1S1",,Public,Par 71,,"Mont-Tremblant, QC",,8196814653,,7003,,,,https://www.tremblant.ca/golf/diable/index-e.htm,https://www.golfcanada.ca/golf-facility/diable-le-station-mont-tremblant-en/
,9,"https://www.google.com/maps/place/PO BOX 855  Lillooet,BC V0K 1V0",,Public,Par 70,,"Lillooet, BC",,(250) 256-0550,,5444,,,,https://www.lillooetgolf.com,https://www.golfcanada.ca/golf-facility/lillooet-golf-country-club-en/
,18,"https://www.google.com/maps/place/1800 Mallory Road  Creston,BC V0B 1G2",,Semi-private,Par 72,,"Creston, BC",,(250) 428-5515,,6508,,,,https://www.crestongolf.com,https://www.golfcanada.ca/golf-facility/creston-golf-club-en/
,36,"https://www.google.com/maps/place/Box 126  Entwistle,AB T0E 0S0",,Public,Par 72,,"Entwistle, AB",,—,,7267,,,,,https://www.golfcanada.ca/golf-facility/trestle-creek-golf-resort-en/
,18,"https://www.google.com/maps/place/10345 Oxbow Drive, PO Box 296  Komoka,ON N0L 1R0",,Public,Par 72,,"Komoka, ON",,(519) 471-3473,,7183,,,,,https://www.golfcanada.ca/golf-facility/fire-rock-golf-club-en/
,18,"https://www.google.com/maps/place/7700 Kennedy Rd  Brampton,ON L6W 0A1",,Private,Par 71,,"Brampton, ON",,9054575700,,6716,,,,https://www.bramptongolf.com,https://www.golfcanada.ca/golf-facility/brampton-golf-club-ltd-en/
,18,"https://www.google.com/maps/place/8800 Rising View Way  Vernon,BC V1H 1Z9",,Public,Par 72,,"Vernon, BC",,250-545-7425,,6675,,,,https://www.therisegolf.ca,https://www.golfcanada.ca/golf-facility/the-rise-golf-course-en/
,18,"https://www.google.com/maps/place/Box 910  Fort St. James,BC V0J 1P0",,Public,Par 73,,"Fort St. James, BC",,6049968338,,6080,,,,,https://www.golfcanada.ca/golf-facility/stuart-lake-golf-course-en/
,18,S0K 1K0,,Public,Par —,,—,,—,,—,,,,,https://www.golfcanada.ca/golf-facility/shields-golf-course-en/
,9,"https://www.google.com/maps/place/472 Chemin Siscoe  Sullivan,QC J0Y 2N0",,Public,Par 68,,"Sullivan, QC",,(819)824-4631,,5734,,,,,https://www.golfcanada.ca/golf-facility/siscoe-club-de-golf-en/
,18,"https://www.google.com/maps/place/1995, Sir Wilfrid Laurier  Mirabel,QC J7N 3B3",,Semi-private,Par 71,,"Mirabel, QC",,—,,6327,,,,https://www.goflleselect.com,https://www.golfcanada.ca/golf-facility/select-golf-le-en/
,18,"https://www.google.com/maps/place/26029 Meadowview Drive  Sturgeon County,AB T8T 0K8",,Public,Par 72,,"Sturgeon County, AB",,(780) 408-8687,,6665,,,,https://www.countryclubtour.com,https://www.golfcanada.ca/golf-facility/sandpiper-golf-country-club-en/
,9,"https://www.google.com/maps/place/337 Scotch Line Rd  Dunsford,ON K0M 1L0",,Semi-private,Par 72,,"Dunsford, ON",,(705) 793-2308,,6250,,,,,https://www.golfcanada.ca/golf-facility/dunsford-golf-country-club-en/
,18,"https://www.google.com/maps/place/2320 Ashburnham, RR#8  Peterborough,ON K9J 6X9",,Public,Par 60,,"Peterborough, ON",,(705) 741-1300,,3328,,,,https://www.pc.gc.ca,https://www.golfcanada.ca/golf-facility/liftlock-golfland-en/
,18,"https://www.google.com/maps/place/781 Victoria Park Ave  Scarborough,ON M4C 5S8",,Public,Par 54,,"Scarborough, ON",,—,,1917,,,,,https://www.golfcanada.ca/golf-facility/dentonia-park-golf-course-en/
18,,,"https://www.google.com/maps/place/781 Victoria Park Ave  Scarborough,ON M4C 5S8",,,"Scarborough, ON",,Par 54,,,,Public,—,1917,,https://www.golfcanada.ca/fr/golf-facility/dentonia-park-golf-course-fr/
,18,"https://www.google.com/maps/place/PO Box 566  Manitou,MB R0G 1G0",,Public,Par —,,"Manitou, MB",,(204) 242-2287,,—,,,,,https://www.golfcanada.ca/golf-facility/manitou-town-country-golf-club-en/
,9,"https://www.google.com/maps/place/PO Box 305  LeRoy,SK S0K 2P0",,Public,Par 72,,"LeRoy, SK",,(306) 286-3437,,6218,,,,,https://www.golfcanada.ca/golf-facility/creek-at-leroy-golf-club-the-leroy-en/
,9,"https://www.google.com/maps/place/RR1. Site 30B, Compartment 6  Kaleden,BC V0H 1K0",,Public,Par 64,,"Kaleden, BC",,(250) 497-5648,,4408,,,,,https://www.golfcanada.ca/golf-facility/st-andrews-by-the-lake-en/
,18,"https://www.google.com/maps/place/2458 Mamquam Rd.  Squamish,BC V8B 0H8",,Semi-private,Par 72,,"Squamish, BC",,(888) 349-3688,,6521,,,,https://www.squamishvalleygolf.com,https://www.golfcanada.ca/golf-facility/squamish-valley-golf-club-en/
,18,"https://www.google.com/maps/place/1265 Route 105  Mactaquac,NB E6L 1B5",,Public,Par 72,,"Mactaquac, NB",,(506) 363-4925,,7030,,,,,https://www.golfcanada.ca/golf-facility/mactaquac-provincial-park-golf-club-en/
,18,"https://www.google.com/maps/place/18 Cove Road, PO Box 922  Lunenburg,NS B0J 2C0",,Public,Par 70,,"Lunenburg, NS",,902-634-4260,,5321,,,,https://www.bluenosegolfclub.com,https://www.golfcanada.ca/golf-facility/bluenose-golf-club-en/
18,,,"https://www.google.com/maps/place/18 Cove Road, PO Box 922  Lunenburg,NS B0J 2C0",,,"Lunenburg, NS",,Par 70,,https://www.bluenosegolfclub.com,,Public,902-634-4260,5321,,https://www.golfcanada.ca/fr/golf-facility/bluenose-golf-club-fr/
,18,"https://www.google.com/maps/place/200 Chemin du Golf  L'Épiphanie,QC J5X 2P6",,Semi-private,Par 72,,"L'Épiphanie, QC",,(450) 588-5475,,6601,,,,https://www.golfdelepiphanie.com,https://www.golfcanada.ca/golf-facility/epiphanie-club-de-golf-l-en/
,18,"https://www.google.com/maps/place/615 Winchester Rd E  Whitby,ON L1M 1X7",,Public,Par —,,"Whitby, ON",,—,,—,,,,,https://www.golfcanada.ca/golf-facility/eldorado-golf-club-en/
,27,"https://www.google.com/maps/place/6540 - 20 St. S.W.  Calgary,AB T3E 5L2",,Private,,,"Calgary, AB",,(403) 249-5548,,,,,,https://www.earlgreygolfclub.com,https://www.golfcanada.ca/golf-facility/earl-grey-golf-club-en/
,18,"https://www.google.com/maps/place/2750 West Bay Hgwy. RR#2  West Bay,NS B0E 3K0",,Public,Par 72,,"West Bay, NS",,(800) 565-1774,,6379,,,,https://www.dundeegolfclub.com,https://www.golfcanada.ca/golf-facility/dundee-resort-golf-club-en/
,18,"https://www.google.com/maps/place/10 Des Meurons Street  Winnipeg,MB R2M 2X6",,Public,Par 68,,"Winnipeg, MB",,(204) 986-3006,,5346,,,,,https://www.golfcanada.ca/golf-facility/windsor-park-golf-course-en/
,18,"https://www.google.com/maps/place/3500 McDonald Avenue 3500 McDonald Avenue Brandon,MB R7B 0B9",,Public,Par 71,,"Brandon, MB",,(204) 729-2177,,6403,,,,,https://www.golfcanada.ca/golf-facility/wheat-city-golf-course-en/
,18,"https://www.google.com/maps/place/905 James St  Delhi,ON N4B 2E2",,Public,Par 72,,"Delhi, ON",,(519) 582-0870,,6450,,,,https://www.delhigolfandcc.com,https://www.golfcanada.ca/golf-facility/delhi-golf-country-club-en/
,18,"https://www.google.com/maps/place/27 Harbour St W  Collingwood,ON L9Y 5B4",,Semi-private,Par 71,,"Collingwood, ON",,(705) 444-2699,,6362,,,,https://www.thecranberryresort.com,https://www.golfcanada.ca/golf-facility/cranberry-golf-course-en/
,18,"https://www.google.com/maps/place/Box 8570  Canmore,AB T1W 2V3",,Semi-private,Par 71,,"Canmore, AB",,4036096099,,7012,,,,https://www.tsmv.ca,https://www.golfcanada.ca/golf-facility/stewart-creek-golf-club-en/
,36,"https://www.google.com/maps/place/690 Rte 132  Saint-Anicet,QC J0S 1M0",,Public,,,"Saint-Anicet, QC",,4502643511,,,,,,https://www.golfstanicet.com,https://www.golfcanada.ca/golf-facility/st-anicet-club-de-golf-st-anicet-en/
,18,"https://www.google.com/maps/place/P.O.  Box 60  Wabasca,AB T0G 2K0",,Public,Par 72,,"Wabasca, AB",,—,,7101,,,,https://www.golfwabasca.ca,https://www.golfcanada.ca/golf-facility/eagle-point-golf-course-en/
,18,"https://www.google.com/maps/place/181, chemin Owl’s Head  Mansonville,QC J0E 1X0",,Public,Par 72,,"Mansonville, QC",,(450)292-3342,,6568,,,,https://www.owlshead.com,https://www.golfcanada.ca/golf-facility/owls-head-club-de-golf-en/
,18,"https://www.google.com/maps/place/247 Tetrault Road  La Broquerie,MB R0A 0W0",,Public,Par 71,,"La Broquerie, MB",,(204) 424-5046,,6289,,,,https://www.labgolf.ca,https://www.golfcanada.ca/golf-facility/la-broquerie-golf-en/
,18,"https://www.google.com/maps/place/259 Lewis Estates Boulevard  Edmonton,AB T5T 6A4",,Public,Par 72,,"Edmonton, AB",,(780) 489-4653,,6762,,,,https://lewisestatesgolf.com,https://www.golfcanada.ca/golf-facility/lewis-estates-golf-club-en/
,18,"https://www.google.com/maps/place/82 Dewars Lane, Lot 53  Georgetown Royalty,PE C0A 1G0",,Public,Par 72,,"Georgetown Royalty, PE",,9023685761,,7089,,,,https://golflinkspei.com,https://www.golfcanada.ca/golf-facility/dundarave-golf-course-en/
,18,"https://www.google.com/maps/place/2120 Dugald Road  Winnipeg,MB R2C 3G7",,Public,Par 71,,"Winnipeg, MB",,(204) 222-6171,,6288,,,,https://www.transconagolf.ca,https://www.golfcanada.ca/golf-facility/transcona-golf-club-en/
,9,"https://www.google.com/maps/place/#113-437 Martin Street, Box 20  Penticton,BC V2A 5L1",,Public,Par 70,,"Penticton, BC",,(250) 492-7274,,4800,,,,,https://www.golfcanada.ca/golf-facility/skaha-meadows-golf-club-en/
,18,"https://www.google.com/maps/place/2363 North Service Rd W  Oakville,ON L6M 3H8",,Semi-private,Par 71,,"Oakville, ON",,(905) 847-5555,,6301,,,,,https://www.golfcanada.ca/golf-facility/deerfield-golf-club-en/
,18,"https://www.google.com/maps/place/995 Myrtle Road West  Ashburn,ON L0B 1A0",,Semi-private,Par 72,,"Ashburn, ON",,(905) 686-1121,,7055,,,,https://www.royalashburngolfclub.com,https://www.golfcanada.ca/golf-facility/royal-ashburn-golf-club-en/
,18,T0M 0X0,,Public,Par —,,—,,—,,—,,,,,https://www.golfcanada.ca/golf-facility/eckville-meadows-golf-course-en/
,18,"https://www.google.com/maps/place/339 Hwy 215, RR #1  Ellershouse,NS B0N 1L0",,Public,Par 70,,"Ellershouse, NS",,(902) 757-0157,,5358,,,,,https://www.golfcanada.ca/golf-facility/coyote-hill-golf-course-en/
,18,"https://www.google.com/maps/place/101 Country Club Road  Lethbridge,AB T1K 7N9",,Private,Par 72,,"Lethbridge, AB",,(403) 327-6900,,6832,,,,https://www.lccgolf.com,https://www.golfcanada.ca/golf-facility/lethbridge-country-club-en/
,18,"https://www.google.com/maps/place/100 GlenEagles Drive  Cochrane,AB T4C 1P5",,Public,Par 72,,"Cochrane, AB",,4039321100,,7019,,,,https://www.gleneaglesgolf.com,https://www.golfcanada.ca/golf-facility/the-links-of-gleneagles-en/
18,,,"https://www.google.com/maps/place/100 GlenEagles Drive  Cochrane,AB T4C 1P5",,,"Cochrane, AB",,Par 72,,https://www.gleneaglesgolf.com,,Public,4039321100,7019,,https://www.golfcanada.ca/fr/golf-facility/the-links-of-gleneagles-fr/
,18,"https://www.google.com/maps/place/2835 Sunningdale Rd East  London,ON N5X 3Y7",,Public,,,"London, ON",,(519) 661-4435,,,,,,,https://www.golfcanada.ca/golf-facility/fanshawe-golf-country-club-en/
,9,"https://www.google.com/maps/place/171 Rue Angus N  East Angus,QC J0B 1R0",,Public,Par 35,,"East Angus, QC",,(819) 832-3643,,3067,,,,https://www.golfeastangus.ca,https://www.golfcanada.ca/golf-facility/east-angus-golf-club-en/
,18,"https://www.google.com/maps/place/3500-119 St.  Edmonton,AB T6J 5P5",,Private,Par 70,,"Edmonton, AB",,(780) 437-8399,,6569,,,,https://www.derrickclub.com,https://www.golfcanada.ca/golf-facility/the-derrick-golf-winter-club-en/
,18,"https://www.google.com/maps/place/253200 Range Road 280  Rockyview,AB T1Z 0E6",,Semi-private,Par 72,,"Rockyview, AB",,403 590-4515,,7077,,,,https://www.thecanalatdelacour.com,https://www.golfcanada.ca/golf-facility/the-canal-at-delacour-golf-club-en/
,—,—,,Public,Par 54,,"Ajax, ON",,—,,2692,,,,,https://www.golfcanada.ca/golf-facility/south-ajax-golf-club-wind-en/
,9,"https://www.google.com/maps/place/Airport Rd., Box 308  Salmo,BC V0G 1Z0",,Public,Par 70,,"Salmo, BC",,(250) 357-2068,,5760,,,,https://www.salmo.net/golf,https://www.golfcanada.ca/golf-facility/salmo-district-golf-club-en/
,18,"https://www.google.com/maps/place/4955 Trans Canada Hwy  Duncan,BC V9L 3X1",,Public,Par 70,,"Duncan, BC",,(250) 746-5333,,6189,,,,https://www.cowichangolfclub.ca,https://www.golfcanada.ca/golf-facility/cowichan-golf-country-club-en/
,18,"https://www.google.com/maps/place/109 Royal Troon Ln  Dunrobin,ON K0A 1T0",,Private,Par 72,,"Dunrobin, ON",,6138323400,,7012,,,,https://www.clublink.ca,https://www.golfcanada.ca/golf-facility/eagle-creek-golf-club-en/
45,,,"https://www.google.com/maps/place/P.O Box 150  Niagara Falls,ON L2E 6T2",,,"Niagara Falls, ON",,,,,,Public,9052959595,,,https://www.golfcanada.ca/fr/golf-facility/legends-on-the-niagara-fr/
,9,"https://www.google.com/maps/place/Box 238  Wheatley,ON N0P 2P0",,Public,Par 72,,"Wheatley, ON",,(519) 825-4521,,6566,,,,,https://www.golfcanada.ca/golf-facility/talbot-trail-golf-club-en/
,45,"https://www.google.com/maps/place/P.O Box 150  Niagara Falls,ON L2E 6T2",,Public,,,"Niagara Falls, ON",,9052959595,,,,,,,https://www.golfcanada.ca/golf-facility/legends-on-the-niagara-en/
,18,"https://www.google.com/maps/place/RR#2, 2483 Hwy 21  Tiverton,ON N0G 2T0",,Public,Par 72,,"Tiverton, ON",,(519) 396-8450,,5700,,,,,https://www.golfcanada.ca/golf-facility/somerhill-golf-club-en/
,18,"https://www.google.com/maps/place/651, 12e Rang Ouest  Princeville,QC G6P 6S8",,Semi-private,Par 72,,"Princeville, QC",,(819) 364-7069,,6199,,,,,https://www.golfcanada.ca/golf-facility/laurier-club-de-golf-en/
,9,"https://www.google.com/maps/place/PO Box 89  Smoky Lake,AB T0A 3C0",,Public,Par 72,,"Smoky Lake, AB",,(780) 656-2121,,6562,,,,https://smokylakegolf.org,https://www.golfcanada.ca/golf-facility/smoky-lake-town-country-golf-club-en/
,18,"https://www.google.com/maps/place/PO Box 491  Kyle,SK S0L 1T0",,Public,Par —,,"Kyle, SK",,—,,—,,,,,https://www.golfcanada.ca/golf-facility/kyle-golf-club-en/
,9,"https://www.google.com/maps/place/1375 Manitoba Expressway E PO Box 2098 Moose Jaw,SK S6H 7T2",,Public,Par 54,,"Moose Jaw, SK",,—,,3034,,,,,https://www.golfcanada.ca/golf-facility/deer-ridge-golf-club-en-2/
,18,"https://www.google.com/maps/place/225, chemin du Golf  Cowansville,QC J2K 0N4",,Semi-private,Par 72,,"Cowansville, QC",,(450) 263-3131,,6685,,,,https://www.golfcowansville.com,https://www.golfcanada.ca/golf-facility/cowansville-club-de-golf-de-en/
,18,"https://www.google.com/maps/place/4300 S.W. Marine Dr.  Vancouver,BC V6N 4A6",,Private,Par 73,,"Vancouver, BC",,(604) 266-4141,,7010,,,,https://www.shaughnessy.org,https://www.golfcanada.ca/golf-facility/shaughnessy-golf-country-club-en/
,18,"https://www.google.com/maps/place/1445 Sandusk Road  Jarvis,ON N0A 1J0",,Public,Par 70,,"Jarvis, ON",,519-587-5886,,5523,,,,,https://www.golfcanada.ca/golf-facility/sandusk-golf-club-en/
,18,"https://www.google.com/maps/place/109 East Ridge Drive 109 East Ridge Drive Thornbury,ON N0H 2P0",,Semi-private,Par 72,,"Thornbury, ON",,(519) 599-7500,,7006,,,,https://www.lorabaygolf.com,https://www.golfcanada.ca/golf-facility/lora-bay-golf-club-en/
,18,"https://www.google.com/maps/place/4300 Garden Crescent  Petrolia,ON N0N 1R0",,Semi-private,Par 72,,"Petrolia, ON",,1-888-833-8787,,6084,,,,https://www.kingswellglen.com/,https://www.golfcanada.ca/golf-facility/kingswell-glen-golf-club-en/
18,,,"https://www.google.com/maps/place/4300 Garden Crescent  Petrolia,ON N0N 1R0",,,"Petrolia, ON",,Par 72,,https://www.kingswellglen.com/,,Semi-privé,1-888-833-8787,6084,,https://www.golfcanada.ca/fr/golf-facility/kingswell-glen-golf-club-fr/
,18,"https://www.google.com/maps/place/4441 Prospect Rd. 4441 Prospect Rd. Bayside,NS B3Z 1L6",,Semi-private,Par 73,,"Bayside, NS",,(902) 852-3419,,6344,,,,https://www.granitespringsgolf.com,https://www.golfcanada.ca/golf-facility/granite-springs-golf-club-en/
,—,"https://www.google.com/maps/place/100 Woodside lane  Fredericton,NB E3C 2R9",,Public,Par —,,"Fredericton, NB",,—,,—,,,,,https://www.golfcanada.ca/golf-facility/good-guys-golf-en-2/
,27,"https://www.google.com/maps/place/RR#6, 33937 Golf Course Road  Goderich,ON N7A 3Y3",,Public,Par 70,,"Goderich, ON",,(519) 524-8047,,5645,,,,https://www.sunsetgolfclub.com,https://www.golfcanada.ca/golf-facility/goderich-sunset-golf-club-en/
,18,K7P 2Z9,,Public,Par —,,—,,—,,—,,,,,https://www.golfcanada.ca/golf-facility/westbrook-golf-club-en/
,18,"https://www.google.com/maps/place/PO Box 142  Moose Jaw,SK S6H 4N8",,Public,Par 71,,"Moose Jaw, SK",,(306) 692-3196,,5879,,,,,https://www.golfcanada.ca/golf-facility/lynbrook-golf-country-club-en/
,9,"https://www.google.com/maps/place/550 Claudie Rd  Fredericton,NB E3G 7T7",,Public,Par 62,,"Fredericton, NB",,(506) 453-1077,,3552,,,,,https://www.golfcanada.ca/golf-facility/gilridge-golf-club-en/
,9,"https://www.google.com/maps/place/47 Fundy Park Chalet Road  Alma,NB E4H 4Y8",,Public,Par 70,,"Alma, NB",,(506) 887-2970,,6168,,,,,https://www.golfcanada.ca/golf-facility/fundy-national-park-golf-club-en/
,18,"https://www.google.com/maps/place/431 Crane Hill Road  Dartmouth,NS B2Z 1J5",,Semi-private,Par 72,,"Dartmouth, NS",,(902) 435-3278,,6607,,,,https://www.eaglequestgolf.com,https://www.golfcanada.ca/golf-facility/eaglequest-grandview-golf-country-club-en/
,9,"https://www.google.com/maps/place/9 Zimmerman Drive  Caledon,ON L7E 4C2",,Semi-private,Par 68,,"Caledon, ON",,905 583 5000,,4604,,,,,https://www.golfcanada.ca/golf-facility/legacy-pines-golf-club-en/
,18,"https://www.google.com/maps/place/285 Montée des Saules  Rimouski,QC G5L 8Y9",,Public,Par 71,,"Rimouski, QC",,(418) 724-2295,,5989,,,,https://www.golfdessaules.com,https://www.golfcanada.ca/golf-facility/saules-club-de-golf-les-en/
,18,"https://www.google.com/maps/place/PO Box 128  Waldheim,SK S0K 4R0",,Public,Par —,,"Waldheim, SK",,(306) 945-2255,,—,,,,,https://www.golfcanada.ca/golf-facility/pine-ridge-waldheim-golf-club-en/
,18,"https://www.google.com/maps/place/8888 Barnhartvale Rd.  Kamloops,BC V2C 6W1",,Public,Par 72,,"Kamloops, BC",,2505732453,,6778,,,,,https://www.golfcanada.ca/golf-facility/eaglepoint-golf-resort-en/
,18,"https://www.google.com/maps/place/670 Broadway St W  Yorkton,SK S3N 0G2",,Public,Par 72,,"Yorkton, SK",,(306) 786-1711,,6396,,,,https://www.golfdeerpark.com,https://www.golfcanada.ca/golf-facility/deer-park-golf-course-en/
,9,"https://www.google.com/maps/place/114 Rue Principale  Duparquet,QC J0Z 1W0",,Public,Par 72,,"Duparquet, QC",,819-948-2277,,5838,,,,,https://www.golfcanada.ca/golf-facility/duparquet-en/
,18,R7A 5Y2,,Public,Par —,,—,,—,,—,,,,,https://www.golfcanada.ca/golf-facility/sunnyside-golf-club-en/
,18,"https://www.google.com/maps/place/104 Belleau Lake Road  Garden River,ON P6A 5K9",,Public,Par 72,,"Garden River, ON",,—,,7435,,,,https://www.golfsilvercreek.com,https://www.golfcanada.ca/golf-facility/silver-creek-golf-course-en/
,18,"https://www.google.com/maps/place/1350 Rue Principale, , QC J0P 1Z0  Saint-Zotique,QC J0P 1Z0",,Public,Par 72,,"Saint-Zotique, QC",,(450) 267-3666,,6207,,,,https://www.golfst-zotique.qc.ca,https://www.golfcanada.ca/golf-facility/st-zotique-club-de-golf-en/
,18,"https://www.google.com/maps/place/Box 328  Elm Creek,MB R0G 0N0",,Semi-private,Par 70,,"Elm Creek, MB",,(204) 436-2600,,6051,,,,,https://www.golfcanada.ca/golf-facility/scotswood-links-en/
,18,"https://www.google.com/maps/place/2462 Route 19  Fairview,PE C0A 1H2",,Public,Par 72,,"Fairview, PE",,(902) 675-2800,,6229,,,,https://www.countryviewgolf.com,https://www.golfcanada.ca/golf-facility/countryview-golf-club-en/
9,,,"https://www.google.com/maps/place/75 Chemin Labrie  Saint-Quentin,NB E8A 2C9",,,"Saint-Quentin, NB",,Par 72,,,,Public,(506) 235-2578,6442,,https://www.golfcanada.ca/fr/golf-facility/saint-quentin-golf-club-fr/
,18,"https://www.google.com/maps/place/125 Hackamore Trail  Calgary,AB T3Z 1C2",,Semi-private,Par 71,,"Calgary, AB",,(403) 202-2000,,6713,,,,https://www.springbanklinks.com,https://www.golfcanada.ca/golf-facility/springbank-links-golf-course-en/
,9,"https://www.google.com/maps/place/75 Chemin Labrie  Saint-Quentin,NB E8A 2C9",,Public,Par 72,,"Saint-Quentin, NB",,(506) 235-2578,,6442,,,,,https://www.golfcanada.ca/golf-facility/saint-quentin-golf-club-en/
,18,"https://www.google.com/maps/place/3400 Anne Macdonald Way  North Vancouver,BC V7G 2S7",,Public,Par 71,,"North Vancouver, BC",,(604) 924-2950,,6523,,,,,https://www.golfcanada.ca/golf-facility/northlands-golf-course-en/
,18,"https://www.google.com/maps/place/673 rang Dumas  Ormstown,QC J0S 1K0",,Public,Par 72,,"Ormstown, QC",,(450) 829-2061,,6228,,,,https://www.golformstown.com,https://www.golfcanada.ca/golf-facility/ormstown-club-de-golf-en/
,18,"https://www.google.com/maps/place/PO Box 1482  St. Paul,AB T0A 3A0",,Public,Par 72,,"St. Paul, AB",,(780) 645-4077,,6691,,,,,https://www.golfcanada.ca/golf-facility/st-paul-golf-course-en/
,27,"https://www.google.com/maps/place/Box 845  Orillia,ON L3V 6K8",,Semi-private,,,"Orillia, ON",,(705) 689-5371,,,,,,,https://www.golfcanada.ca/golf-facility/lake-st-george-golf-club-en/
,18,"https://www.google.com/maps/place/RR#5, 2402 Clifford Line  Peterborough,ON K9J 6X6",,Private,Par 71,,"Peterborough, ON",,(705) 876-8061,,6172,,,,https://www.keystonelinks.com,https://www.golfcanada.ca/golf-facility/keystone-links-golf-country-club-en/
,18,R0C 0E0,,Public,Par —,,—,,—,,—,,,,,https://www.golfcanada.ca/golf-facility/ashern-golf-country-club-en/
,18,"https://www.google.com/maps/place/PO Box 222  Christopher Lake,SK S0J 0N0",,Public,Par —,,"Christopher Lake, SK",,(306) 982-4815,,—,,,,,https://www.golfcanada.ca/golf-facility/lazy-k-golf-country-club-en/
,9,"https://www.google.com/maps/place/PO Box 536  Delisle,SK S0L 0P0",,Public,Par 70,,"Delisle, SK",,(306) 493-3288,,6402,,,,,https://www.golfcanada.ca/golf-facility/valleyview-delisle-golf-country-club-en/
,18,"https://www.google.com/maps/place/7145 Highway 95A  Cranbrook,BC V1C 0A1",,Public,Par 72,,"Cranbrook, BC",,—,,7405,,,,,https://www.golfcanada.ca/golf-facility/shadow-mountain-golf-club-en/
,18,"https://www.google.com/maps/place/2164 Boulevard Saint-Joseph O  Saint-Majorique,QC J2B 8A8",,Public,Par 72,,"Saint-Majorique, QC",,(819) 475-3660,,7048,,,,https://www.clubdegolfledrummond.com,https://www.golfcanada.ca/golf-facility/drummond-club-de-golf-le-en/
,18,"https://www.google.com/maps/place/8400 No 6 Rd  Richmond,BC V6W 1E2",,Semi-private,Par 57,,"Richmond, BC",,(604) 241-4653,,3157,,,,,https://www.golfcanada.ca/golf-facility/country-meadows-golf-course-en/
,18,"https://www.google.com/maps/place/24427 Twp Rd 542 24427 Twp Rd 542 Sturgeon County,AB T8T 1L4",,Public,Par 72,,"Sturgeon County, AB",,780-973-6686,,6543,,,,,https://www.golfcanada.ca/golf-facility/cattail-crossing-golf-winter-club-en/
,18,"https://www.google.com/maps/place/776 rue Principale  Saint-Prime,QC G8J 1T9",,Public,Par 71,,"Saint-Prime, QC",,(418) 251-2831,,6297,,,,https://golfstprime.com,https://www.golfcanada.ca/golf-facility/saint-prime-sur-le-lac-club-de-golf-en/
,18,"https://www.google.com/maps/place/7215 Dale Rd, Box 366  Port Hope,ON L1A 3Z3",,Public,Par 72,,"Port Hope, ON",,(905) 885-8546,,6289,,,,https://www.ashbrookgolfcourse.com,https://www.golfcanada.ca/golf-facility/ash-brook-golf-club-en/
,18,"https://www.google.com/maps/place/250 Keatley Road  Ottawa,ON K7S 3G8",,Public,Par 61,,"Ottawa, ON",,—,,3251,,,,https://www.madawaskagolf.com,https://www.golfcanada.ca/golf-facility/madawaska-golf-en/
,18,"https://www.google.com/maps/place/PO Box 985  Viking,AB T0B 4N0",,Public,Par —,,"Viking, AB",,(780) 336-3424,,—,,,,,https://www.golfcanada.ca/golf-facility/viking-golf-country-club-en/
,18,"https://www.google.com/maps/place/45 Cindy Lane  Lisle,ON L0M 1M0",,Public,Par 72,,"Lisle, ON",,—,,6546,,,,,https://www.golfcanada.ca/golf-facility/silver-brooke-golf-club-en/
,18,"https://www.google.com/maps/place/50 Golf Club Road  Astra,ON K0K 3W0",,—,,,"Astra, ON",,(613) 392-3794,,,,,,,https://www.golfcanada.ca/golf-facility/roundel-glen-golf-course-en/
18,,,"https://www.google.com/maps/place/50 Golf Club Road  Astra,ON K0K 3W0",,,"Astra, ON",,,,,,—,(613) 392-3794,,,https://www.golfcanada.ca/fr/golf-facility/roundel-glen-golf-course-fr/
,9,"https://www.google.com/maps/place/432 Michael Power Boulevard PO Box 729 Geraldton,ON P0T 1M0",,Semi-private,Par 72,,"Geraldton, ON",,(807) 854-1029,,6648,,,,https://www.kenogamisisgolfclub.com,https://www.golfcanada.ca/golf-facility/kenogamisis-golf-club-en/
9,,,"https://www.google.com/maps/place/432 Michael Power Boulevard PO Box 729 Geraldton,ON P0T 1M0",,,"Geraldton, ON",,Par 72,,https://www.kenogamisisgolfclub.com,,Semi-privé,(807) 854-1029,6648,,https://www.golfcanada.ca/fr/golf-facility/kenogamisis-golf-club-fr/
,24,"https://www.google.com/maps/place/1337 Fox Harbour Road, PO Box  Wallace,NS B0K 1Y0",,Public,Par 72,,"Wallace, NS",,(902) 257-4304,,7253,,,,https://www.foxharbr.com,https://www.golfcanada.ca/golf-facility/fox-harbr-en/
,18,"https://www.google.com/maps/place/132 Route de la Montagne  Notre-Dame-du-Portage,QC G0L 1Y0",,Public,Par 72,,"Notre-Dame-du-Portage, QC",,4188627745,,6281,,,,,https://www.golfcanada.ca/golf-facility/riviere-du-loup-club-de-golf-en/
,18,"https://www.google.com/maps/place/PO Box 603  Lundar,MB R0C 1Y0",,Public,Par —,,"Lundar, MB",,(204) 762-5877,,—,,,,,https://www.golfcanada.ca/golf-facility/lundar-co-op-golf-country-club-inc-en/
,18,"https://www.google.com/maps/place/6507 North Rd  Duncan,BC V9L 6K9",,Semi-private,Par 72,,"Duncan, BC",,(250) 746-8993,,6822,,,,https://www.duncanmeadows.com,https://www.golfcanada.ca/golf-facility/duncan-meadows-golf-country-club-en/
,18,"https://www.google.com/maps/place/Box 16  Sicamous,BC V0E 2V0",,Public,Par 66,,"Sicamous, BC",,(250) 836-4454,,4879,,,,https://www.eaglerivergolf.com,https://www.golfcanada.ca/golf-facility/eagle-river-golf-country-club-en/
,18,"https://www.google.com/maps/place/PO Box 1051  Saskatoon,SK S7K 3M9",,Public,Par 54,,"Saskatoon, SK",,(306) 975-3314,,2632,,,,https://www.saskatoon.ca,https://www.golfcanada.ca/golf-facility/silverwood-golf-club-en/
,18,"https://www.google.com/maps/place/P.O. Box 641 P.O. Box 641 Baddeck,NS B0E 1B0",,Public,Par 72,,"Baddeck, NS",,(902) 295-1333,,7037,,,,https://www.bellbay.ca,https://www.golfcanada.ca/golf-facility/bell-bay-golf-club-en/
,18,"https://www.google.com/maps/place/566, route du Golf  Lac-Etchemin,QC G0R 1S0",,Public,Par 71,,"Lac-Etchemin, QC",,(418) 625-2711,,6094,,,,https://www.golflacetchemin.com,https://www.golfcanada.ca/golf-facility/lac-etchemin-club-de-golf-en/
18,,,"https://www.google.com/maps/place/2237 Chemin du Lac Nantel Sud  Mont-Blanc,QC J0T 2G0",,,"Mont-Blanc, QC",,Par 71,,https://www.royallaurentien.com,,Semi-privé,(819) 326-5454,6885,,https://www.golfcanada.ca/fr/golf-facility/royal-laurentien-golf-fr/
,18,"https://www.google.com/maps/place/500 Sherwood Road  Sherwood,NS B0J 1J0",,Public,Par 71,,"Sherwood, NS",,902-275-4956,,5857,,,,https://www.sherwoodgolf.com,https://www.golfcanada.ca/golf-facility/sherwood-golf-country-club-en/
,18,"https://www.google.com/maps/place/837 Riverside Dr  Ajax,ON L1T 3R9",,Public,Par 70,,"Ajax, ON",,—,,5422,,,,,https://www.golfcanada.ca/golf-facility/riverside-golf-club-en/
,18,"https://www.google.com/maps/place/2237 Chemin du Lac Nantel Sud  Mont-Blanc,QC J0T 2G0",,Semi-private,Par 71,,"Mont-Blanc, QC",,(819) 326-5454,,6885,,,,https://www.royallaurentien.com,https://www.golfcanada.ca/golf-facility/royal-laurentien-golf-en/
,18,"https://www.google.com/maps/place/264 Lakeside  Knowlton,QC J0E 1V0",,Public,Par 72,,"Knowlton, QC",,(450) 243-6622,,6437,,,,,https://www.golfcanada.ca/golf-facility/knowlton-club-de-golf-en/
,18,"https://www.google.com/maps/place/General Delivery  Mulhurst,AB T0C 2C0",,Public,Par 0,,"Mulhurst, AB",,(780) 389-3783,,0,,,,,https://www.golfcanada.ca/golf-facility/pigeon-lake-golf-club-en/
,18,R7C 1B1,,Public,Par —,,—,,—,,—,,,,,https://www.golfcanada.ca/golf-facility/northern-pines-golf-course-en/
,18,"https://www.google.com/maps/place/2400 Ritson Rd North 2400 Ritson Rd North Oshawa,ON L1H 8L7",,Semi-private,Par 71,,"Oshawa, ON",,(905) 728-6641,,6603,,,,,https://www.golfcanada.ca/golf-facility/kedron-dells-golf-course-en/
,18,"https://www.google.com/maps/place/RR#3, M-2, C-11  Invermere,BC V0A 1K3",,Public,Par 72,,"Invermere, BC",,(250) 342-0562,,6646,,,,https://www.eagleranchresort.com,https://www.golfcanada.ca/golf-facility/eagle-ranch-resort-golf-club-en/
,18,"https://www.google.com/maps/place/150 Haldimand County Rd 17  Dunnville,ON N1A 2W4",,Semi-private,Par 70,,"Dunnville, ON",,(905) 774-3511,,5772,,,,,https://www.golfcanada.ca/golf-facility/dunnville-golf-club-en/
,18,"https://www.google.com/maps/place/2909 118th Ave  Edmonton,AB T5J 2R7",,Public,Par 0,,"Edmonton, AB",,7804964926,,0,,,,,https://www.golfcanada.ca/golf-facility/rundle-park-golf-course-en/
,18,"https://www.google.com/maps/place/PO Box 187  Chemainus,BC V0R 1K0",,Semi-private,Par 71,,"Chemainus, BC",,(250) 246-2588,,5816,,,,https://www.mountbrentongolf.com,https://www.golfcanada.ca/golf-facility/mount-brenton-golf-course-en/
18,,,"https://www.google.com/maps/place/PO Box 187  Chemainus,BC V0R 1K0",,,"Chemainus, BC",,Par 71,,https://www.mountbrentongolf.com,,Semi-privé,(250) 246-2588,5816,,https://www.golfcanada.ca/fr/golf-facility/mount-brenton-golf-course-fr/
,9,"https://www.google.com/maps/place/35 rue Beaumont  La Tuque,QC G9X3P6",,Public,Par 70,,"La Tuque, QC",,(819) 523-3122,,5938,,,,https://www.facebook.com,https://www.golfcanada.ca/golf-facility/la-tuque-club-de-golf-en/
,9,"https://www.google.com/maps/place/418 Pine Street, PO Box 436  Kaslo,BC V0G 1M0",,Public,Par 72,,"Kaslo, BC",,(250) 353-2262,,5500,,,,https://www.kaslogolf.org,https://www.golfcanada.ca/golf-facility/kaslo-golf-club-en/
,18,"https://www.google.com/maps/place/P.O. Box 1533  Fort MacLeod,AB T0L 0Z0",,Public,Par 70,,"Fort MacLeod, AB",,(403) 553-4664,,6032,,,,,https://www.golfcanada.ca/golf-facility/fort-macleod-golf-club-en/
,18,"https://www.google.com/maps/place/82 Speargrass Boulevard  Carseland,AB T0J 0M0",,Public,Par 72,,"Carseland, AB",,4039011134,,6709,,,,https://www.speargrass.ca,https://www.golfcanada.ca/golf-facility/speargrass-golf-course-en/
,18,"https://www.google.com/maps/place/PO Box 215  Owen Sound,ON N4K 5P3",,Public,Par 71,,"Owen Sound, ON",,(519) 376-4649,,6010,,,,,https://www.golfcanada.ca/golf-facility/scenic-city-golf-course-en/
18,,,"https://www.google.com/maps/place/PO Box 215  Owen Sound,ON N4K 5P3",,,"Owen Sound, ON",,Par 71,,,,Public,(519) 376-4649,6010,,https://www.golfcanada.ca/fr/golf-facility/scenic-city-golf-course-fr/
,9,"https://www.google.com/maps/place/Eagle Point Box 1349  La Ronge,SK S0J 1L0",,Public,Par 70,,"La Ronge, SK",,(250) 573-5547,,6180,,,,,https://www.golfcanada.ca/golf-facility/eagle-point-resort-en/
,18,"https://www.google.com/maps/place/321 Scarborough Golf Club Road 321 Scarborough Golf Club Road Toronto,ON M1J 3H2",,Private,Par 71,,"Toronto, ON",,(416) 266-4546,,6476,,,,,https://www.golfcanada.ca/golf-facility/scarboro-golf-country-club-en/
,18,"https://www.google.com/maps/place/3790 Lakeshore Rd  Camlachie,ON N0N 1E0",,Public,Par 71,,"Camlachie, ON",,(888) 729-6455,,6273,,,,https://www.sawmill-creek.com,https://www.golfcanada.ca/golf-facility/sawmill-creek-golf-resort-spa-en/
,12,"https://www.google.com/maps/place/2035 Eagle Lake Rd  South River,ON P0A 1X0",,Semi-private,Par —,,"South River, ON",,—,,—,,,,https://www.eaglelakegolf.ca,https://www.golfcanada.ca/golf-facility/eagle-lake-golf-course-en/
,18,"https://www.google.com/maps/place/16-2960 Tranquille Road  Kamloops,BC V2B 8B6",,Semi-private,Par 72,,"Kamloops, BC",,(250) 376-8020,,6738,,,,https://www.KamloopsGolfClub.com,https://www.golfcanada.ca/golf-facility/kamloops-golf-country-club-ltd-en/
,18,"https://www.google.com/maps/place/Highway 34  Debolt,AB T0H 0Y0",,Public,Par 72,,"Debolt, AB",,4039572150,,6182,,,,,https://www.golfcanada.ca/golf-facility/debolt-golf-course-en/
,27,"https://www.google.com/maps/place/149 Catamount Road  Indian Mountain,NB E1G 3A7",,Semi-private,Par 72,,"Indian Mountain, NB",,—,,6765,,,,,https://www.golfcanada.ca/golf-facility/country-meadows-golf-club-en/
,18,"https://www.google.com/maps/place/R.R. # 3  Clinton,ON N0M 1L0",,Public,Par 72,,"Clinton, ON",,(519) 482-7144,,6546,,,,,https://www.golfcanada.ca/golf-facility/woodlands-links-ltd-en/
,18,"https://www.google.com/maps/place/92, Route 329  Saint-Donat-de-Montcalm,QC J0T 2C0",,Public,Par 72,,"Saint-Donat-de-Montcalm, QC",,819-424-2658,,6091,,,,https://stdonat.golf,https://www.golfcanada.ca/golf-facility/st-donat-club-de-golf-en/
,18,T8T 0C6,,Public,Par —,,—,,—,,—,,,,,https://www.golfcanada.ca/golf-facility/terrae-pines-golf-and-country-club-en/
,18,"https://www.google.com/maps/place/210178 64th Street W  Foothills,AB T1S 5G5",,Semi-private,Par 72,,"Foothills, AB",,(403) 201-5505,,7167,,,,https://www.sirocco.ca,https://www.golfcanada.ca/golf-facility/sirocco-golf-club-en/
,18,"https://www.google.com/maps/place/3845 Middle Rd  Bowmanville,ON L1C 3K8",,Public,Par 72,,"Bowmanville, ON",,(905) 623-2670,,6200,,,,https://www.bowmanvillegolf.ca,https://www.golfcanada.ca/golf-facility/bowmanville-golf-country-club-en/
,18,"https://www.google.com/maps/place/PO Box 375  Fox Creek,AB T0H 1P0",,Public,Par 72,,"Fox Creek, AB",,(780) 622-3343,,6766,,,,https://www.foxcreek.ca,https://www.golfcanada.ca/golf-facility/silver-birch-golf-club-en/
,18,"https://www.google.com/maps/place/3421 McNutt Road  Barrie,ON L4M 4Y8",,Semi-private,Par 72,,"Barrie, ON",,1-888-833-8787,,6311,,,,,https://www.golfcanada.ca/golf-facility/settlers-ghost-golf-club-en/
,18,"https://www.google.com/maps/place/PO Box 742 E Downing Drive Lanigan,SK S0K 2M0",,Public,Par 0,,"Lanigan, SK",,(306) 365-3080,,0,,,,,https://www.golfcanada.ca/golf-facility/lanigan-golf-country-club-en/
,18,"https://www.google.com/maps/place/Po Box 1024  Jasper,AB T0E 1E0",,Public,Par 71,,"Jasper, AB",,(780) 852-6090,,6663,,,,https://www.fairmont.com,https://www.golfcanada.ca/golf-facility/jasper-park-golf-club-en/
,18,"https://www.google.com/maps/place/1150 Sunset Drive  Fort Erie,ON L2A 5M4",,Semi-private,Par 57,,"Fort Erie, ON",,—,,3023,,,,,https://www.golfcanada.ca/golf-facility/fort-erie-golf-club-en/
,18,"https://www.google.com/maps/place/12000 Chemin Saint-Roch  Sorel-Tracy,QC J3R 5E8",,Semi-private,Par 72,,"Sorel-Tracy, QC",,(450) 743-7922,,6709,,,,https://www.golflesdunes.com,https://www.golfcanada.ca/golf-facility/dunes-club-de-golf-les-en/
,27,"https://www.google.com/maps/place/RR#2, Bruce Road #3  Port Elgin,ON N0H 2C6",,Semi-private,,,"Port Elgin, ON",,(519) 389-4031,,,,,,,https://www.golfcanada.ca/golf-facility/saugeen-golf-club-en/
27,,,"https://www.google.com/maps/place/RR#2, Bruce Road #3  Port Elgin,ON N0H 2C6",,,"Port Elgin, ON",,,,,,Semi-privé,(519) 389-4031,,,https://www.golfcanada.ca/fr/golf-facility/saugeen-golf-club-fr/
,18,P0P 1P0,,Public,Par —,,—,,—,,—,,,,,https://www.golfcanada.ca/golf-facility/sauble-river-golf-country-club-en/
,18,N0H 2G0,,Public,Par —,,—,,—,,—,,,,,https://www.golfcanada.ca/golf-facility/sauble-golf-club-en/
,18,"https://www.google.com/maps/place/5725 Black Gold Drive  Leduc,AB T9E 8C4",,Public,Par 71,,"Leduc, AB",,(780) 986-8009,,6658,,,,https://www.leducgolf.com,https://www.golfcanada.ca/golf-facility/leduc-golf-country-club-en/
,18,"https://www.google.com/maps/place/865 Cartwright St. West  Saskatoon,SK S7T 1B1",,Private,Par 72,,"Saskatoon, SK",,(306) 931-0022,,6930,,,,https://www.saskatoongcc.com,https://www.golfcanada.ca/golf-facility/saskatoon-golf-country-club-en/
,9,"https://www.google.com/maps/place/1133 4 St E  Bow Island,AB T0K 0G0",,Public,Par 72,,"Bow Island, AB",,(403) 545-6111,,6100,,,,https://www.bowislandgolf.ca,https://www.golfcanada.ca/golf-facility/bow-island-jubilee-golf-club-en/
,27,"https://www.google.com/maps/place/Box 10  Stouffville,ON L4A 7Z4",,Semi-private,Par 72,,"Stouffville, ON",,(905) 640-4882,,6625,,,,,https://www.golfcanada.ca/golf-facility/royal-stouffville-golf-course-en/
,18,"https://www.google.com/maps/place/401 Royal Oaks Blvd  Moncton,NB E1H 0A2",,Public,Par 72,,"Moncton, NB",,506-388-6257,,7103,,,,https://www.royaloaks.ca,https://www.golfcanada.ca/golf-facility/royal-oaks-golf-club-en/
,9,"https://www.google.com/maps/place/Ditson Dr  Kindersley,SK S0L 1S0",,Public,Par 72,,"Kindersley, SK",,3064632788,,6194,,,,,https://www.golfcanada.ca/golf-facility/kindersley-regional-park-golf-club-en/
,18,"https://www.google.com/maps/place/46343 Talbot Line  St. Thomas,ON N5P 3S7",,Public,Par 71,,"St. Thomas, ON",,519-773-2911,,5801,,,,,https://www.golfcanada.ca/golf-facility/iron-creek-golf-club-en/
,18,"https://www.google.com/maps/place/Box 22010, GCPO  Cambridge,ON N1R 8E3",,Private,Par 70,,"Cambridge, ON",,(519) 621-7020,,6188,,,,,https://www.golfcanada.ca/golf-facility/galt-country-club-en/
,18,"https://www.google.com/maps/place/Highway 33, PO Box 185  Fillmore,SK S0G 1N0",,Public,Par —,,"Fillmore, SK",,(306) 722-3330,,—,,,,,https://www.golfcanada.ca/golf-facility/fillmore-33-golf-club-en/
,9,"https://www.google.com/maps/place/975 Onion Lake Rd  Thunder Bay,ON P7G 2C3",,Public,Par 72,,"Thunder Bay, ON",,(807) 768-8633,,6610,,,,,https://www.golfcanada.ca/golf-facility/dragon-hills-golf-club-en/
,18,"https://www.google.com/maps/place/W Valley Rd W Valley Rd Corner Brook,NL A2H 7S8",,Public,Par 70,,"Corner Brook, NL",,(709) 634-5550,,5729,,,,https://www.blomidongolf.com,https://www.golfcanada.ca/golf-facility/blomidon-golf-club-en/
,18,"https://www.google.com/maps/place/2601 Recplace Drive  Prince George,BC V2N 0G2",,Public,Par 70,,"Prince George, BC",,(250) 563-0357,,6391,,,,https://www.pggolfandcurling.com,https://www.golfcanada.ca/golf-facility/prince-george-golf-curling-club-en/
,18,"https://www.google.com/maps/place/13054 Lakeshore Road  Wainfleet,ON L0S 1V0",,Public,Par —,,"Wainfleet, ON",,289-821-6888,,—,,,,,https://www.golfcanada.ca/golf-facility/long-beach-country-club-en/
,18,"https://www.google.com/maps/place/29, route 275 N  Frampton,QC G0R 1M0",,Public,Par 71,,"Frampton, QC",,(418) 479-5589,,6085,,,,https://www.golfdorchester.com,https://www.golfcanada.ca/golf-facility/dorchester-club-de-golf-en/
,27,"https://www.google.com/maps/place/PO Box 6068  Innisfail,AB T4G 1S7",,Semi-private,,,"Innisfail, AB",,4032273444,,,,,,https://www.innisfailgolf.ab.ca,https://www.golfcanada.ca/golf-facility/innisfail-golf-club-en/
,18,"https://www.google.com/maps/place/705 Pontypool Rd  Pontypool,ON L0A 1K0",,Semi-private,Par 72,,"Pontypool, ON",,(705)932-4653,,6886,,,,,https://www.golfcanada.ca/golf-facility/black-diamond-golf-club-en/
,27,"https://www.google.com/maps/place/53541 Range Rd. 232  Sherwood Park,AB T8A 4V2",,Public,,,"Sherwood Park, AB",,7804494911,,,,,,https://www.thelegends.ca/legendsmenu.html,https://www.golfcanada.ca/golf-facility/the-legends-golf-country-club-en/
27,,,"https://www.google.com/maps/place/53541 Range Rd. 232  Sherwood Park,AB T8A 4V2",,,"Sherwood Park, AB",,,,https://www.thelegends.ca/legendsmenu.html,,Public,7804494911,,,https://www.golfcanada.ca/fr/golf-facility/the-legends-golf-country-club-fr/
,18,"https://www.google.com/maps/place/2130 Route 760  Tabusintac,NB E9H 1Z5",,Public,Par 72,,"Tabusintac, NB",,(506) 779-4653,,6800,,,,,https://www.golfcanada.ca/golf-facility/tabusintac-reg-golf-and-country-club-en/
,9,"https://www.google.com/maps/place/1719 Vincent Massey Dr 1719 Vincent Massey Dr Cornwall,ON K6H 5R6",,Public,Par —,,"Cornwall, ON",,613-932-8255,,—,,,,,https://www.golfcanada.ca/golf-facility/archies-family-golf-centre-en/
9,,,"https://www.google.com/maps/place/1719 Vincent Massey Dr 1719 Vincent Massey Dr Cornwall,ON K6H 5R6",,,"Cornwall, ON",,Par —,,,,Public,613-932-8255,—,,https://www.golfcanada.ca/fr/golf-facility/archies-family-golf-centre-fr/
,18,"https://www.google.com/maps/place/400 Chemin Compton  Bromont,QC J2L 1E9",,Public,Par 72,,"Bromont, QC",,(450) 534-4653,,6782,,,,https://www.royalbromot.com,https://www.golfcanada.ca/golf-facility/royal-bromont-club-de-golf-le-en/
,18,"https://www.google.com/maps/place/120 Highway #2 - RR #4  Souris,PE C0A 2B0",,Public,Par 35,,"Souris, PE",,(902) 687-1586,,35,,,,https://www.rollobaygreens.com,https://www.golfcanada.ca/golf-facility/rollo-bay-greens-en/
18,,,"https://www.google.com/maps/place/120 Highway #2 - RR #4  Souris,PE C0A 2B0",,,"Souris, PE",,Par 35,,https://www.rollobaygreens.com,,Public,(902) 687-1586,35,,https://www.golfcanada.ca/fr/golf-facility/rollo-bay-greens-fr/
,18,"https://www.google.com/maps/place/35997 McKee Road  Abbotsford,BC V3G 2L6",,Semi-private,Par 70,,"Abbotsford, BC",,(604) 859-6388,,6207,,,,https://www.ledgeviewgolf.com,https://www.golfcanada.ca/golf-facility/ledgeview-golf-club-en/
,18,"https://www.google.com/maps/place/PO Box 1000  Willowbunch,SK S0H 4K0",,Public,Par 72,,"Willowbunch, SK",,(306) 473-2852,,6402,,,,,https://www.golfcanada.ca/golf-facility/willow-bunch-golf-club-en/
,36,"https://www.google.com/maps/place/3700 Rue Damien-Gauthier  Montreal,QC H1A 5T4",,Semi-private,,,"Montreal, QC",,(514) 642-1333,,,,,,https://www.cgimgolf.com,https://www.golfcanada.ca/golf-facility/ile-de-montreal-club-de-golf-de-l-en/
,9,"https://www.google.com/maps/place/Club Drive, PO Box 278  Nobleford,AB T0L 1S0",,Public,Par 72,,"Nobleford, AB",,(403) 824-3588,,6860,,,,,https://www.golfcanada.ca/golf-facility/keho-park-golf-club-en/
,18,"https://www.google.com/maps/place/643 Salmonier Line Route 90 South Holyrood,NL A0A 2R0",,Public,Par 72,,"Holyrood, NL",,7092299453,,6772,,,,https://www.thewilds.ca,https://www.golfcanada.ca/golf-facility/the-wilds-golf-resort-en/
,27,"https://www.google.com/maps/place/7200 Disputed Road  La Salle,ON N9A 6Z6",,Public,,,"La Salle, ON",,(519) 972-1177,,,,,,https://www.sevenlakesgolf.com,https://www.golfcanada.ca/golf-facility/seven-lakes-championship-golf-en/
27,,,"https://www.google.com/maps/place/7200 Disputed Road  La Salle,ON N9A 6Z6",,,"La Salle, ON",,,,https://www.sevenlakesgolf.com,,Public,(519) 972-1177,,,https://www.golfcanada.ca/fr/golf-facility/seven-lakes-championship-golf-fr/
,18,"https://www.google.com/maps/place/1901 Mount Pleasant Road  Toronto,ON M4N 2W3",,Public,Par 71,,"Toronto, ON",,(416) 485-9321,,6525,,,,,https://www.golfcanada.ca/golf-facility/rosedale-golf-club-en/
,18,"https://www.google.com/maps/place/1000 Clubhouse Dr  Kamloops,BC V2H 1T9",,Public,Par 72,,"Kamloops, BC",,(250) 571-7888,,6870,,,,"https://www.golfbighorn,ca",https://www.golfcanada.ca/golf-facility/bighorn-golf-country-club-en/
,36,"https://www.google.com/maps/place/1849 Old Highway 2  Belleville,ON K8N 4Z2",,Semi-private,,,"Belleville, ON",,6139687404,,,,,,https://bayofquintegolf.com,https://www.golfcanada.ca/golf-facility/bay-of-quinte-golf-country-club-en/
,18,"https://www.google.com/maps/place/PO Box 1563  Moosomin,SK S0G 3N0",,Public,Par 72,,"Moosomin, SK",,(306) 435-3511,,5904,,,,,https://www.golfcanada.ca/golf-facility/pipestone-hills-golf-club-en/
,36,"https://www.google.com/maps/place/150, rue Les Peupliers  Laval-sur-le-Lac,QC H7R 1G4",,Private,,,"Laval-sur-le-Lac, QC",,4506270408,,,,,,https://www.cslll.ca,https://www.golfcanada.ca/golf-facility/le-club-laval-sur-le-lac-en/
18,,,"https://www.google.com/maps/place/65 Goulard Road  Sturgeon Falls,ON P2B 2R7",,,"Sturgeon Falls, ON",,Par 70,,https://www.laurentidegolfclub.com,,Public,—,6058,,https://www.golfcanada.ca/fr/golf-facility/laurentide-golf-club-fr/
,18,"https://www.google.com/maps/place/300 Rue des Cedres  Sainte-Sophie,QC J0R 1S0",,Public,Par 71,,"Sainte-Sophie, QC",,450-431-0503,,6616,,,,,https://www.golfcanada.ca/golf-facility/val-des-lacs-club-de-golf-en/
,18,"https://www.google.com/maps/place/65 Goulard Road  Sturgeon Falls,ON P2B 2R7",,Public,Par 70,,"Sturgeon Falls, ON",,—,,6058,,,,https://www.laurentidegolfclub.com,https://www.golfcanada.ca/golf-facility/laurentide-golf-club-en/
,18,"https://www.google.com/maps/place/PO Box 2122  Humboldt,SK S0K 2A0",,Public,Par 72,,"Humboldt, SK",,(306) 682-2833,,6513,,,,https://www.humboldtgolfclub.ca,https://www.golfcanada.ca/golf-facility/humboldt-golf-club-en/
,18,"https://www.google.com/maps/place/PO Box 2229 HIghway 5 Kamsack,SK S0A 1S0",,Public,Par 36,,"Kamsack, SK",,(306) 542-3741,,2863,,,,,https://www.golfcanada.ca/golf-facility/kamsack-riverside-golf-club-en/
,18,"https://www.google.com/maps/place/12808 Warden Ave  Whitchurch-Stouffville,ON L4A 7X5",,Public,,,"Whitchurch-Stouffville, ON",,(905) 888-1955,,,,,,,https://www.golfcanada.ca/golf-facility/bethesda-grange-rolling-hills-g-c-en/
,18,—,,Public,Par 70,,"Rivers, MB",,204-328-7122,,6048,,,,,https://www.golfcanada.ca/golf-facility/riverdale-golf-country-club-en/
,9,"https://www.google.com/maps/place/Box 444  Ponteix,SK S0N 1Z0",,Public,Par 66,,"Ponteix, SK",,(306) 625-3882,,4970,,,,,https://www.golfcanada.ca/golf-facility/ponteix-golf-club-en/
,18,"https://www.google.com/maps/place/P.O. Box 809, 4252 County Road  Haliburton,ON K0M 1S0",,Public,Par 71,,"Haliburton, ON",,(705) 457-1800,,5797,,,,https://www.pinestone-resort.com/golf,https://www.golfcanada.ca/golf-facility/pinestone-resort-conference-centre-en/
18,,,"https://www.google.com/maps/place/P.O. Box 809, 4252 County Road  Haliburton,ON K0M 1S0",,,"Haliburton, ON",,Par 71,,https://www.pinestone-resort.com/golf,,Public,(705) 457-1800,5797,,https://www.golfcanada.ca/fr/golf-facility/pinestone-resort-conference-centre-fr/
,18,"https://www.google.com/maps/place/100 Rue Balmoral  Morin-Heights,QC J0R 1H0",,Public,Par 72,,"Morin-Heights, QC",,(450) 226-5656,,6298,,,,https://www.lebalmoral.com,https://www.golfcanada.ca/golf-facility/balmoral-club-de-golf-en/
,27,"https://www.google.com/maps/place/8380 Fairlane Road, RR #1  Listowel,ON N4W 3G6",,Semi-private,,,"Listowel, ON",,(519) 291-2500,,,,,,,https://www.golfcanada.ca/golf-facility/listowel-golf-club-en/
,18,"https://www.google.com/maps/place/6706 Alberta Street  Vancouver,BC V3K 3M6",,Public,Par 71,,"Vancouver, BC",,(604) 713-1816,,6058,,,,https://www.city.vancouver.bc.ca/parks/golf/langara/index.htm,https://www.golfcanada.ca/golf-facility/langara-golf-club-en/
,18,"https://www.google.com/maps/place/PO Box 52094  Edmonton,AB T6G 2T5",,Private,Par 70,,"Edmonton, AB",,(780) 391-8405,,6740,,,,https://www.mayfair.ca,https://www.golfcanada.ca/golf-facility/royal-mayfair-golf-club-en/
,—,H9C 1H2,,Public,,,"L'Ile-Bizard,",,5146964653,,,,,,https://www.golfstraphael.ca,https://www.golfcanada.ca/golf-facility/saint-raphael-club-de-golf-en/
,9,"https://www.google.com/maps/place/21 Airport Road  Deer Lake,NL A8A 1A4",,Public,Par 72,,"Deer Lake, NL",,709-635-5955,,6212,,,,https://www.humberrivergolfclub.com,https://www.golfcanada.ca/golf-facility/humber-river-golf-club-en/
,18,"https://www.google.com/maps/place/18 Hagan Rd.  Scotland,ON N0E 1R0",,Public,Par 70,,"Scotland, ON",,—,,6172,,,,,https://www.golfcanada.ca/golf-facility/fescues-edge-golf-club-en/
,18,"https://www.google.com/maps/place/455 Kennedy Drive West  Windsor,ON N9G 1S8",,Public,Par 72,,"Windsor, ON",,(519) 969-3810,,6895,,,,,https://www.golfcanada.ca/golf-facility/roseland-golf-curling-club-en/
,9,"https://www.google.com/maps/place/MB-347  Souris,MB R0K 2C0",,Public,Par 70,,"Souris, MB",,(204) 483-2956,,6224,,,,,https://www.golfcanada.ca/golf-facility/souris-glenwood-golf-club-inc-en/
9,,,"https://www.google.com/maps/place/MB-347  Souris,MB R0K 2C0",,,"Souris, MB",,Par 70,,,,Public,(204) 483-2956,6224,,https://www.golfcanada.ca/fr/golf-facility/souris-glenwood-golf-club-inc-fr/
,18,"https://www.google.com/maps/place/30 River Road  St. Andrews,MB R1A 2V1",,Semi-private,Par 70,,"St. Andrews, MB",,(204) 334-2107,,6181,,,,https://www.larters.com,https://www.golfcanada.ca/golf-facility/larters-at-st-andrews-golf-and-country-club-en/
,18,"https://www.google.com/maps/place/1801 Queen St North  New Dundee,ON N0B 2E0",,Semi-private,Par 72,,"New Dundee, ON",,1-888-833-8787,,6165,,,,https://www.golfdundee.ca,https://www.golfcanada.ca/golf-facility/dundee-country-club-en/
,9,"https://www.google.com/maps/place/Box 17  Bengough,SK S0C 0K0",,Public,Par 72,,"Bengough, SK",,(306) 268-2909,,6486,,,,https://bengoughrec.com,https://www.golfcanada.ca/golf-facility/bengough-regional-park-golf-club-en/
9,,,"https://www.google.com/maps/place/Box 17  Bengough,SK S0C 0K0",,,"Bengough, SK",,Par 72,,https://bengoughrec.com,,Public,(306) 268-2909,6486,,https://www.golfcanada.ca/fr/golf-facility/bengough-regional-park-golf-club-fr/
,9,"https://www.google.com/maps/place/805A Lower Ganges Road  Salt Spring Isl,BC V8K 2V9",,Semi-private,Par 72,,"Salt Spring Isl, BC",,(250) 537-2121,,6099,,,,https://www.saltspringgolf.com,https://www.golfcanada.ca/golf-facility/salt-spring-island-golf-country-club-en/
,18,"https://www.google.com/maps/place/PO Box 406  Theodore,SK S0A 4C0",,Public,Par —,,"Theodore, SK",,(306) 647-2191,,—,,,,,https://www.golfcanada.ca/golf-facility/whitesand-r-p-g-c-en/
,18,"https://www.google.com/maps/place/RR#1 , 1208 Muskoka Beach Road  Gravenhurst,ON P1P 1R1",,Public,Par 71,,"Gravenhurst, ON",,705-687-2233,,7175,,,,https://www.taboomuskoka.com,https://www.golfcanada.ca/golf-facility/taboo-resort-golf-spa-en/
,18,"https://www.google.com/maps/place/4909-44th St.  Taber,AB T1G 1G1",,Public,Par 72,,"Taber, AB",,(403) 223-2424,,6709,,,,https://www.tabergolf.ca,https://www.golfcanada.ca/golf-facility/taber-golf-club-en/
,27,"https://www.google.com/maps/place/4540 Portage Avenue  Headingley,MB R4H 1C8",,Public,,,"Headingley, MB",,2049863490,,,,,,,https://www.golfcanada.ca/golf-facility/john-blumberg-golf-course-blumberg-gold-course-en/
,18,"https://www.google.com/maps/place/1025 Len Birchall Way  Kingston,ON K7M 4M1",,Semi-private,Par 63,,"Kingston, ON",,(613) 634-7888,,4222,,,,https://www.thelandings.ca,https://www.golfcanada.ca/golf-facility/landings-golf-course-the-en/
,18,"https://www.google.com/maps/place/3840 Boulevard Laurier O  Saint-Hyacinthe,QC J2S 3T9",,Semi-private,Par 70,,"Saint-Hyacinthe, QC",,(450) 773-8579,,6099,,,,https://www.golfsthyacinthe.com,https://www.golfcanada.ca/golf-facility/st-hyacinthe-club-de-golf-en/
,18,"https://www.google.com/maps/place/Box 237  Boyle,AB T0A 0M0",,Public,Par 72,,"Boyle, AB",,—,,6442,,,,,https://www.golfcanada.ca/golf-facility/skeleton-lake-golf-club-en/
,18,"https://www.google.com/maps/place/PO Box 502  Smithers,BC V0J 2N0",,Semi-private,Par 72,,"Smithers, BC",,(250) 847-5950,,6539,,,,,https://www.golfcanada.ca/golf-facility/smithers-golf-country-club-en/
,18,"https://www.google.com/maps/place/General Delivery  Hughenden,AB T0B 2E0",,Public,Par —,,"Hughenden, AB",,(780) 856-2066,,—,,,,,https://www.golfcanada.ca/golf-facility/hughenden-golf-association-en/
18,,,"https://www.google.com/maps/place/General Delivery  Hughenden,AB T0B 2E0",,,"Hughenden, AB",,Par —,,,,Public,(780) 856-2066,—,,https://www.golfcanada.ca/fr/golf-facility/hughenden-golf-association-fr/
,18,"https://www.google.com/maps/place/228 Brock Street, East RR#3  Uxbridge,ON L9P 1R3",,Public,Par 69,,"Uxbridge, ON",,(905) 852-7962,,5251,,,,,https://www.golfcanada.ca/golf-facility/foxbridge-golf-club-en/
,18,"https://www.google.com/maps/place/10 Woodleys Ln  Dundas,ON L9H 6Y6",,Private,Par 71,,"Dundas, ON",,(905) 628-6731,,6421,,,,,https://www.golfcanada.ca/golf-facility/dundas-valley-golf-curling-club-en/
,—,"https://www.google.com/maps/place/12600 Bramalea Rd  Caledon East,ON L7C 2P3",,—,,,"Caledon East, ON",,—,,,,,,,https://www.golfcanada.ca/golf-facility/bantys-roost-golf-club-en-2/
,27,"https://www.google.com/maps/place/900 Rang de la Presqu'île  L'Assomption,QC J5W 3P3",,Public,,,"L'Assomption, QC",,(450) 654-4653,,,,,,https://www.golf-lanaudiere.com,https://www.golfcanada.ca/golf-facility/lanaudiere-centre-de-golf-en/
27,,,"https://www.google.com/maps/place/900 Rang de la Presqu'île  L'Assomption,QC J5W 3P3",,,"L'Assomption, QC",,,,https://www.golf-lanaudiere.com,,Public,(450) 654-4653,,,https://www.golfcanada.ca/fr/golf-facility/lanaudiere-centre-de-golf-fr/
,36,"https://www.google.com/maps/place/P.O. Box 609  Brooklin,ON L1M 1B5",,Semi-private,,,"Brooklin, ON",,(905) 428-6321,,,,,,https://www.lakeridgelinks.com,https://www.golfcanada.ca/golf-facility/lakeridge-links-golf-club-en/
,18,"https://www.google.com/maps/place/760 Keil Drive  Hinton,AB T7V 0B2",,Public,Par 71,,"Hinton, AB",,(780) 865-2790,,6436,,,,https://www.hintongolfclub.com,https://www.golfcanada.ca/golf-facility/hinton-golf-club-en/
,9,"https://www.google.com/maps/place/9451 Route 11  Saint Margarets,NB E1N 5C4",,Public,Par 72,,"Saint Margarets, NB",,506-622-5837,,5866,,,,,https://www.golfcanada.ca/golf-facility/st-margarets-golf-club-en/
,27,"https://www.google.com/maps/place/8282 County Road 19  Fergus,ON N1M 2R3",,Semi-private,,,"Fergus, ON",,—,,,,,,https://www.golffergus.ca,https://www.golfcanada.ca/golf-facility/fergus-golf-club-en/
,18,"https://www.google.com/maps/place/50th Street North, Box 43  Sedgewick,AB T0B 4C0",,Public,Par 0,,"Sedgewick, AB",,(780) 384-3670,,0,,,,,https://www.golfcanada.ca/golf-facility/sedgewick-centennial-golf-club-en/
18,,,"https://www.google.com/maps/place/50th Street North, Box 43  Sedgewick,AB T0B 4C0",,,"Sedgewick, AB",,Par 0,,,,Public,(780) 384-3670,0,,https://www.golfcanada.ca/fr/golf-facility/sedgewick-centennial-golf-club-fr/
,9,"https://www.google.com/maps/place/2053 Dunany Road  Wentworth,QC J8H 0B5",,Private,Par 72,,"Wentworth, QC",,(450) 562-4885,,6380,,,,https://www.dunanycountryclub.com,https://www.golfcanada.ca/golf-facility/dunany-country-club-en/
,9,"https://www.google.com/maps/place/42 Fairfield Road  Sackville,NB E4L 2X8",,Public,Par 71,,"Sackville, NB",,(506) 536-3437,,5652,,,,https://www.sackvillegolf.nb.ca,https://www.golfcanada.ca/golf-facility/sackville-golf-country-club-en/
,18,"https://www.google.com/maps/place/12741 Montrose Rd.  Niagara Falls,ON L2G 5R9",,Public,Par 70,,"Niagara Falls, ON",,(905) 384-9894,,6224,,,,https://www.rollingmeadowsgolfandcountryclub.ca,https://www.golfcanada.ca/golf-facility/rolling-meadows-golf-country-club-en/
,—,"https://www.google.com/maps/place/12600 Bramalea Rd  Caledon East,ON L7C 2P3",,—,,,"Caledon East, ON",,—,,,,,,,https://www.golfcanada.ca/golf-facility/bantys-roost-golf-club-en/
,18,"https://www.google.com/maps/place/PO Box 225  Roland,MB R0G 1T0",,Public,Par 72,,"Roland, MB",,(204) 343-2409,,5570,,,,,https://www.golfcanada.ca/golf-facility/roland-golf-club-en/
18,,,"https://www.google.com/maps/place/651, chemin des Bouleaux  Saint-Gérard-des-Laurentides,QC G9R 1T1",,,"Saint-Gérard-des-Laurentides, QC",,Par —,,https://www.lelaurentides.com,,Public,—,—,,https://www.golfcanada.ca/fr/golf-facility/laurentides-club-de-golf-le-fr/
,18,"https://www.google.com/maps/place/P.O. Box 111,  Lindsay,ON K9V 4R8",,Semi-private,Par 72,,"Lindsay, ON",,7053245662,,7011,,,,,https://www.golfcanada.ca/golf-facility/lindsay-golf-country-club-en/
,18,"https://www.google.com/maps/place/651, chemin des Bouleaux  Saint-Gérard-des-Laurentides,QC G9R 1T1",,Public,Par —,,"Saint-Gérard-des-Laurentides, QC",,—,,—,,,,https://www.lelaurentides.com,https://www.golfcanada.ca/golf-facility/laurentides-club-de-golf-le-en/
,18,"https://www.google.com/maps/place/PO Box 9078  Sylvan Lake,AB T4S 1S6",,Semi-private,Par 72,,"Sylvan Lake, AB",,(403) 887-2477,,6411,,,,,https://www.golfcanada.ca/golf-facility/lakewood-golf-resort-en/
,18,"https://www.google.com/maps/place/6603 Ada Blvd.  Edmonton,AB T5W 4N5",,Private,Par 71,,"Edmonton, AB",,(780) 474-4211,,6374,,,,https://www.highlandsgolfclub.com,https://www.golfcanada.ca/golf-facility/highlands-golf-club-en/
,18,"https://www.google.com/maps/place/Range Route 223  Fort Saskatchewan,AB T8L 2T1",,Public,Par 0,,"Fort Saskatchewan, AB",,7809984653,,0,,,,,https://www.golfcanada.ca/golf-facility/fox-run-golf-course-en-2/
,18,"https://www.google.com/maps/place/2738 Brigham Road  London,ON N6P 1P2",,Semi-private,Par 71,,"London, ON",,(519) 472-2760,,6129,,,,,https://www.golfcanada.ca/golf-facility/echo-valley-golf-club-en/
,18,"https://www.google.com/maps/place/4115 143 Rte  Stanstead,QC J0B 3E0",,Public,Par 72,,"Stanstead, QC",,(819) 876-2113,,6167,,,,,https://www.golfcanada.ca/golf-facility/dufferin-heights-country-club-en/
,18,"https://www.google.com/maps/place/PO Box 235  Chester,NS B0J 1J0",,Public,Par —,,"Chester, NS",,(902) 275-8326,,—,,,,,https://www.golfcanada.ca/golf-facility/mill-ridge-golf-course-en/
,18,"https://www.google.com/maps/place/5 Rue Riverside  Saint-Lambert,QC J4S 1B7",,Public,Par 72,,"Saint-Lambert, QC",,(450) 671-6184,,6690,,,,,https://www.golfcanada.ca/golf-facility/country-club-de-montreal-en/
,18,"https://www.google.com/maps/place/7038 Egremont Drive 7038 Egremont Drive London,ON N6H 0H6",,Private,Par 71,,"London, ON",,(519) 641-2519,,6842,,,,https://www.westhavengolf.com,https://www.golfcanada.ca/golf-facility/west-haven-golf-country-club-en/
18,,,"https://www.google.com/maps/place/7038 Egremont Drive 7038 Egremont Drive London,ON N6H 0H6",,,"London, ON",,Par 71,,https://www.westhavengolf.com,,Privé,(519) 641-2519,6842,,https://www.golfcanada.ca/fr/golf-facility/west-haven-golf-country-club-fr/
,18,"https://www.google.com/maps/place/PO Box 428  Midale,SK S0C 1S0",,Public,Par 72,,"Midale, SK",,(306) 458-2452,,6967,,,,https://www.mainprizepark.com,https://www.golfcanada.ca/golf-facility/mainprize-golf-club-en/
,18,"https://www.google.com/maps/place/670 Chemin du Golf  Saint-Jean-Port-Joli,QC G0R 3G0",,Public,Par 72,,"Saint-Jean-Port-Joli, QC",,(418) 598-9719,,6282,,,,https://www.golf-trois-saumons.com,https://www.golfcanada.ca/golf-facility/trois-saumons-club-de-golf-en/
,36,"https://www.google.com/maps/place/8525 Mississauga Road  Brampton,ON L6Y 0C1",,Public,,,"Brampton, ON",,(905) 455-8400,,,,,,https://www.golflionhead.com,https://www.golfcanada.ca/golf-facility/lionhead-golf-country-club-en/
,9,"https://www.google.com/maps/place/65 Rang des Binet  Saint-Benoît-Labre,QC G0M 1P0",,Public,Par 70,,"Saint-Benoît-Labre, QC",,418-222-6012,,5513,,,,,https://www.golfcanada.ca/golf-facility/lac-poulin-club-de-golf-du-en/
,18,"https://www.google.com/maps/place/200 Golf Street  Dieppe,NB E1A 8K9",,Private,Par 72,,"Dieppe, NB",,5068594653,,6925,,,,https://www.foxcreekgolfclub.com,https://www.golfcanada.ca/golf-facility/fox-creek-golf-club-en/
,18,"https://www.google.com/maps/place/1297 Glenmore Dr.  Kelowna,BC V1Y 4P4",,Private,Par 72,,"Kelowna, BC",,(250) 762-2531,,6344,,,,https://www.kelownagolfandcountryclub.com,https://www.golfcanada.ca/golf-facility/kelowna-golf-country-club-en/
18,,,"https://www.google.com/maps/place/Route 201, Box 273  Bridgetown,NS B0S 1C0",,,"Bridgetown, NS",,Par 72,,https://edengolf.ca,,Semi-privé,902-665-4257,6205,,https://www.golfcanada.ca/fr/golf-facility/eden-golf-country-club-fr/
,18,"https://www.google.com/maps/place/Route 201, Box 273  Bridgetown,NS B0S 1C0",,Semi-private,Par 72,,"Bridgetown, NS",,902-665-4257,,6205,,,,https://edengolf.ca,https://www.golfcanada.ca/golf-facility/eden-golf-country-club-en/
,9,"https://www.google.com/maps/place/PO Box 756  Shellbrook,SK S0J 2E0",,Public,Par 72,,"Shellbrook, SK",,(306) 747-3484,,6438,,,,,https://www.golfcanada.ca/golf-facility/hidden-hills-of-shellbrook-golf-club-en/
9,,,"https://www.google.com/maps/place/PO Box 756  Shellbrook,SK S0J 2E0",,,"Shellbrook, SK",,Par 72,,,,Public,(306) 747-3484,6438,,https://www.golfcanada.ca/fr/golf-facility/hidden-hills-of-shellbrook-golf-club-fr/
,18,"https://www.google.com/maps/place/Box 180  Mannville,AB T0B 2W0",,Public,Par 70,,"Mannville, AB",,(780) 763-2252,,5854,,,,https://www.mannville.com,https://www.golfcanada.ca/golf-facility/riverview-golf-course-en/
,18,"https://www.google.com/maps/place/1896 Route 134  Lakeville Westmorland Co.,NB E1H 1A7",,Public,Par 70,,"Lakeville Westmorland Co., NB",,5068619441,,5732,,,,https://www.lakesidegolfclub.ca,https://www.golfcanada.ca/golf-facility/lakeside-golf-country-club-en-2/
,18,"https://www.google.com/maps/place/342 Concession Rd 8 E  Hamilton,ON L8N 2Z7",,Public,Par 72,,"Hamilton, ON",,—,,7202,,,,,https://www.golfcanada.ca/golf-facility/dragons-fire-golf-club-en/
,18,"https://www.google.com/maps/place/27 Hurst Road Route 107  Kensington,PE C0B 1M0",,Public,Par 64,,"Kensington, PE",,(902) 886-2280,,4816,,,,https://www.golfredsands.com,https://www.golfcanada.ca/golf-facility/red-sands-golf-course-en/
,36,"https://www.google.com/maps/place/2101 Alert Road  Ottawa,ON K1V 1J9",,Private,,,"Ottawa, ON",,6135211842,,,,,,https://www.hylandsgc.com,https://www.golfcanada.ca/golf-facility/hylands-golf-club-en/
,18,"https://www.google.com/maps/place/2787 Dunmark Road  Alberton,ON L0R 1A0",,Private,Par 71,,"Alberton, ON",,(905) 304-1414,,6844,,,,,https://www.golfcanada.ca/golf-facility/heron-point-golf-links-en/
,18,"https://www.google.com/maps/place/PO Box 998  Rosthern,SK S0K 3R0",,Public,Par 72,,"Rosthern, SK",,(306) 232-5000,,6577,,,,https://www.valleyregionalpark.com,https://www.golfcanada.ca/golf-facility/valley-regional-park-golf-club-en/
,9,"https://www.google.com/maps/place/292 King St, Box 645  Trenton,ON K8V 5W6",,Semi-private,Par 68,,"Trenton, ON",,(613) 392-9568,,5606,,,,,https://www.golfcanada.ca/golf-facility/trenton-golf-club-en/
9,,,"https://www.google.com/maps/place/292 King St, Box 645  Trenton,ON K8V 5W6",,,"Trenton, ON",,Par 68,,,,Semi-privé,(613) 392-9568,5606,,https://www.golfcanada.ca/fr/golf-facility/trenton-golf-club-fr/
,18,"https://www.google.com/maps/place/7 Douglas Woods Drive S.E.  Calgary,AB T2Z 1K2",,Public,Par 60,,"Calgary, AB",,4032797913,,3894,,,,,https://www.golfcanada.ca/golf-facility/douglasdale-estates-golf-club-en/
,9,"https://www.google.com/maps/place/Box 1689  Dawson City,YT Y0B 1G0",,Public,Par 70,,"Dawson City, YT",,—,,6342,,,,,https://www.golfcanada.ca/golf-facility/dawson-city-golf-course-en/
,18,"https://www.google.com/maps/place/359, 9768 - 170 St.  Edmonton,AB T5T 5L4",,Public,Par 72,,"Edmonton, AB",,(780) 892-4545,,6822,,,,https://www.cougarcreekgolf.com,https://www.golfcanada.ca/golf-facility/cougar-creek-golf-resort-en/
,18,"https://www.google.com/maps/place/PO Box 2080  Claresholm,AB T0L 0T0",,Public,Par 72,,"Claresholm, AB",,(403) 625-3232,,6869,,,,https://www.bridgesgolfatclaresholm.com,https://www.golfcanada.ca/golf-facility/the-bridges-at-claresholm-golf-club-en/
,18,"https://www.google.com/maps/place/PO Box 4145  Ponoka,AB T4J 1R5",,Public,Par 72,,"Ponoka, AB",,(403) 783-4626,,6639,,,,https://www.ponokagolf.com,https://www.golfcanada.ca/golf-facility/ponoka-golf-club-en/
,9,"https://www.google.com/maps/place/PO Box 11  Lashburn,SK S0M 1H0",,Public,Par 72,,"Lashburn, SK",,(306) 285-3232,,6286,,,,,https://www.golfcanada.ca/golf-facility/lashburn-town-country-club-en/
,18,"https://www.google.com/maps/place/Box 1037  Buffalo Point,MB R0A 2W0",,Public,,,"Buffalo Point, MB",,2044374653,,,,,,https://www.sandhills.ca,https://www.golfcanada.ca/golf-facility/lake-of-the-sandhills-en/
,18,"https://www.google.com/maps/place/PO Box 93  Shoal Lake,MB R0J 1Z0",,Public,Par 72,,"Shoal Lake, MB",,(204) 759-2002,,6080,,,,,https://www.golfcanada.ca/golf-facility/lakeside-golf-club-inc-en/
,18,"https://www.google.com/maps/place/P.O.Box 387, Highway 11  Fort Frances,MB P9A 3M7",,Public,Par 71,,"Fort Frances, MB",,—,,6440,,,,,https://www.golfcanada.ca/golf-facility/kitchen-creek-golf-course-en/
18,,,"https://www.google.com/maps/place/P.O.Box 387, Highway 11  Fort Frances,MB P9A 3M7",,,"Fort Frances, MB",,Par 71,,,,Public,—,6440,,https://www.golfcanada.ca/fr/golf-facility/kitchen-creek-golf-course-fr/
,18,"https://www.google.com/maps/place/RR #5, Site 28, PO Box 19  Prince Albert,SK S6V 5R3",,Public,Par 68,,"Prince Albert, SK",,(306) 763-3465,,5633,,,,https://kachurs.ca,https://www.golfcanada.ca/golf-facility/kachurs-golf-club-en/
,36,"https://www.google.com/maps/place/313, Route 219 Sud  Hemmingford,QC J0L 1H0",,Public,,,"Hemmingford, QC",,4502472445,,,,,,https://www.golfhemmingford.com,https://www.golfcanada.ca/golf-facility/hemmingford-club-de-golf-en/
,18,"https://www.google.com/maps/place/5333 Cordova Bay Rd  Victoria,BC V8Y 2L3",,Public,,,"Victoria, BC",,(250) 658-4444,,,,,,https://www.cordovabaygolf.com,https://www.golfcanada.ca/golf-facility/cordova-bay-golf-club-en/
,18,"https://www.google.com/maps/place/15608 Hwy 50  Bolton,ON L7E 0B3",,Private,Par 71,,"Bolton, ON",,(905) 880-1400,,6415,,,,https://caledonwoods.clublink.ca,https://www.golfcanada.ca/golf-facility/caledon-woods-golf-club-en/
,18,"https://www.google.com/maps/place/Po Box 5389  Devon,AB T9G 1Y1",,Public,Par —,,"Devon, AB",,(780) 987-3311,,—,,,,,https://www.golfcanada.ca/golf-facility/westridge-golf-club-en/
,20,"https://www.google.com/maps/place/PO Box 1425  Regina,SK S4P 3C2",,Public,Par 72,,"Regina, SK",,(306) 586-5666,,6926,,,,,https://www.golfcanada.ca/golf-facility/wascana-country-club-en/
,36,"https://www.google.com/maps/place/6100,GUILLAUME-COUTURE  LÉVIS,QC G6V 8Z7",,Semi-private,Par 72,,"LÉVIS, QC",,(418) 837-3618,,6672,,,,,https://www.golfcanada.ca/golf-facility/levis-club-de-golf-en/
,9,"https://www.google.com/maps/place/1130 Golf Links Road  Thunder Bay,ON P7B 7A3",,Semi-private,Par 72,,"Thunder Bay, ON",,(807) 345-8225,,6026,,,,,https://www.golfcanada.ca/golf-facility/thunder-bay-country-club-ltd-en/
,18,"https://www.google.com/maps/place/PO Box 513  Stoughton,SK S0G 4T0",,Public,Par 68,,"Stoughton, SK",,(306) 457-3139,,5350,,,,,https://www.golfcanada.ca/golf-facility/stoughton-golf-country-club-en/
,21,"https://www.google.com/maps/place/7859 Yonge Street  Thornhill,ON L3T 2C4",,Private,,,"Thornhill, ON",,9058893531,,,,,,https://www.ladiesgolfclub.com,https://www.golfcanada.ca/golf-facility/ladies-golf-club-of-toronto-en/
,9,"https://www.google.com/maps/place/Highway 601, PO Box 372  Alix,AB T0C 0B0",,Public,Par 70,,"Alix, AB",,(403) 747-2330,,6163,,,,https://hauntedlakesgolf.com,https://www.golfcanada.ca/golf-facility/haunted-lake-golf-club-en/
,18,"https://www.google.com/maps/place/333 Chemin du Golf  Saint-Michel-de-Bellechasse,QC G0R 3S0",,Public,Par 72,,"Saint-Michel-de-Bellechasse, QC",,(418) 884-3672,,6470,,,,,https://www.golfcanada.ca/golf-facility/saint-michel-club-de-golf-en/
,18,"https://www.google.com/maps/place/982 Barryvale Rd  Calabogie,ON K0J 1H0",,Semi-private,,,"Calabogie, ON",,(613) 752-1234,,,,,,https://www.calabogieexperience.com,https://www.golfcanada.ca/golf-facility/calabogie-highlands-golf-club-en/
,18,"https://www.google.com/maps/place/P.O. Box 14534  Ajax,ON L1S 7K7",,Public,Par 71,,"Ajax, ON",,(905) 683-3210,,5844,,,,https://annandale.sites.toronto.com,https://www.golfcanada.ca/golf-facility/annandale-golf-country-club-en/
,18,"https://www.google.com/maps/place/4500 5e Av  Val-Morin,QC J0T 2R0",,Semi-private,Par 71,,"Val-Morin, QC",,819-322-1501,,6222,,,,https://www.golfvalmorin.com,https://www.golfcanada.ca/golf-facility/val-morin-club-de-golf-en/
,18,"https://www.google.com/maps/place/PO Box 395  Spiritwood,SK S0J 2M0",,Semi-private,Par 71,,"Spiritwood, SK",,(306) 883-2731,,5150,,,,,https://www.golfcanada.ca/golf-facility/spiritwood-golf-club-en/
,18,"https://www.google.com/maps/place/1284 Shore Acres Drive  Gilford,ON L0L 1R0",,Semi-private,Par 71,,"Gilford, ON",,(705) 456-2018,,6062,,,,,https://www.golfcanada.ca/golf-facility/harbour-view-golf-country-club-en/
,9,"https://www.google.com/maps/place/PO Box 1535  Mackenzie,BC V0J 2C0",,Public,Par 72,,"Mackenzie, BC",,(250) 997-4004,,6488,,,,,https://www.golfcanada.ca/golf-facility/mackenzie-golf-country-club-en/
9,,,"https://www.google.com/maps/place/PO Box 1535  Mackenzie,BC V0J 2C0",,,"Mackenzie, BC",,Par 72,,,,Public,(250) 997-4004,6488,,https://www.golfcanada.ca/fr/golf-facility/mackenzie-golf-country-club-fr/
,18,"https://www.google.com/maps/place/PO Box 1511  Drumheller,AB T0J 0Y0",,Semi-private,Par 72,,"Drumheller, AB",,(403) 823-5634,,6409,,,,https://www.dinosaurtrailgolf.com,https://www.golfcanada.ca/golf-facility/dinosaur-trail-golf-country-club-en/
,18,N0A 1G0,,Public,Par —,,—,,—,,—,,,,,https://www.golfcanada.ca/golf-facility/coral-creek-golf-course-en/
,9,"https://www.google.com/maps/place/PO Box 178  Wynyard,SK S0A 4T0",,Public,Par 68,,"Wynyard, SK",,(306) 554-2154,,5224,,,,,https://www.golfcanada.ca/golf-facility/wynyard-golf-club-en/
,18,"https://www.google.com/maps/place/361 - 18th St. W.  Prince Albert,SK S6V 4A2",,Public,Par 72,,"Prince Albert, SK",,(306) 922-3673,,5984,,,,,https://www.golfcanada.ca/golf-facility/silver-hills-golf-resort-en/
,36,"https://www.google.com/maps/place/355 avenue Béthany  Lachute,QC J8H 3X5",,Semi-private,,,"Lachute, QC",,4505625228,,,,,,https://www.golflachute.com,https://www.golfcanada.ca/golf-facility/lachute-club-de-golf-en/
,18,"https://www.google.com/maps/place/PO Box 291  Burstall,SK S0N 0H0",,Public,Par —,,"Burstall, SK",,(306) 679-2000,,—,,,,,https://www.golfcanada.ca/golf-facility/burstall-golf-club-en/
,18,"https://www.google.com/maps/place/265, chemin du Golf  Saint-Louis-du-Ha! Ha!,QC G0L 3S0",,Public,Par 72,,"Saint-Louis-du-Ha! Ha!, QC",,418-854-0539,,6166,,,,https://www.clubgolftemis.com,https://www.golfcanada.ca/golf-facility/vallee-du-temiscouata-golf-de-la-en/
,18,"https://www.google.com/maps/place/76 Chemin de la Montagne 76 Chemin de la Montagne Lac-Sainte-Marie,QC J0X 1Z0",,Public,Par 72,,"Lac-Sainte-Marie, QC",,(819) 4673111,,6556,,,,https://www.golflsm.com,https://www.golfcanada.ca/golf-facility/lac-sainte-marie-club-de-golf-en/
,27,"https://www.google.com/maps/place/3248 Carp Road P.O. Box 142  Carp,ON K0A 1L0",,Semi-private,,,"Carp, ON",,613-839-4653,,,,,,https://www.irishhillsgolf.com,https://www.golfcanada.ca/golf-facility/irish-hills-golf-country-club-en/
,18,"https://www.google.com/maps/place/2985 Golf Club Road  Pickering,ON L1X 0J9",,Private,Par 72,,"Pickering, ON",,(905) 294-9600,,6657,,,,,https://www.golfcanada.ca/golf-facility/whitevale-golf-club-en/
,—,"https://www.google.com/maps/place/Box 99  Wardsville,ON N0L 2N0",,Public,Par 71,,"Wardsville, ON",,(519) 693-492,,5902,,,,,https://www.golfcanada.ca/golf-facility/wardsville-golf-club-en/
,9,"https://www.google.com/maps/place/469 Memorial Avenue Pro Shop Qualicum Beach,BC V9K 1G8",,Public,Par 70,,"Qualicum Beach, BC",,(250) 752-6312,,5688,,,,https://www.golfqualicum.ca,https://www.golfcanada.ca/golf-facility/qualicum-beach-memorial-golf-club-en/
,36,"https://www.google.com/maps/place/9503 Dublin Line  Milton,ON L9T 2X7",,Public,,,"Milton, ON",,—,,,,,,https://www.golfgranite.com,https://www.golfcanada.ca/golf-facility/granite-ridge-golf-club-en/
,9,"https://www.google.com/maps/place/100 Esplanade Avenue  Harrison Hot Springs,BC V0M 1K0",,Public,Par 72,,"Harrison Hot Springs, BC",,(604) 796-9009,,6750,,,,,https://www.golfcanada.ca/golf-facility/harrison-resort-golf-course-en/
,18,"https://www.google.com/maps/place/3654 Dunrobin Rd  Woodlawn,ON K0A 3M0",,Public,Par 71,,"Woodlawn, ON",,(613) 729-8831,,6495,,,,,https://www.golfcanada.ca/golf-facility/copperdale-golf-en/
,18,"https://www.google.com/maps/place/#8 Lynx Ridge Blvd. NW  Calgary,AB T3L 2M3",,Public,Par 71,,"Calgary, AB",,(403) 547-5969,,6826,,,,https://www.lynxridge.com,https://www.golfcanada.ca/golf-facility/lynx-ridge-golf-club-en/
,18,"https://www.google.com/maps/place/120 Golf Links Rd  Burford,ON N0E 1A0",,Public,Par 71,,"Burford, ON",,1-888-833-8787,,5418,,,,https://www.golfburford.ca,https://www.golfcanada.ca/golf-facility/burford-golf-links-en/
,18,"https://www.google.com/maps/place/144 Badger Road, RR#2 Box 8  Parry Sound,ON P2A 2W8",,Semi-private,Par 71,,"Parry Sound, ON",,(705) 378-2555,,6795,,,,https://www.seguinvalley.com,https://www.golfcanada.ca/golf-facility/seguin-valley-golf-club-en/
,18,"https://www.google.com/maps/place/1039 Route 161  Frontenac,QC G6B 2S1",,Public,Par 72,,"Frontenac, QC",,(819) 583-4810,,6313,,,,https://www.clubdegolflacmegantic.com,https://www.golfcanada.ca/golf-facility/lac-megantic-club-de-golf-en/
,18,"https://www.google.com/maps/place/Highway 17 North, PO Box 213  Fisher Branch,MB R0C 0Z0",,Public,Par —,,"Fisher Branch, MB",,(204) 372-6855,,—,,,,,https://www.golfcanada.ca/golf-facility/fisher-branch-golf-country-club-en/
,9,"https://www.google.com/maps/place/PO Box 2100 Stn. M #136  Calgary,AB T2P 2M5",,Public,Par 72,,"Calgary, AB",,(403) 974-1803,,6406,,,,,https://www.golfcanada.ca/golf-facility/confederation-park-golf-course-en/
,18,"https://www.google.com/maps/place/3 du Verglas  Rimouski,QC G5N 5W9",,Public,Par 72,,"Rimouski, QC",,4187352222,,6009,,,,https://www.valneigette.ca,https://www.golfcanada.ca/golf-facility/val-neigette-club-de-golf-en/
,18,S0K 0S0,,Public,Par —,,—,,—,,—,,,,,https://www.golfcanada.ca/golf-facility/bruno-golf-country-club-en/
,18,"https://www.google.com/maps/place/465 Brandy Cove Road 465 Brandy Cove Road St. Andrews,NB E5B 2L6",,Public,Par 72,,"St. Andrews, NB",,5065297142,,7135,,,,https://algonquinresort.com,https://www.golfcanada.ca/golf-facility/algonquin-golf-course-en/
,9,"https://www.google.com/maps/place/76 Golf Links Road  Fenelon Falls,ON K0M 1N0",,Public,Par 72,,"Fenelon Falls, ON",,—,,5678,,,,,https://www.golfcanada.ca/golf-facility/sturgeon-point-golf-club-en/
,18,—,,Semi-private,Par 72,,"Dorchester, ON",,—,,5818,,,,,https://www.golfcanada.ca/golf-facility/dorchester-country-club-en/
,18,"https://www.google.com/maps/place/51 Golf Course Road  Janetville,ON L0B 1K0",,Semi-private,Par 72,,"Janetville, ON",,(705) 328-3949,,6507,,,,,https://www.golfcanada.ca/golf-facility/wolf-run-golf-club-en/
,18,"https://www.google.com/maps/place/301 Mtée. Outaouais  Rockland,ON K4K 1K3",,Public,,,"Rockland, ON",,6134464490,,,,,,https://www.golfrockland.ca,https://www.golfcanada.ca/golf-facility/rockland-club-de-golf-en/
,18,"https://www.google.com/maps/place/PO Box 10  Bath,ON K0H 1G0",,Semi-private,Par 72,,"Bath, ON",,(613) 352-5152,,6534,,,,https://www.loyalistcc.com,https://www.golfcanada.ca/golf-facility/loyalist-country-club-en/
,18,"https://www.google.com/maps/place/3000 11 Line N  Oro-Medonte,ON L0L 1T0",,Semi-private,Par 71,,"Oro-Medonte, ON",,705-325-0678,,6261,,,,,https://www.golfcanada.ca/golf-facility/braestone-club-en/
,18,"https://www.google.com/maps/place/2662 Brittania Rd,  Burlington,ON L7P 0G3",,Public,Par 71,,"Burlington, ON",,(905) 335-6181,,6156,,,,,https://www.golfcanada.ca/golf-facility/lowville-golf-club-en/
,18,"https://www.google.com/maps/place/Site 631 Comp 44 RR1  Lac La Biche,AB T0A 2C1",,Semi-private,Par 72,,"Lac La Biche, AB",,(780) 623-4288,,6481,,,,https://www.golflaclabiche.com,https://www.golfcanada.ca/golf-facility/lac-la-biche-golf-country-club-en/
,18,"https://www.google.com/maps/place/6 Chemin du Golf  Messines,QC J0X 2J0",,Public,Par 72,,"Messines, QC",,(819) 449-2554,,6420,,,,,https://www.golfcanada.ca/golf-facility/algonquin-club-de-golf-en/
,18,"https://www.google.com/maps/place/PO Box 2040  Rimbey,AB T0C 2J0",,Public,Par 34,,"Rimbey, AB",,(403) 843-2724,,34,,,,,https://www.golfcanada.ca/golf-facility/rimbey-golf-course-en/
,18,"https://www.google.com/maps/place/PO Box 1886  Cardston,AB T0K 0K0",,Public,Par 71,,"Cardston, AB",,(403) 653-4198,,6782,,,,https://www.golfleecreek.com,https://www.golfcanada.ca/golf-facility/lee-creek-valley-golf-course-en/
,—,—,,Public,Par —,,—,,—,,—,,,,,https://www.golfcanada.ca/golf-facility/en/
,18,"https://www.google.com/maps/place/201 Fairway Dr.  Fernie,BC V0B 1M5",,Semi-private,Par 70,,"Fernie, BC",,250-423-7773,,6570,,,,https://www.golffernie.com,https://www.golfcanada.ca/golf-facility/fernie-golf-country-club-en/
,18,"https://www.google.com/maps/place/4282 Monck Rd  Orillia,ON L3V 6H5",,Public,Par 75,,"Orillia, ON",,—,,6552,,,,,https://www.golfcanada.ca/golf-facility/scottish-highlands-golf-orillia-en/
,—,"https://www.google.com/maps/place/6280 Merrit-Kamloops, BC-5A  Quilchena,BC V0E 2R0",,Public,Par 72,,"Quilchena, BC",,(236)575-2244,,7399,,,,,https://www.golfcanada.ca/golf-facility/sagebrush-golf-club-en/
,18,"https://www.google.com/maps/place/201 Pinewood Park Drive  North Bay,ON P1B 8Z4",,Public,Par 56,,"North Bay, ON",,—,,3197,,,,,https://www.golfcanada.ca/golf-facility/pinewood-park-golf-course-en/
,9,"https://www.google.com/maps/place/6000 Admiral Blvd.  Delta,BC V4K 5G7",,Public,Par 58,,"Delta, BC",,(604) 946-1244,,3642,,,,https://www.covelinks.com,https://www.golfcanada.ca/golf-facility/the-links-at-hampton-cove-cove-links-en/
,18,"https://www.google.com/maps/place/PO Box 723  Campbell River,BC V9W 6J3",,Semi-private,Par 72,,"Campbell River, BC",,(250) 923-3673,,6696,,,,https://www.storeycreek.bc.ca,https://www.golfcanada.ca/golf-facility/storey-creek-golf-club-en/
,27,"https://www.google.com/maps/place/PO  Box 5503  High River,AB T1V 1M6",,Semi-private,,,"High River, AB",,403-652-3644,,,,,,https://www.highwoodgolf.com,https://www.golfcanada.ca/golf-facility/highwood-golf-en/
,9,"https://www.google.com/maps/place/PO Box 236  Honeymoon Bay,BC V0R 1Y0",,Public,Par 72,,"Honeymoon Bay, BC",,(250) 749-6768,,6518,,,,https://www.marchmeadowsgolf.com,https://www.golfcanada.ca/golf-facility/march-meadows-golf-club-en/
,18,"https://www.google.com/maps/place/1760 Chemin du Golf  Mont Tremblant,QC J8E 2K6",,Semi-private,Par 72,,"Mont Tremblant, QC",,8194252772,,6581,,,,,https://www.golfcanada.ca/golf-facility/la-bete-club-de-golf-en/
,18,"https://www.google.com/maps/place/PO Box 451  Yarmouth,NS B5A 4B4",,Public,Par 72,,"Yarmouth, NS",,(902) 742-2161,,6105,,,,https://www.yarmouthlinks.org,https://www.golfcanada.ca/golf-facility/yarmouth-links-en/
,18,"https://www.google.com/maps/place/40292 Jamestown Rd.  Wingham,ON N0G 2W0",,Public,Par 70,,"Wingham, ON",,(519) 357-2179,,6310,,,,,https://www.golfcanada.ca/golf-facility/wingham-golf-curling-club-en/
,18,"https://www.google.com/maps/place/PO Box 568  Vilna,AB T0A 3L0",,Public,Par 0,,"Vilna, AB",,(780) 636-3660,,0,,,,,https://www.golfcanada.ca/golf-facility/vilna-golf-course-en/
,18,"https://www.google.com/maps/place/Box 163  Irma,AB T0B 2H0",,Public,Par —,,"Irma, AB",,(780) 754-2184,,—,,,,,https://www.golfcanada.ca/golf-facility/irma-golf-club-en/
,18,"https://www.google.com/maps/place/55 , chemin du Golf  Farnham,QC J2N 2P9",,Semi-private,Par 71,,"Farnham, QC",,(450) 293-3171,,6411,,,,https://www.farnhamgolf.com,https://www.golfcanada.ca/golf-facility/farnham-club-de-golf-en/
,18,"https://www.google.com/maps/place/781 Crescent Drive  Winnipeg,MB R3T 1X3",,Public,Par —,,"Winnipeg, MB",,(204) 986-5911,,—,,,,,https://www.golfcanada.ca/golf-facility/crescent-drive-golf-course-en/
18,,,"https://www.google.com/maps/place/781 Crescent Drive  Winnipeg,MB R3T 1X3",,,"Winnipeg, MB",,Par —,,,,Public,(204) 986-5911,—,,https://www.golfcanada.ca/fr/golf-facility/crescent-drive-golf-course-fr/
,18,"https://www.google.com/maps/place/38302 Range Rd 283  Red Deer,AB T4N 5E4",,Public,Par 72,,"Red Deer, AB",,4033425995,,6763,,,,,https://www.golfcanada.ca/golf-facility/alberta-springs-golf-course-en/
,18,"https://www.google.com/maps/place/555 Lakeside Greens Dr.  Chestermere,AB T1X 1C5",,Semi-private,Par 71,,"Chestermere, AB",,(403) 569-9165,,6744,,,,https://www.lakesidegreens.com,https://www.golfcanada.ca/golf-facility/lakeside-golf-club-en/
,18,"https://www.google.com/maps/place/16082 Woolgar Road  Crawford Bay,BC V0B 1E0",,Semi-private,Par 71,,"Crawford Bay, BC",,250 227 9362,,6601,,,,https://www.kokaneesprings.com,https://www.golfcanada.ca/golf-facility/kokanee-springs-resort-by-pinnacle-lifestyles-en/
,18,"https://www.google.com/maps/place/#1  6000 - 50th Ave  Lacombe,AB T4L 1K7",,Public,Par 71,,"Lacombe, AB",,(403) 782-3956,,6355,,,,https://www.golflacombe.com,https://www.golfcanada.ca/golf-facility/lacombe-golf-country-club-en/
,18,"https://www.google.com/maps/place/Club Drive, PO Box 1181  Killarney,MB R0K 1G0",,Public,Par 71,,"Killarney, MB",,(204) 523-8277,,6180,,,,,https://www.golfcanada.ca/golf-facility/killarney-lakeside-golf-club-en/
36,,,"https://www.google.com/maps/place/82 Dewars Lane  Gerogetown Royalty,PE C0A 1G0",,,"Gerogetown Royalty, PE",,Par 72,,https://www.golflinkspei.com,,Public,800-235-8909,6541,,https://www.golfcanada.ca/fr/golf-facility/brudenell-golf-course-fr/
,27,"https://www.google.com/maps/place/4740 High Rd 4740 High Rd Gloucester,ON K1X 1B3",,Semi-private,,,"Gloucester, ON",,613 822-6742,,,,,,https://www.falconridgegolf.ca,https://www.golfcanada.ca/golf-facility/falcon-ridge-golf-club-en/
,18,"https://www.google.com/maps/place/6449 Cherry Creek Rd  Port Alberni,BC V9Y 8T3",,Public,Par 70,,"Port Alberni, BC",,(250) 723-7111,,6242,,,,https://www.albernigolf.com,https://www.golfcanada.ca/golf-facility/alberni-golf-club-en/
,36,"https://www.google.com/maps/place/82 Dewars Lane  Gerogetown Royalty,PE C0A 1G0",,Public,Par 72,,"Gerogetown Royalty, PE",,800-235-8909,,6541,,,,https://www.golflinkspei.com,https://www.golfcanada.ca/golf-facility/brudenell-golf-course-en/
,18,"https://www.google.com/maps/place/13717 Golf Course Road  Fort St. John,BC V1J 8K8",,Public,Par 72,,"Fort St. John, BC",,(250) 785-5566,,6779,,,,https://www.lakepoint.ca,https://www.golfcanada.ca/golf-facility/lakepoint-golf-country-club-en/
,18,"https://www.google.com/maps/place/3388 72nd Street  Delta,BC V4K 3N2",,Public,Par 72,,"Delta, BC",,(604) 952-0999,,6797,,,,https://www.kingslinks.ca,https://www.golfcanada.ca/golf-facility/kings-links-by-the-sea-en/
,18,"https://www.google.com/maps/place/19 Gosling Way SE  Calgary,AB T2B 3V7",,Semi-private,Par 70,,"Calgary, AB",,(403) 272-9709,,6371,,,,https://www.inglewoodgolfclub.ca,https://www.golfcanada.ca/golf-facility/inglewood-golf-curling-club-en/
,18,"https://www.google.com/maps/place/68 William Bell Dr  Hampton,NB E5N 6B3",,Semi-private,Par 72,,"Hampton, NB",,(506) 832-5045,,6506,,,,https://www.hamptongolf.ca,https://www.golfcanada.ca/golf-facility/hampton-golf-course-en/
,18,"https://www.google.com/maps/place/Box 97  Falcon Lake,MB R0E 0N0",,Public,Par 72,,"Falcon Lake, MB",,2043492554,,6922,,,,https://www.falconlakegolfcourse.com,https://www.golfcanada.ca/golf-facility/falcon-lake-golf-course-en/
,18,"https://www.google.com/maps/place/PO Box 791  Chester,NS B0J 1J0",,Semi-private,Par 70,,"Chester, NS",,(902) 275-2434,,6072,,,,https://www.chestergolfclub.ca,https://www.golfcanada.ca/golf-facility/chester-golf-club-en/
,18,"https://www.google.com/maps/place/2264 Huron Township Concession 12  Kincardine,ON N2Z 2X3",,Semi-private,Par 72,,"Kincardine, ON",,(519) 395-5555,,6429,,,,https://www.ainsdalegolf.on.ca,https://www.golfcanada.ca/golf-facility/ainsdale-golf-course-en/
,18,"https://www.google.com/maps/place/5292 route de Fossambault  Sainte-Catherine-de-la-Jacques-Cartier,QC G3N 1V4",,Public,Par 72,,"Sainte-Catherine-de-la-Jacques-Cartier, QC",,(418) 875-2078,,6274,,,,,https://www.golfcanada.ca/golf-facility/lac-st-joseph-club-de-golf-du-en/
,9,"https://www.google.com/maps/place/2 Golf Course Trail PO Box 121 Kincardine,ON N2Z 2Y6",,Public,Par 72,,"Kincardine, ON",,(519) 396-2112,,6040,,,,https://www.kincardinegolfclub.com,https://www.golfcanada.ca/golf-facility/kincardine-golf-club-en/
,9,"https://www.google.com/maps/place/Box 798  Whitewood,SK S0G 5C0",,Public,Par 68,,"Whitewood, SK",,(306) 735-2383,,5436,,,,,https://www.golfcanada.ca/golf-facility/whitewood-golf-country-club-en/
,18,"https://www.google.com/maps/place/Po Box 2, 51 Holcroft Street,  Ingersoll,ON N5C 3K1",,Public,Par 72,,"Ingersoll, ON",,519-485-3030,,6372,,,,https://ingersollgolf.com,https://www.golfcanada.ca/golf-facility/ingersoll-golf-country-club-en/
,9,"https://www.google.com/maps/place/2695 Park Royale Way PO Box 26, Group 210 RR #2 Winnipeg,MB R3C 2E6",,Public,Par 72,,"Winnipeg, MB",,(204) 697-4976,,6190,,,,https://www.theplayerscourse.ca,https://www.golfcanada.ca/golf-facility/the-players-course-en/
,18,"https://www.google.com/maps/place/146 Chemin du Golf  Amqui,QC G5J 2A7",,Public,Par 72,,"Amqui, QC",,(418) 629-2180,,6376,,,,https://www.golfrevermont.com,https://www.golfcanada.ca/golf-facility/revermont-club-de-golf-en/
,18,"https://www.google.com/maps/place/44001 Dunbow Road East  Foothills,AB T1S 4X7",,Private,Par 72,,"Foothills, AB",,(403) 254-0241,,6882,,,,https://www.carnmoney.com,https://www.golfcanada.ca/golf-facility/carnmoney-golf-club-en/
,18,"https://www.google.com/maps/place/59 Cambridge  Hudson,QC J0P 1H0",,Public,Par 72,,"Hudson, QC",,450-458-1997,,6952,,,,https://www.falcongolf.ca,https://www.golfcanada.ca/golf-facility/falcon-club-de-golf-le-en/
,9,"https://www.google.com/maps/place/7 Beach Rd PO Box 726 Terrace Bay,ON P0T 2W0",,Public,Par 72,,"Terrace Bay, ON",,(807) 825-3844,,6312,,,,https://www.terracebaygolf.ca,https://www.golfcanada.ca/golf-facility/aguasabon-golf-club-en/
,18,"https://www.google.com/maps/place/PO Box 182  Eaglesham,AB T0H 1H0",,Public,Par 0,,"Eaglesham, AB",,(780) 359-2520,,0,,,,,https://www.golfcanada.ca/golf-facility/lakeside-golf-country-club-en/
,18,"https://www.google.com/maps/place/15, CHEMIN DU GOLF  SAINT-GÉDÉON,QC G0W 2P0",,Public,Par 72,,"SAINT-GÉDÉON, QC",,(418) 345-8302,,6664,,,,https://www.golflacstjean.qc.ca,https://www.golfcanada.ca/golf-facility/lac-st-jean-club-de-golf-en/
,18,"https://www.google.com/maps/place/2021 Main Street  Winnipeg,MB R2V 2B9",,Public,Par 69,,"Winnipeg, MB",,(204) 986-5679,,5670,,,,,https://www.golfcanada.ca/golf-facility/kildonan-park-golf-course-en/
,18,"https://www.google.com/maps/place/PO Box 212  Ituna,SK S0A 1N0",,Public,Par —,,"Ituna, SK",,(306) 795-3460,,—,,,,,https://www.golfcanada.ca/golf-facility/ituna-district-golf-country-club-en/
,18,"https://www.google.com/maps/place/6991 Lakeshore Road, RR#2 6991 Lakeshore Road, RR#2 Forest,ON N0N 1J0",,Semi-private,Par 71,,"Forest, ON",,(519) 786-5505,,6539,,,,https://www.indianhillsgolf.ca,https://www.golfcanada.ca/golf-facility/indian-hills-golf-club-en/
,18,"https://www.google.com/maps/place/PO Box 25, Highway 22  Alder Flats,AB T0C 0A0",,Public,Par 0,,"Alder Flats, AB",,(780) 388-3060,,0,,,,,https://www.golfcanada.ca/golf-facility/fairways-west-golf-course-en/
,27,"https://www.google.com/maps/place/400 Golf Course Rd  Conestogo,ON N0B 1N0",,Semi-private,,,"Conestogo, ON",,1-888-833-8787,,,,,,https://www.golfconestoga.ca,https://www.golfcanada.ca/golf-facility/conestoga-country-club-en/
,18,"https://www.google.com/maps/place/2731 MAIN STREET  WINNIPEG,MB R2V 4T2",,Public,Par 57,,"WINNIPEG, MB",,204-339-2326,,2870,,,,https://www.shootersgolf.ca,https://www.golfcanada.ca/golf-facility/shooters-family-golf-centre-en/
18,,,"https://www.google.com/maps/place/2731 MAIN STREET  WINNIPEG,MB R2V 4T2",,,"WINNIPEG, MB",,Par 57,,https://www.shootersgolf.ca,,Public,204-339-2326,2870,,https://www.golfcanada.ca/fr/golf-facility/shooters-family-golf-centre-fr/
,9,"https://www.google.com/maps/place/1148, Route 105  Chelsea,QC J9B 1P4",,Semi-private,Par 70,,"Chelsea, QC",,(819) 827-1506,,5703,,,,https://www.larrimac.com,https://www.golfcanada.ca/golf-facility/larrimac-club-de-golf-en/
,18,"https://www.google.com/maps/place/PO Box 224  Lampman,SK S0C 1N0",,Public,Par —,,"Lampman, SK",,(306) 487-2261,,—,,,,,https://www.golfcanada.ca/golf-facility/lampman-golf-club-en/
,9,"https://www.google.com/maps/place/1700 Kingswood Way  Hanwell,NB E3C 2L4",,Public,Par 59,,"Hanwell, NB",,(506) 443-3333,,3980,,,,https://www.kingswoodpark.com/golf.php,https://www.golfcanada.ca/golf-facility/kingswood-golf-executive-en/
,18,"https://www.google.com/maps/place/PO Box 2311  Wolfville,NS B4P 2N5",,Semi-private,Par 69,,"Wolfville, NS",,(902) 681-0678,,5928,,,,https://www.kenwo.ca,https://www.golfcanada.ca/golf-facility/kenwo-golf-club-en/
18,,,"https://www.google.com/maps/place/PO Box 2311  Wolfville,NS B4P 2N5",,,"Wolfville, NS",,Par 69,,https://www.kenwo.ca,,Semi-privé,(902) 681-0678,5928,,https://www.golfcanada.ca/fr/golf-facility/kenwo-golf-club-fr/
,9,"https://www.google.com/maps/place/Beatty Street, PO Box 13 Beatty Street, PO Box 13 Indian Head,SK S0G 2K0",,Public,Par 72,,"Indian Head, SK",,(306) 695-3773,,6218,,,,https://www.golfindianheadsk.com,https://www.golfcanada.ca/golf-facility/indian-head-golf-club-en/
,27,"https://www.google.com/maps/place/R.R. #1 Dover Centre  Chatham-Kent,ON N0P 1L0",,Public,,,"Chatham-Kent, ON",,(519) 354-9500,,,,,,,https://www.golfcanada.ca/golf-facility/hidden-hills-golf-country-club-en/
27,,,"https://www.google.com/maps/place/R.R. #1 Dover Centre  Chatham-Kent,ON N0P 1L0",,,"Chatham-Kent, ON",,,,,,Public,(519) 354-9500,,,https://www.golfcanada.ca/fr/golf-facility/hidden-hills-golf-country-club-fr/
,18,"https://www.google.com/maps/place/933 Old Golf Course Road  Oliver,BC V0H 1T0",,Semi-private,Par 72,,"Oliver, BC",,(250) 498-6050,,7025,,,,https://www.fairviewmountain.com,https://www.golfcanada.ca/golf-facility/fairview-mountain-golf-club-en/
,18,"https://www.google.com/maps/place/5714 Cobble Hills Rd  Thamesford,ON N0M 2M0",,Semi-private,Par 70,,"Thamesford, ON",,1-888-833-8787,,5785,,,,,https://www.golfcanada.ca/golf-facility/cobble-hills-golf-club-en/
,27,"https://www.google.com/maps/place/5700 Wellington Rd 86  Ariss,ON N0B 1B0",,Public,,,"Ariss, ON",,519-824-1551,,,,,,,https://www.golfcanada.ca/golf-facility/ariss-valley-golf-country-club-en/
,18,"https://www.google.com/maps/place/102 Fairway Dr.  Coaldale,AB T1M 1H1",,Public,Par 71,,"Coaldale, AB",,(403) 345-2200,,6459,,,,https://www.landolakesgolf.com,https://www.golfcanada.ca/golf-facility/land-o-lakes-golf-country-club-en/
,27,"https://www.google.com/maps/place/100 Scarlett Road  Toronto,ON M6N 4K2",,Private,,,"Toronto, ON",,(416) 767-2175,,,,,,https://www.lambtongolf.com,https://www.golfcanada.ca/golf-facility/lambton-golf-country-club-en/
,27,"https://www.google.com/maps/place/1700 Kingswood Way 1700 Kingswood Way Hanwell,NB E3C 2L4",,Semi-private,Par 71,,"Hanwell, NB",,5064433334,,7001,,,,https://www.kingswoodpark.com,https://www.golfcanada.ca/golf-facility/kingswood-golf-en/
,18,S0G 3M0,,Public,Par —,,—,,—,,—,,,,,https://www.golfcanada.ca/golf-facility/kemoca-golf-club-en/
,9,"https://www.google.com/maps/place/10 Como Golf Road  Hudson,QC J0P 1H0",,Private,Par 70,,"Hudson, QC",,(438) 500-1099,,5704,,,,https://www.comogolf.com,https://www.golfcanada.ca/golf-facility/como-golf-club-en/
18,,,"https://www.google.com/maps/place/592 Westover Rd  Troy,ON L0R 2B0",,,"Troy, ON",,Par 72,,https://www.golfcenturypines.com,,Public,(905) 627-9917,6605,,https://www.golfcanada.ca/fr/golf-facility/century-pines-golf-club-fr/
,18,"https://www.google.com/maps/place/1145 Chemin d'Aylmer  Gatineau,QC J9H 7L1",,Public,Par 71,,"Gatineau, QC",,(819) 777-0449,,6411,,,,,https://www.golfcanada.ca/golf-facility/champlain-club-de-golf-en/
,18,"https://www.google.com/maps/place/592 Westover Rd  Troy,ON L0R 2B0",,Public,Par 72,,"Troy, ON",,(905) 627-9917,,6605,,,,https://www.golfcenturypines.com,https://www.golfcanada.ca/golf-facility/century-pines-golf-club-en/
,9,"https://www.google.com/maps/place/PO Box 164  Kapuskasing,ON P5N 2Y3",,Semi-private,Par 72,,"Kapuskasing, ON",,(705) 335-3411,,6374,,,,,https://www.golfcanada.ca/golf-facility/kapuskasing-golf-club-en/
,9,"https://www.google.com/maps/place/Hwy # 3 East, PO Box 58  Rock Creek,BC V0H 1Y0",,Public,Par 72,,"Rock Creek, BC",,(250) 446-2826,,6382,,,,https://www.kettlevalleygolfclub.com,https://www.golfcanada.ca/golf-facility/kettle-valley-golf-club-en/
,18,"https://www.google.com/maps/place/400 Walford Road East  Sudbury,ON P3E 2G9",,Private,Par 72,,"Sudbury, ON",,(705) 522-8580,,6656,,,,,https://www.golfcanada.ca/golf-facility/idylwylde-golf-country-club-en/
,9,"https://www.google.com/maps/place/136 Herring Cove Road (Herring Cove Provincial Park)  Welshpool,NB E5E 1B8",,Public,Par 72,,"Welshpool, NB",,(502) 752-7041,,6329,,,,https://www.campobello.com,https://www.golfcanada.ca/golf-facility/herring-cove-provincial-park-golf-club-en/
,9,"https://www.google.com/maps/place/2 Sunnyside Dr  Rimbey,AB T0C 2J0",,Public,Par —,,"Rimbey, AB",,—,,—,,,,,https://www.golfcanada.ca/golf-facility/gull-lake-golf-course-en/
,18,"https://www.google.com/maps/place/PO Box 1993 113th St Fairview,AB T0H 1L0",,Public,Par 71,,"Fairview, AB",,(780) 835-2844,,6141,,,,,https://www.golfcanada.ca/golf-facility/fairview-golf-club-en/
,27,"https://www.google.com/maps/place/550 Centennial Park Bvd  Toronto,ON M9C 5R5",,Public,,,"Toronto, ON",,(416) 620-1392,,,,,,,https://www.golfcanada.ca/golf-facility/centennial-park-golf-centre-en/
27,,,"https://www.google.com/maps/place/550 Centennial Park Bvd  Toronto,ON M9C 5R5",,,"Toronto, ON",,,,,,Public,(416) 620-1392,,,https://www.golfcanada.ca/fr/golf-facility/centennial-park-golf-centre-fr/
,18,"https://www.google.com/maps/place/56 Cedarhill Dr  Nepean,ON K2R 1C5",,Semi-private,Par 70,,"Nepean, ON",,(613) 825-2186,,5969,,,,https://www.cedarhillgolf.com,https://www.golfcanada.ca/golf-facility/cedarhill-golf-country-club-en/
,18,"https://www.google.com/maps/place/PO Box 388  Goose Bay,NL A0P 1C0",,Public,Par 71,,"Goose Bay, NL",,(709) 896-2112,,6289,,,,https://www.theamarukgolfcourse,https://www.golfcanada.ca/golf-facility/amaruk-golf-club-en/
,18,"https://www.google.com/maps/place/PO Box 104  Rycroft,AB T0H 3A0",,Public,Par —,,"Rycroft, AB",,(780) 765-2228,,—,,,,,https://www.golfcanada.ca/golf-facility/sylvan-meadows-golf-country-club-en/
,9,"https://www.google.com/maps/place/709 Hwy 38 S, PO Box 728  Kelvington,SK S0A 1W0",,Public,Par 72,,"Kelvington, SK",,(306) 327-4213,,6342,,,,,https://www.golfcanada.ca/golf-facility/kelvington-golf-club-en/
,18,"https://www.google.com/maps/place/7000 CAMPEAU DR.  Kanata,ON K2T 0A3",,Semi-private,Par 70,,"Kanata, ON",,(613) 592-9417,,6719,,,,https://www.clublink.ca,https://www.golfcanada.ca/golf-facility/kanata-golf-country-club-en/
,9,"https://www.google.com/maps/place/800 Latchford Street  Haileybury,ON P0J1K0",,Public,Par 72,,"Haileybury, ON",,7056723455,,5960,,,,,https://www.golfcanada.ca/golf-facility/haileybury-golf-club-en/
,27,"https://www.google.com/maps/place/181 Rue Richelieu 181 Rue Richelieu La Malbaie,QC G5A 1X7",,Public,,,"La Malbaie, QC",,(418) 665-2526,,,,,,,https://www.golfcanada.ca/golf-facility/fairmont-le-manoir-richelieu-club-de-golf-en/
,18,"https://www.google.com/maps/place/PO Box 419  Southampton,ON N0H 2L0",,Public,Par 72,,"Southampton, ON",,(519) 797-3338,,6286,,,,,https://www.golfcanada.ca/golf-facility/chippewa-golf-country-club-en/
,18,"https://www.google.com/maps/place/55 Mac Frost Way  Scarborough,ON M1X 1N6",,Private,Par 71,,"Scarborough, ON",,(416) 293-4161,,6675,,,,https://www.cedarbraegolf.com,https://www.golfcanada.ca/golf-facility/cedar-brae-golf-club-en/
,9,"https://www.google.com/maps/place/3699 20th Sideroad  Innisfil,ON L9S 2X8",,Semi-private,Par 72,,"Innisfil, ON",,(705) 722-0404,,6048,,,,,https://www.golfcanada.ca/golf-facility/allandale-golf-course-en/
,18,"https://www.google.com/maps/place/221, chemin du Golf Est,  Saint-Charles Borromée,QC J6E 8L1",,Semi-private,Par 72,,"Saint-Charles Borromée, QC",,(450) 753-7459,,6640,,,,https://www.golfjoliette.ca,https://www.golfcanada.ca/golf-facility/joliette-club-de-golf-en/
,9,"https://www.google.com/maps/place/Highway 56, P.O. Box 957  Fort Qu'Appelle,SK S0G 1S0",,Public,Par 72,,"Fort Qu'Appelle, SK",,(306) 332-2582,,6380,,,,,https://www.golfcanada.ca/golf-facility/katepwa-beach-golf-club-en/
,18,R0C 1P0,,Public,Par —,,—,,—,,—,,,,,https://www.golfcanada.ca/golf-facility/inwood-golf-country-club-en/
,45,"https://www.google.com/maps/place/5225 Fairmont Resort Road  Fairmont Hot Springs,BC V0B 1L1",,Semi-private,,,"Fairmont Hot Springs, BC",,(250) 345-6346,,,,,,https://www.fairmonthotsprings.com,https://www.golfcanada.ca/golf-facility/fairmont-hot-springs-golf-en/
,18,"https://www.google.com/maps/place/202 Dakota Dunes Way  Whitecap,SK S7K 2L2",,Public,Par 71,,"Whitecap, SK",,(306) 477-0908,,7052,,,,https://www.dakotadunes.ca,https://www.golfcanada.ca/golf-facility/dakota-dunes-golf-links-en/
,18,P0K 1A0,,Public,Par 72,,"Kirkland Lake, ON",,—,,6136,,,,,https://www.golfcanada.ca/golf-facility/kirkland-lake-golf-club-en/
,18,"https://www.google.com/maps/place/777 Clonsilla Ave., PO Box 475  Peterborough,ON K9J 6Z6",,Semi-private,Par 71,,"Peterborough, ON",,(705) 743-3737,,6419,,,,,https://www.golfcanada.ca/golf-facility/kawartha-golf-club-en/
,18,"https://www.google.com/maps/place/PO Box 99  Mount Hope,ON L0R 1W0",,Semi-private,,,"Mount Hope, ON",,(905) 679-4240,,,,,,,https://www.golfcanada.ca/golf-facility/chippewa-creek-golf-course-at-mount-hope-en/
,18,"https://www.google.com/maps/place/Box 120  Alberta Beach,AB T0E 0A0",,Public,Par 72,,"Alberta Beach, AB",,(780) 924-2421,,6286,,,,https://www.albertabeachgolf.com,https://www.golfcanada.ca/golf-facility/alberta-beach-golf-resort-en/
,18,"https://www.google.com/maps/place/P.O. Box Box 220 (Mailing)  Kahnawake,QC J0L 1B0",,Private,Par 70,,"Kahnawake, QC",,(450) 632-7200,,6466,,,,https://www.kanawakigolf.com,https://www.golfcanada.ca/golf-facility/kanawaki-golf-club-en/
,18,"https://www.google.com/maps/place/Box 220  La Salle,MB R0G 1B0",,Public,Par 71,,"La Salle, MB",,(204) 736-4079,,6591,,,,https://kingswoodgolf.ca,https://www.golfcanada.ca/golf-facility/kingswood-golf-country-club-en/
,18,"https://www.google.com/maps/place/14931 - 9th Avenue SW  Edmonton,AB T6W 1A4",,Public,Par 71,,"Edmonton, AB",,(780) 438-1800,,6521,,,,https://www.jagaregolf.com,https://www.golfcanada.ca/golf-facility/jagare-ridge-golf-club-en/
,27,"https://www.google.com/maps/place/102 Main Street South  Forest,ON N0N 1J0",,Semi-private,,,"Forest, ON",,(519) 786-2397,,,,,,,https://www.golfcanada.ca/golf-facility/forest-golf-club-inn-en/
,18,"https://www.google.com/maps/place/365 Rue du Golf  Rimouski,QC G5M 1S3",,Public,Par 72,,"Rimouski, QC",,(418) 725-4653,,6571,,,,https://www.golflempress.ca,https://www.golfcanada.ca/golf-facility/empress-golf-inc-club-du-golf-l-en/
,18,"https://www.google.com/maps/place/PO Box 331  Cupar,SK S0G 0Y0",,Public,Par —,,"Cupar, SK",,(306) 772-8486,,—,,,,,https://www.golfcanada.ca/golf-facility/cupar-golf-club-en/
,18,R0K 0L0,,Public,Par —,,—,,—,,—,,,,,https://www.golfcanada.ca/golf-facility/cartwright-town-country-golf-club-en/
,18,"https://www.google.com/maps/place/Po Box 5788 Station A  Calgary,AB T2H 1Y3",,Private,Par 70,,"Calgary, AB",,(403) 243-3530,,6503,,,,https://www.cgandcc.com,https://www.golfcanada.ca/golf-facility/calgary-golf-country-club-en/
,18,"https://www.google.com/maps/place/1436 Bruce Road 1  Kincardine,ON N2Z 2X5",,Public,Par 72,,"Kincardine, ON",,—,,6836,,,,,https://www.golfcanada.ca/golf-facility/blackhorse-golf-country-resort-en/
,36,"https://www.google.com/maps/place/PO Box 1710  Kananaskis Village,AB T0L 2H0",,Public,,,"Kananaskis Village, AB",,4035917088,,,,,,https://www.kananaskisgolf.com,https://www.golfcanada.ca/golf-facility/kananaskis-country-golf-course-en/
,18,"https://www.google.com/maps/place/Battlefords Provincial Park, B  Cochin,SK S0M 0L0",,Public,Par 72,,"Cochin, SK",,(306) 386-2877,,6740,,,,https://Jackfishlodge.com,https://www.golfcanada.ca/golf-facility/jackfish-lodge-golf-club-en/
,18,"https://www.google.com/maps/place/Hwy 263  Christopher Lake,SK S0J 0N0",,Public,Par 70,,"Christopher Lake, SK",,—,,5824,,,,,https://www.golfcanada.ca/golf-facility/emma-lake-golf-course-en/
,18,"https://www.google.com/maps/place/16240 Robin's Hill Road 16240 Robin's Hill Road London,ON N5V 5C3",,Private,Par 72,,"London, ON",,519-451-0994,,6718,,,,,https://www.golfcanada.ca/golf-facility/forest-city-national-golf-club-en/
,18,"https://www.google.com/maps/place/2500 Old Carriage Road  Mississauga,ON L5C 2Y7",,Private,Par 70,,"Mississauga, ON",,(905) 275-2505,,6688,,,,https://www.creditvalleygolf.com,https://www.golfcanada.ca/golf-facility/credit-valley-golf-country-club-en/
,18,"https://www.google.com/maps/place/PO Box 88, Highway 16  Colonsay,SK S0K 0Z0",,Public,Par —,,"Colonsay, SK",,(306) 255-2136,,—,,,,,https://www.golfcanada.ca/golf-facility/colonsay-golf-course-en/
,18,"https://www.google.com/maps/place/Box 155  Arva,ON N0M 1C0",,Public,Par 70,,"Arva, ON",,(519) 659-5087,,6026,,,,,https://www.golfcanada.ca/golf-facility/llyndinshire-golf-country-club-en/
,18,"https://www.google.com/maps/place/2480 Kirby Rd  Maple,ON L6A 1S1",,Public,Par —,,"Maple, ON",,905-303-1223,,—,,,,,https://www.golfcanada.ca/golf-facility/kirby-links-golf-course-driving-range-en/
,18,"https://www.google.com/maps/place/PO Box 187, country road  Yorkton,SK S3N 2V7",,Public,Par —,,"Yorkton, SK",,(306) 786-6877,,—,,,,,https://www.golfcanada.ca/golf-facility/cherrydale-golf-club-en/
,9,"https://www.google.com/maps/place/130 Rue des Forces Armées  Chibougamau,QC G8P 3A1",,Public,Par 72,,"Chibougamau, QC",,(418) 748-4709,,6782,,,,,https://www.golfcanada.ca/golf-facility/chibougamau-chapais-club-de-golf-en/
,18,"https://www.google.com/maps/place/900 Golf Course Rd PO Box 197 Hope,BC V0X 1L0",,Semi-private,Par 72,,"Hope, BC",,(236) 355-1114,,6102,,,,https://hopegolfclub.com,https://www.golfcanada.ca/golf-facility/hope-golf-country-club-en/
,18,"https://www.google.com/maps/place/PO Box 289  Pilot Butte,SK S0G 3Z0",,Public,Par —,,"Pilot Butte, SK",,(306) 781-4006,,—,,,,,https://www.golfcanada.ca/golf-facility/westfalia-golf-club-en/
,9,"https://www.google.com/maps/place/Chorney Beach, PO Box 747  Foam Lake,SK S0A 1A0",,Public,Par 70,,"Foam Lake, SK",,(306) 272-3801,,5862,,,,,https://www.golfcanada.ca/golf-facility/foam-lake-golf-country-club-en/
,18,"https://www.google.com/maps/place/Highway 1  Wembley,AB T0C 1Z0",,Public,Par 0,,"Wembley, AB",,7803528788,,0,,,,,https://www.golfcanada.ca/golf-facility/pipestone-links-golf-course-en/
,27,"https://www.google.com/maps/place/640 County Road 20, West  Kingsville,ON N9Y 2E6",,Semi-private,,,"Kingsville, ON",,(519) 733-6561,,,,,,,https://www.golfcanada.ca/golf-facility/kingsville-golf-country-club-en/
,9,"https://www.google.com/maps/place/10 White Point Beach Resort  Hunts Point,NS B0T 1G0",,Public,Par 70,,"Hunts Point, NS",,902-683-2485,,5902,,,,https://whitepointgolfclub.ca,https://www.golfcanada.ca/golf-facility/liverpool-golf-club-en/
,27,"https://www.google.com/maps/place/6357 Emerald Links Dr  Greely,ON K4P 1M4",,Semi-private,,,"Greely, ON",,—,,,,,,https://www.emeraldlinks.com,https://www.golfcanada.ca/golf-facility/emerald-links-golf-country-club-en/
,18,"https://www.google.com/maps/place/2789 Woodburn Rd  Joyceville,ON K0H 1Y0",,Public,Par 71,,"Joyceville, ON",,(613) 542-4779,,6323,,,,,https://www.golfcanada.ca/golf-facility/colonnade-golf-country-club-en/
,18,P0H 1W0,,Public,Par —,,—,,—,,—,,,,,https://www.golfcanada.ca/golf-facility/chapmans-chute-golf-club-en/
,27,"https://www.google.com/maps/place/1199, BORD DE L'EAU, SAINTE-DOROTHÉE  LAVAL,QC H7Y 1A9",,Public,,,"LAVAL, QC",,4506894130,,,,,,https://www.clublink.ca,https://www.golfcanada.ca/golf-facility/islesmere-en/
,18,"https://www.google.com/maps/place/224 Edinburgh Street  Fredericton,NB E3B 2C9",,Public,Par —,,"Fredericton, NB",,(506) 472-7273,,—,,,,https://www.carmancreekgolf.com,https://www.golfcanada.ca/golf-facility/carman-creek-golf-club-en/
,18,"https://www.google.com/maps/place/Flowing Springs Drive, PO Box  Regina,SK S4P 3R9",,Public,Par 0,,"Regina, SK",,(306) 543-5050,,0,,,,,https://www.golfcanada.ca/golf-facility/flowing-springs-golf-greens-en/
18,,,"https://www.google.com/maps/place/Flowing Springs Drive, PO Box  Regina,SK S4P 3R9",,,"Regina, SK",,Par 0,,,,Public,(306) 543-5050,0,,https://www.golfcanada.ca/fr/golf-facility/flowing-springs-golf-greens-fr/
,27,"https://www.google.com/maps/place/5920 Prince of Wales Drive  North Gower,ON K0A 2T0",,Semi-private,,,"North Gower, ON",,(613) 489-2092,,,,,,https://www.manderleygolf.com,https://www.golfcanada.ca/golf-facility/manderley-on-the-green-en/
27,,,"https://www.google.com/maps/place/5920 Prince of Wales Drive  North Gower,ON K0A 2T0",,,"North Gower, ON",,,,https://www.manderleygolf.com,,Semi-privé,(613) 489-2092,,,https://www.golfcanada.ca/fr/golf-facility/manderley-on-the-green-fr/
,18,"https://www.google.com/maps/place/Highway 3  Glaslyn,SK S0M 0Y0",,Public,Par 64,,"Glaslyn, SK",,(306)342-4456,,4446,,,,,https://www.golfcanada.ca/golf-facility/little-loon-regional-park-golf-course-en/
,18,"https://www.google.com/maps/place/14700 Bathurst Street  King City,ON L7B 1K5",,Private,Par 71,,"King City, ON",,(905) 713-6875,,6502,,,,,https://www.golfcanada.ca/golf-facility/kings-riding-golf-club-en/
,18,"https://www.google.com/maps/place/1190 Dixie Road  Mississauga,ON L5E 2P4",,Public,Par 71,,"Mississauga, ON",,(905) 615-4653,,6260,,,,,https://www.golfcanada.ca/golf-facility/lakeview-golf-club-en/
,18,"https://www.google.com/maps/place/PO Box 504, 10930 Golf Club Rd  Iroquois,ON K0E 1K0",,Semi-private,Par 72,,"Iroquois, ON",,(613) 652-4367,,6122,,,,https://www.igolf.on.ca,https://www.golfcanada.ca/golf-facility/iroquois-golf-club-en/
,27,"https://www.google.com/maps/place/14001 Warden Ave  Whitchurch-Stouffville,ON L4A 3T4",,Public,,,"Whitchurch-Stouffville, ON",,(905) 888-1100,,,,,,,https://www.golfcanada.ca/golf-facility/emerald-hills-golf-country-club-en/
,18,"https://www.google.com/maps/place/CFB Military Base  Dundurn,SK S0K 1K0",,Public,Par —,,"Dundurn, SK",,(306) 492-2135,,—,,,,,https://www.golfcanada.ca/golf-facility/cfb-dundurn-golf-club-en/
,18,"https://www.google.com/maps/place/31 Louisbourg Rd  Borden,ON L0M 1C0",,Semi-private,Par 72,,"Borden, ON",,(705) 424-1460,,6334,,,,,https://www.golfcanada.ca/golf-facility/cfb-borden-golf-club-en/
18,,,"https://www.google.com/maps/place/31 Louisbourg Rd  Borden,ON L0M 1C0",,,"Borden, ON",,Par 72,,,,Semi-privé,(705) 424-1460,6334,,https://www.golfcanada.ca/fr/golf-facility/cfb-borden-golf-club-fr/
,36,"https://www.google.com/maps/place/2500 Blvd. Fernand-Lafontaine  Longueuil,QC J4N 1M5",,Public,,,"Longueuil, QC",,5144685216,,,,,,https://www.parcoursducerf.com,https://www.golfcanada.ca/golf-facility/cerf-club-de-golf-le-parcours-du-en/
,18,"https://www.google.com/maps/place/24500 Saxton Road  Strathroy,ON N7G 3H4",,Public,Par 70,,"Strathroy, ON",,(519) 246-4653,,6303,,,,,https://www.golfcanada.ca/golf-facility/caradoc-sands-golf-course-ltd-en/
,18,"https://www.google.com/maps/place/45 Riverbank Drive  Toronto,ON M9A 5B8",,Private,Par 72,,"Toronto, ON",,(416) 231-1231,,6505,,,,https://www.islingtongolfclub.com,https://www.golfcanada.ca/golf-facility/islington-golf-club-en/
,18,"https://www.google.com/maps/place/7388 Highway 148, R.R. #4  Chapeau,QC J0X 1M0",,Public,Par 66,,"Chapeau, QC",,—,,5336,,,,https://www.islandbraegolf.com,https://www.golfcanada.ca/golf-facility/island-brae-club-de-golf-en/
,18,"https://www.google.com/maps/place/4524 Latimer Road RR#1 4524 Latimer Road RR#1 Inverary,ON K0H 1X0",,Semi-private,Par 72,,"Inverary, ON",,613-353-2133,,6481,,,,,https://www.golfcanada.ca/golf-facility/inverary-golf-country-club-en/
9,,,"https://www.google.com/maps/place/2370 Dawson Rd  Thunder Bay,ON P7G 2G2",,,"Thunder Bay, ON",,Par 72,,https://www.emeraldgreens.ca,,Public,(807) 767-4511,5758,,https://www.golfcanada.ca/fr/golf-facility/emerald-greens-golf-course-fr/
,27,"https://www.google.com/maps/place/# 71 Hwy. #52, NorthP.O. Box 9 # 71 Hwy. #52, NorthP.O. Box 9 Copetown,ON L0R 1J0",,Semi-private,,,"Copetown, ON",,(905) 627-1743,,,,,,,https://www.golfcanada.ca/golf-facility/flamborough-hills-golf-club-en/
,9,"https://www.google.com/maps/place/2370 Dawson Rd  Thunder Bay,ON P7G 2G2",,Public,Par 72,,"Thunder Bay, ON",,(807) 767-4511,,5758,,,,https://www.emeraldgreens.ca,https://www.golfcanada.ca/golf-facility/emerald-greens-golf-course-en/
,18,"https://www.google.com/maps/place/825 Thorah, Concession Rd 4  Beaverton,ON L0K 1A0",,Semi-private,Par 70,,"Beaverton, ON",,(705) 426-7521,,6034,,,,https://www.cedarhurstgolf.com,https://www.golfcanada.ca/golf-facility/cedarhurst-golf-club-inc-en/
,18,"https://www.google.com/maps/place/70969 Morrison Line  Exeter,ON N0M 1S0",,Semi-private,Par 71,,"Exeter, ON",,1-888-833-8787,,6165,,,,,https://www.golfcanada.ca/golf-facility/ironwood-golf-club-en/
,18,"https://www.google.com/maps/place/5 QC-116  Warwick,QC J0A 1M0",,Public,Par 71,,"Warwick, QC",,(819) 358-6769,,6025,,,,https://www.golfcanton.ca,https://www.golfcanada.ca/golf-facility/canton-club-de-golf-en/
,27,"https://www.google.com/maps/place/320, chemin du Golf  Saint-Bernard de Lacolle,QC J0J 1V0",,Public,,,"Saint-Bernard de Lacolle, QC",,(450) 246-3626,,,,,,,https://www.golfcanada.ca/golf-facility/international-2000-club-de-golf-en/
,9,"https://www.google.com/maps/place/Box 370, 18th Avenue  Delburne,AB T0M 0V0",,Public,Par 72,,"Delburne, AB",,(403) 749-3257,,6396,,,,,https://www.golfcanada.ca/golf-facility/fawn-meadows-golf-country-club-en/
,27,"https://www.google.com/maps/place/240086 Lott Creek Blvd.  Calgary,AB T3Z 2V4",,Semi-private,,,"Calgary, AB",,4032462828,,,,,,https://www.elbowsprings.com,https://www.golfcanada.ca/golf-facility/elbow-springs-golf-club-en/
,27,"https://www.google.com/maps/place/7800 Golf Club Way  Ashton,ON K0A 1B0",,Semi-private,,,"Ashton, ON",,(613) 253-3290,,,,,,https://www.canadiangolfclub.com,https://www.golfcanada.ca/golf-facility/canadian-golf-country-club-en/
,18,"https://www.google.com/maps/place/100 Greenhill Ave  Hamilton,ON L8K 6M4",,Public,Par 72,,"Hamilton, ON",,(905) 546-4781,,6916,,,,,https://www.golfcanada.ca/golf-facility/kings-forest-golf-club-en/
,18,"https://www.google.com/maps/place/700 Gilmore Rd  Fort Erie,ON L2A 5M4",,Private,Par 72,,"Fort Erie, ON",,(905) 871-2400,,6664,,,,,https://www.golfcanada.ca/golf-facility/bridgewater-country-club-en/
,18,"https://www.google.com/maps/place/8 200 boulevard des Forges  Trois-Rivières,QC G8Y 4W2",,Public,Par 72,,"Trois-Rivières, QC",,(819) 375-8918,,6816,,,,https://www.ki-8-eb.com,https://www.golfcanada.ca/golf-facility/ki-8-eb-club-de-golf-en/
,27,L0S 1S0,,Public,Par —,,—,,—,,—,,,,,https://www.golfcanada.ca/golf-facility/international-country-club-of-niagara-en/
,18,"https://www.google.com/maps/place/805940 Oxford Rd 29  Innerkip,ON N0J 1M0",,Semi-private,Par 72,,"Innerkip, ON",,5194693924,,6355,,,,https://www.innerkiphighlands.com,https://www.golfcanada.ca/golf-facility/innerkip-highlands-golf-club-en/
,18,"https://www.google.com/maps/place/1599 Main Street North  Moose Jaw,SK S6J 1L5",,Public,Par 71,,"Moose Jaw, SK",,(306) 692-2144,,6260,,,,https://www.hillcrestgolfclub.org,https://www.golfcanada.ca/golf-facility/hillcrest-golf-club-en/
,18,"https://www.google.com/maps/place/7900 Rue du Marigot  Quebec,QC G1G 6T8",,Public,Par 72,,"Quebec, QC",,—,,6742,,,,https://www.golfdelafaune.com,https://www.golfcanada.ca/golf-facility/faune-club-de-golf-la-en/
,9,"https://www.google.com/maps/place/26 Country Club Dr  Fenelon Falls,ON K0M 1N0",,Public,Par 70,,"Fenelon Falls, ON",,—,,5954,,,,https://www.eganridge.com,https://www.golfcanada.ca/golf-facility/eganridge-inn-spa-en/
,18,"https://www.google.com/maps/place/Box 120  Enoch,AB T7X 3Y3",,Public,Par 72,,"Enoch, AB",,(780) 470-4653,,6764,,,,https://www.indianlakes.ca,https://www.golfcanada.ca/golf-facility/indian-lakes-golf-club-en/
,18,"https://www.google.com/maps/place/PO Box 717  Rosebud,AB T0J 2T0",,Public,Par —,,"Rosebud, AB",,(403) 677-2250,,—,,,,https://www.rosebud.ca,https://www.golfcanada.ca/golf-facility/akokiniskway-golf-club-en/
,18,"https://www.google.com/maps/place/P.O. Box 249, Route 1  Coaldale,AB T1M 1M3",,Public,Par 0,,"Coaldale, AB",,(403) 345-5911,,0,,,,,https://www.golfcanada.ca/golf-facility/indian-hill-golf-club-en/
,27,"https://www.google.com/maps/place/232 Golf Links Road  Ancaster,ON L9G 2N5",,Private,,,"Ancaster, ON",,(905) 648-4471,,,,,,,https://www.golfcanada.ca/golf-facility/hamilton-golf-country-club-en/
,18,"https://www.google.com/maps/place/Box 171 Box 171 Traverse Bay,MB R0E 2A0",,Public,Par 72,,"Traverse Bay, MB",,(204) 756-2345,,6664,,,,https://www.golfgrandpines.com,https://www.golfcanada.ca/golf-facility/grand-pines-golf-course-en/
18,,,"https://www.google.com/maps/place/7 Route Macnider  Métis-sur-Mer,QC G0J 1S0",,,"Métis-sur-Mer, QC",,Par 70,,https://www.cascadegolfandtennis.com,,Public,4189363464,6137,,https://www.golfcanada.ca/fr/golf-facility/cascade-golf-tennis-club-fr/
,18,"https://www.google.com/maps/place/#9 53302 RR 264  Spruce Grove,AB T5R 2B4",,Public,Par 72,,"Spruce Grove, AB",,7809626500,,6399,,,,https://www.edmontonspringsgolf.com,https://www.golfcanada.ca/golf-facility/edmonton-springs-golf-resort-en/
,18,"https://www.google.com/maps/place/7 Route Macnider  Métis-sur-Mer,QC G0J 1S0",,Public,Par 70,,"Métis-sur-Mer, QC",,4189363464,,6137,,,,https://www.cascadegolfandtennis.com,https://www.golfcanada.ca/golf-facility/cascade-golf-tennis-club-en/
,18,"https://www.google.com/maps/place/2121 Olde Base Line Rd  Inglewood,ON L7C 0K7",,Public,Par 72,,"Inglewood, ON",,(905) 838-0200,,6322,,,,,https://www.golfcanada.ca/golf-facility/caledon-country-club-en/
,18,"https://www.google.com/maps/place/182 Golf Course Rd  Huntsville,ON P1H 1N7",,Public,Par 72,,"Huntsville, ON",,(705) 789-1000,,6566,,,,,https://www.golfcanada.ca/golf-facility/huntsville-downs-golf-club-en/
,18,"https://www.google.com/maps/place/PO Box 665 367 First Line South Shanty Bay,ON L4M 4Y5",,Semi-private,Par 72,,"Shanty Bay, ON",,(705) 726-8200,,6617,,,,,https://www.golfcanada.ca/golf-facility/heritage-hills-golf-club-en/
,18,"https://www.google.com/maps/place/8701 Chemin des Sources  Mirabel,QC J7N 3B1",,Public,Par 72,,"Mirabel, QC",,4505622688,,7524,,,,,https://www.golfcanada.ca/golf-facility/griffon-des-sources-aigle-lion-en/
,18,"https://www.google.com/maps/place/5389 Durham Rd 30  Goodwood,ON L0G 1E0",,Private,Par 72,,"Goodwood, ON",,—,,7178,,,,,https://www.golfcanada.ca/golf-facility/goodwood-golf-club-en/
,18,"https://www.google.com/maps/place/912 Cherry Hill Blvd N  Ridgeway,ON L0S 1N0",,Private,Par 72,,"Ridgeway, ON",,(905) 894-0981,,6997,,,,https://www.cherryhillclub.ca,https://www.golfcanada.ca/golf-facility/cherry-hill-club-en/
,18,"https://www.google.com/maps/place/10 Country Club Dr.  Beaumont,AB T4X 1M1",,Public,Par 72,,"Beaumont, AB",,(780) 929-2538,,7014,,,,https://www.coloniale.ca,https://www.golfcanada.ca/golf-facility/coloniale-golf-country-club-en/
,18,"https://www.google.com/maps/place/16750 Weston Rd  King,ON L7B 0C7",,Private,Par 70,,"King, ON",,(905) 727-5711,,6294,,,,https://www.carryingplace.com/,https://www.golfcanada.ca/golf-facility/carrying-place-golf-country-club-en/
,18,"https://www.google.com/maps/place/P.O. Box 2041  Blind River,ON P0R 1B0",,Semi-private,Par 72,,"Blind River, ON",,(705) 356-1663,,6678,,,,,https://www.golfcanada.ca/golf-facility/huron-pines-golf-country-club-en/
,18,"https://www.google.com/maps/place/15933 Central Ave  Inverness,NS B0E 1N0",,Public,Par 72,,"Inverness, NS",,—,,6835,,,,,https://www.golfcanada.ca/golf-facility/cabot-cliffs-en/
,18,"https://www.google.com/maps/place/Division No. 5 Division No. 5 Subd. F,NL ?",,Public,Par 72,,"Subd. F, NL",,(709) 6862710,,7199,,,,https://www.humbervalley.com,https://www.golfcanada.ca/golf-facility/humber-valley-resort-en/
,18,"https://www.google.com/maps/place/19 Rue Thom  Sept-Iles,QC G4R 4K5",,Semi-private,Par 72,,"Sept-Iles, QC",,(418) 583-2488,,6537,,,,https://golfste-marguerite.qc.ca,https://www.golfcanada.ca/golf-facility/ste-marguerite-club-de-golf-en/
,27,"https://www.google.com/maps/place/4205, Chemin Tourville  Drummondville,QC J2A 3Z1",,Public,Par 72,,"Drummondville, QC",,8193987487,,6410,,,,https://www.golf-heriot.com,https://www.golfcanada.ca/golf-facility/heriot-club-de-golf-en/
