{
"type": "FeatureCollection",
"name": "golf_courses_rhode_island",
"crs": { "type": "name", "properties": { "name": "urn:ogc:def:crs:EPSG::3347" } },
"features": [
{ "type": "Feature", "properties": { "element": "way", "id": 325263047, "leisure": "golf_course", "name": "The Aquidneck Club", "addr:city": null, "addr:housenumber": null, "addr:postcode": null, "addr:state": null, "addr:street": null, "description": null, "golf:course": null, "golf:links": null, "golf:par": null, "phone": null, "website": "https://www.aquidneckclub.com/", "opening_hours": null, "access": null, "email": null, "fax": null, "source": null, "old_name": "The Carnegie Abbey Club", "owner": null, "ownership": null, "wikidata": null, "wheelchair": null, "natural": null, "type": null, "operator": null, "addr:country": null, "landuse": null, "wikipedia": null, "area_m2": 1007687.013650188, "lat": 41.608141838578319, "lon": -71.265742530288961, "province": "Rhode Island", "gcid": "RD00044" }, "geometry": { "type": "Polygon", "coordinates": [ [ [ 7947571.105700207874179, 878905.400754881091416 ], [ 7947608.155893702991307, 878919.977128091268241 ], [ 7947596.689253910444677, 878986.469158265739679 ], [ 7947571.692624662071466, 879063.834838205482811 ], [ 7947509.989523996599019, 879174.434270775411278 ], [ 7947431.296763086691499, 879328.393319183029234 ], [ 7947325.009072860702872, 879275.200182448606938 ], [ 7947282.498970264568925, 879347.144808420911431 ], [ 7947278.310812964104116, 879394.051208210643381 ], [ 7947274.538523950614035, 879436.221030511427671 ], [ 7947290.638654894195497, 879452.337585661560297 ], [ 7947297.349642280489206, 879556.71086024818942 ], [ 7947274.583621204830706, 879748.889907205477357 ], [ 7947262.373753694817424, 879815.396202477160841 ], [ 7947290.552850793115795, 879884.09958601789549 ], [ 7947306.414561179466546, 879938.599373495671898 ], [ 7947297.111335127614439, 879951.231545444577932 ], [ 7947245.558324264362454, 879942.568094548769295 ], [ 7947075.513956160284579, 879914.010582807473838 ], [ 7946966.905554419383407, 879881.329146028961986 ], [ 7946925.183328540064394, 879896.310285489074886 ], [ 7946868.419636575505137, 879971.169308029580861 ], [ 7946843.579226391389966, 879977.324037228710949 ], [ 7946819.692672427743673, 879969.304766681976616 ], [ 7946796.971120690926909, 879942.767434266395867 ], [ 7946756.835033930838108, 879887.059829572681338 ], [ 7946722.908134794794023, 879878.824140949174762 ], [ 7946572.546842662617564, 879897.049189239740372 ], [ 7946545.808494038879871, 879701.518784971442074 ], [ 7946324.707336181774735, 879732.564807523973286 ], [ 7946299.882894311100245, 879725.494925759267062 ], [ 7946256.10391303896904, 879707.018526278436184 ], [ 7946235.355471153743565, 879692.305252402089536 ], [ 7946226.742277499288321, 879623.095012492500246 ], [ 7946220.411647733300924, 879561.21237424435094 ], [ 7946250.667657777667046, 879486.973841166589409 ], [ 7946299.279711110517383, 879450.721033598762006 ], [ 7946323.574539728462696, 879321.526847445871681 ], [ 7946342.600189512595534, 879141.708258128724992 ], [ 7946410.74776665866375, 879159.495362197048962 ], [ 7946443.507634005509317, 879201.382001814898103 ], [ 7946457.891524405218661, 879232.056215609423816 ], [ 7946468.445338675752282, 879302.404823186807334 ], [ 7946564.769653774797916, 879296.283980305306613 ], [ 7946630.399189177900553, 879268.521341538522393 ], [ 7946690.557317433878779, 879221.262497516814619 ], [ 7946773.110847223550081, 879146.855373893864453 ], [ 7946874.460417731665075, 879050.386882587336004 ], [ 7946883.019321186468005, 879024.889057226944715 ], [ 7946869.631452083587646, 878940.340644588693976 ], [ 7946869.315153282135725, 878882.861987183336169 ], [ 7946871.429288160055876, 878848.274757836014032 ], [ 7946894.226512329652905, 878808.645961264148355 ], [ 7946968.996658835560083, 878749.90402606735006 ], [ 7947086.336714474484324, 878722.579612704459578 ], [ 7947090.426802773028612, 878721.62371194595471 ], [ 7947086.742551282979548, 878649.173181911930442 ], [ 7947097.745333299972117, 878648.427188210189342 ], [ 7947171.417697909288108, 878643.440674066543579 ], [ 7947172.585194013081491, 878590.873703082092106 ], [ 7947202.464364798739552, 878539.187366123311222 ], [ 7947166.04058506526053, 878243.314202319830656 ], [ 7947397.639335764572024, 878212.861131392885 ], [ 7947423.435220024548471, 878513.76069804886356 ], [ 7947425.32205612026155, 878537.890183928888291 ], [ 7947428.770587362349033, 878576.323773577809334 ], [ 7947408.705603001639247, 878613.279521027579904 ], [ 7947349.232931734994054, 878628.683254018891603 ], [ 7947321.254339860752225, 878653.95737445820123 ], [ 7947321.125701008364558, 878757.200708031188697 ], [ 7947291.691702071577311, 878800.071615062654018 ], [ 7947217.38806061539799, 878843.089226614683867 ], [ 7947137.21509827952832, 878911.865414157044142 ], [ 7947122.382437437772751, 878939.478443874977529 ], [ 7947123.33294946141541, 879025.784935129340738 ], [ 7947100.505203795619309, 879122.824412500951439 ], [ 7947103.818293927237391, 879148.208074108231813 ], [ 7947141.106384410522878, 879192.62764748185873 ], [ 7947179.060054735280573, 879201.900987552944571 ], [ 7947208.697672503069043, 879179.950497573707253 ], [ 7947277.83862476889044, 879085.978886836674064 ], [ 7947316.103759614750743, 878992.726880497764796 ], [ 7947361.43399765342474, 878930.279071222059429 ], [ 7947485.162474959157407, 878908.019569318275899 ], [ 7947553.585636441595852, 878901.179436499252915 ], [ 7947571.105700207874179, 878905.400754881091416 ] ] ] } },
{ "type": "Feature", "properties": { "element": "way", "id": 185117570, "leisure": "golf_course", "name": "Meadow Brook", "addr:city": "Richmond", "addr:housenumber": "163", "addr:postcode": "02898", "addr:state": null, "addr:street": "Kingstown Road", "description": null, "golf:course": null, "golf:links": null, "golf:par": null, "phone": "+1 401-539-8491", "website": "https://www.meadowbrookgolfri.com/", "opening_hours": null, "access": null, "email": null, "fax": null, "source": null, "old_name": null, "owner": null, "ownership": null, "wikidata": null, "wheelchair": null, "natural": null, "type": null, "operator": null, "addr:country": null, "landuse": null, "wikipedia": null, "area_m2": 793821.33654431289, "lat": 41.495733360573489, "lon": -71.667348020659745, "province": "Rhode Island", "gcid": "RD00037" }, "geometry": { "type": "Polygon", "coordinates": [ [ [ 7917856.137767074629664, 855515.864624982699752 ], [ 7917822.388841614127159, 855893.640576106496155 ], [ 7917799.924248195253313, 855954.213544448371977 ], [ 7917794.252758726477623, 856007.103928564116359 ], [ 7917793.019466331228614, 856033.161308860871941 ], [ 7917789.752109276130795, 856071.83602900383994 ], [ 7917789.013955028727651, 856108.411007020622492 ], [ 7917786.096574873663485, 856174.862198881804943 ], [ 7917784.280167079530656, 856201.418131669517606 ], [ 7917782.230312906205654, 856229.072086249943823 ], [ 7917775.683748755604029, 856347.206745432224125 ], [ 7917772.937433963641524, 856421.416193556971848 ], [ 7917769.165700593963265, 856539.190439661033452 ], [ 7917770.436241282150149, 856583.582607344258577 ], [ 7917768.073257279582322, 856615.565873965155333 ], [ 7917772.177139953710139, 856652.859686776064336 ], [ 7917766.370010789483786, 856676.262748823966831 ], [ 7917765.780672979541123, 856686.920362842734903 ], [ 7917768.147981303744018, 856696.587770201265812 ], [ 7917776.007109457626939, 856699.933797218836844 ], [ 7917784.63756768591702, 856700.905298121739179 ], [ 7917884.832954056560993, 856712.873629565816373 ], [ 7917965.426255309022963, 856710.661516289226711 ], [ 7918054.684837808832526, 856696.438643524423242 ], [ 7918087.774903012439609, 856694.490528958383948 ], [ 7918111.688243266195059, 856692.650564426090568 ], [ 7918153.984341867268085, 856689.260118646547198 ], [ 7918198.178692197427154, 856686.494000153616071 ], [ 7918279.362453363835812, 856681.609673396218568 ], [ 7918339.622587599791586, 856677.392548236530274 ], [ 7918487.78064226731658, 856664.688399488572031 ], [ 7918515.902601019479334, 856661.738795931916684 ], [ 7918534.842486075125635, 856659.548924697563052 ], [ 7918551.297886988148093, 856657.632209503557533 ], [ 7918564.351132486015558, 856650.527372181881219 ], [ 7918578.79834748338908, 856639.266411676071584 ], [ 7918583.47683759406209, 856627.724307774100453 ], [ 7918585.794640928506851, 856617.380143261514604 ], [ 7918587.4634167002514, 856602.280722812749445 ], [ 7918586.178818603977561, 856588.160136983729899 ], [ 7918555.845045033842325, 856422.261569900903851 ], [ 7918624.209296373650432, 856254.138767296914011 ], [ 7918639.923741171136498, 856185.436293476261199 ], [ 7918609.689760533161461, 856115.09420122159645 ], [ 7918536.455645859241486, 856115.045579961501062 ], [ 7918376.109488865360618, 856242.367923310492188 ], [ 7918355.178889019414783, 856368.906800111290067 ], [ 7918322.316814349032938, 856371.704333510715514 ], [ 7918302.782391097396612, 856322.383784290868789 ], [ 7918283.601408306509256, 856258.330973241478205 ], [ 7918263.400839107111096, 856189.122781100217253 ], [ 7918261.99412805493921, 856060.412348584737629 ], [ 7918260.975259978324175, 855994.396944167558104 ], [ 7918264.676010256633162, 855918.620698185637593 ], [ 7918236.847080908715725, 855828.531925966031849 ], [ 7918234.393100442364812, 855744.71295490860939 ], [ 7918239.895808477886021, 855633.969024267513305 ], [ 7918248.075966130942106, 855545.857182574924082 ], [ 7918245.624148178845644, 855387.878726229071617 ], [ 7918181.4150654040277, 855394.740841452032328 ], [ 7918089.652233084663749, 855244.339168029371649 ], [ 7918057.604643602855504, 855178.46959214983508 ], [ 7918023.883323392830789, 855126.475210036151111 ], [ 7917977.083348634652793, 855130.934795801527798 ], [ 7917928.389372077770531, 855153.04853223497048 ], [ 7917886.237400641664863, 855195.939499361440539 ], [ 7917882.932638646103442, 855219.35492044640705 ], [ 7917876.871814986690879, 855255.841212654020637 ], [ 7917856.137767074629664, 855515.864624982699752 ] ] ] } },
{ "type": "Feature", "properties": { "element": "way", "id": 1152480431, "leisure": "golf_course", "name": "Exeter Country Club", "addr:city": null, "addr:housenumber": null, "addr:postcode": null, "addr:state": null, "addr:street": null, "description": null, "golf:course": "18", "golf:links": null, "golf:par": "72", "phone": "+1-401-295-8212", "website": "http://www.exetercc.com/", "opening_hours": null, "access": null, "email": null, "fax": null, "source": null, "old_name": null, "owner": null, "ownership": null, "wikidata": null, "wheelchair": null, "natural": null, "type": null, "operator": null, "addr:country": null, "landuse": null, "wikipedia": null, "area_m2": 788544.74655977928, "lat": 41.573215874424378, "lon": -71.545198189316281, "province": "Rhode Island", "gcid": "RD00057" }, "geometry": { "type": "Polygon", "coordinates": [ [ [ 7925103.358399061486125, 868141.443178127519786 ], [ 7925054.107091121375561, 868192.357735750731081 ], [ 7925050.371388436295092, 868226.639100861735642 ], [ 7925045.943155243061483, 868325.486856874078512 ], [ 7925083.734759180806577, 868334.015049501787871 ], [ 7925101.547554075717926, 868339.53209608187899 ], [ 7925115.076295294798911, 868344.746452203020453 ], [ 7925126.842374404892325, 868350.092441251967102 ], [ 7925178.191305948421359, 868388.108927815686911 ], [ 7925236.688577130436897, 868431.955562321003526 ], [ 7925266.420202661305666, 868454.232829937711358 ], [ 7925305.018260597251356, 868479.649758807849139 ], [ 7925327.356508155353367, 868491.777017090469599 ], [ 7925352.649489192292094, 868501.599179933778942 ], [ 7925368.258161373436451, 868505.309924976434559 ], [ 7925388.041586923412979, 868510.038616168312728 ], [ 7925418.796667682006955, 868511.819857116322964 ], [ 7925482.401469016447663, 868286.408074728678912 ], [ 7925617.692146346904337, 868299.326703285332769 ], [ 7925648.765254161320627, 868279.590272192843258 ], [ 7925816.613360119052231, 867653.037847785279155 ], [ 7925821.909897966310382, 867634.474549383390695 ], [ 7925801.132441192865372, 867599.663422901649028 ], [ 7925825.165700294077396, 867311.331441078335047 ], [ 7925566.518742321059108, 867368.81539921881631 ], [ 7925334.796612754464149, 867424.227409528102726 ], [ 7925162.486045784316957, 867467.873929269146174 ], [ 7925109.443320526741445, 867480.711243231780827 ], [ 7925031.35927867796272, 867514.775935758370906 ], [ 7924962.368238026276231, 867578.644127746112645 ], [ 7924866.869649955071509, 867688.450877916999161 ], [ 7924696.898309541866183, 867750.274384417105466 ], [ 7924647.035896902903914, 867780.38575622998178 ], [ 7924633.960311254486442, 867811.069519954733551 ], [ 7924618.287200244143605, 867831.89405853394419 ], [ 7924633.206263300962746, 867848.008180411532521 ], [ 7924666.850468538701534, 867874.530079759657383 ], [ 7924699.366559091955423, 867912.356520154513419 ], [ 7924791.146322911605239, 867889.058705487288535 ], [ 7924916.733671199530363, 867935.548977788537741 ], [ 7924998.48668927885592, 868007.942614914849401 ], [ 7925103.358399061486125, 868141.443178127519786 ] ] ] } },
{ "type": "Feature", "properties": { "element": "way", "id": 895324526, "leisure": "golf_course", "name": "Newport National Golf Club", "addr:city": "Middletown", "addr:housenumber": "324", "addr:postcode": "02842", "addr:state": "RI", "addr:street": "Mitchells Lane", "description": null, "golf:course": null, "golf:links": null, "golf:par": null, "phone": null, "website": null, "opening_hours": null, "access": null, "email": null, "fax": null, "source": null, "old_name": null, "owner": null, "ownership": null, "wikidata": null, "wheelchair": null, "natural": null, "type": null, "operator": null, "addr:country": null, "landuse": null, "wikipedia": null, "area_m2": 745408.32617878448, "lat": 41.530681679381196, "lon": -71.252297360547445, "province": "Rhode Island", "gcid": "RD00055" }, "geometry": { "type": "Polygon", "coordinates": [ [ [ 7950562.061153051443398, 870918.733801164664328 ], [ 7950578.24053418636322, 870913.051974698435515 ], [ 7950652.67133279889822, 870942.504397626966238 ], [ 7950672.996252940036356, 870956.381627786904573 ], [ 7950673.980398604646325, 870976.990124732721597 ], [ 7950750.339615942910314, 871006.509503239765763 ], [ 7950818.669062907807529, 870911.409097573254257 ], [ 7950913.851854329928756, 870813.472374656237662 ], [ 7951089.145444100722671, 870633.82142580486834 ], [ 7951497.955615876242518, 870805.482784456573427 ], [ 7951416.57646668702364, 871005.297445009462535 ], [ 7951286.030502337031066, 871099.391564281191677 ], [ 7951193.262492410838604, 871261.712067188695073 ], [ 7951145.421573136001825, 871432.755379459355026 ], [ 7951105.034654917195439, 871688.264166592154652 ], [ 7950962.212490770034492, 871871.914063537027687 ], [ 7950805.829861140809953, 871845.402791309636086 ], [ 7950796.97588512301445, 871823.339742933399975 ], [ 7950825.083452091552317, 871671.118846351280808 ], [ 7950432.858080176636577, 871631.674878309480846 ], [ 7950452.242944899946451, 871192.799187465570867 ], [ 7950410.77258987352252, 871146.398402597755194 ], [ 7950402.396425612270832, 871137.020354711916298 ], [ 7950406.136872006580234, 871133.810891313012689 ], [ 7950399.448750562034547, 871114.139007236342877 ], [ 7950385.177243913523853, 871105.996890520211309 ], [ 7950381.034883035346866, 871077.27791110239923 ], [ 7950388.722837703302503, 871069.61789138475433 ], [ 7950398.971689144149423, 871074.940712200477719 ], [ 7950418.576155113056302, 871069.049873815383762 ], [ 7950422.88654323015362, 871062.26996260881424 ], [ 7950419.144264794886112, 871055.710185558069497 ], [ 7950375.847410355694592, 871024.083711978048086 ], [ 7950370.302571715787053, 871024.92769922921434 ], [ 7950363.942101143300533, 871021.032129735685885 ], [ 7950363.328854791820049, 871016.748852167278528 ], [ 7950358.735434197820723, 871005.364851600024849 ], [ 7950375.746543348766863, 870970.947333273012191 ], [ 7950383.885406078770757, 870966.071942138951272 ], [ 7950394.135994952172041, 870949.722218111157417 ], [ 7950394.859139988198876, 870943.278698155190796 ], [ 7950395.852349969558418, 870934.401795725338161 ], [ 7950400.563033055514097, 870922.46539024496451 ], [ 7950410.446979347616434, 870916.792645172681659 ], [ 7950424.732628321275115, 870917.888988823164254 ], [ 7950466.359304504469037, 870930.679397316649556 ], [ 7950473.591788342222571, 870932.902050812728703 ], [ 7950493.140333274379373, 870938.909055066760629 ], [ 7950498.993478120304644, 870938.993865532800555 ], [ 7950503.270627539604902, 870936.874750307295471 ], [ 7950513.022488771006465, 870923.694708328228444 ], [ 7950527.641942435875535, 870914.321614306885749 ], [ 7950556.321219171397388, 870919.560688462574035 ], [ 7950562.061153051443398, 870918.733801164664328 ] ] ] } },
{ "type": "Feature", "properties": { "element": "way", "id": 699620148, "leisure": "golf_course", "name": "Richmond Country Club", "addr:city": "Richmond", "addr:housenumber": "74", "addr:postcode": "02832", "addr:state": "RI", "addr:street": "Sandy Pond Road", "description": null, "golf:course": null, "golf:links": null, "golf:par": null, "phone": "+1-401-364-9200", "website": "https://www.richmondcountryclub.net/", "opening_hours": null, "access": null, "email": null, "fax": null, "source": null, "old_name": null, "owner": null, "ownership": null, "wikidata": null, "wheelchair": null, "natural": null, "type": null, "operator": null, "addr:country": null, "landuse": null, "wikipedia": null, "area_m2": 734415.89692402526, "lat": 41.471411442969824, "lon": -71.710807857665174, "province": "Rhode Island", "gcid": "RD00051" }, "geometry": { "type": "Polygon", "coordinates": [ [ [ 7915149.470705498941243, 851572.437011463567615 ], [ 7915181.851380165666342, 851595.58700198167935 ], [ 7915221.291763877496123, 851623.764550565741956 ], [ 7915278.472779863514006, 851662.482167324051261 ], [ 7915361.753230928443372, 851720.693988433107734 ], [ 7915413.528941201977432, 851751.307491343002766 ], [ 7915442.852615609765053, 851768.35876401886344 ], [ 7915476.425284726545215, 851787.869289455004036 ], [ 7915551.579435280524194, 851837.716305020730942 ], [ 7915637.021894748322666, 851893.603165511973202 ], [ 7915645.227077882736921, 851919.606820454820991 ], [ 7915663.326810328289866, 851976.98823359189555 ], [ 7915679.155839765444398, 852027.182255117688328 ], [ 7915690.91499861702323, 852053.540258345659822 ], [ 7915700.159544175490737, 852069.179296914022416 ], [ 7915711.815867430530488, 852088.879221455659717 ], [ 7915743.735286657698452, 852102.981561268679798 ], [ 7915800.338795089162886, 852166.102086219005287 ], [ 7915814.633180038072169, 852200.001400886103511 ], [ 7915825.276795197278261, 852238.031918183900416 ], [ 7915829.47510738670826, 852253.057613744400442 ], [ 7915833.767675693146884, 852301.284987110644579 ], [ 7915843.201940001919866, 852377.321328185033053 ], [ 7915854.560511546209455, 852424.608793681953102 ], [ 7915867.630143620073795, 852462.23632537573576 ], [ 7915879.271463088691235, 852483.336836706381291 ], [ 7915894.200210727751255, 852498.358502774033695 ], [ 7915808.512386413291097, 852629.041767411865294 ], [ 7915739.62183250952512, 852731.543370340485126 ], [ 7915660.871723433025181, 852857.137939826119691 ], [ 7915552.025392815470695, 852822.319130202289671 ], [ 7915417.736598759889603, 852767.799139509443194 ], [ 7915403.037212207913399, 852761.827739330474287 ], [ 7915004.694212721660733, 852600.127344475593418 ], [ 7914980.278061196208, 852590.208470925688744 ], [ 7914945.994768960401416, 852567.245750489179045 ], [ 7914959.391192670911551, 852483.830554633866996 ], [ 7915255.509493054822087, 852438.113982025533915 ], [ 7915251.195335841737688, 852371.777603298425674 ], [ 7915048.67891869880259, 852268.281427728943527 ], [ 7914963.56603779271245, 852158.768294175155461 ], [ 7914982.58501959964633, 852066.69583435356617 ], [ 7915019.647598402574658, 851908.19366862019524 ], [ 7915072.706192745827138, 851803.16865733359009 ], [ 7915158.552154830656946, 851757.114947925321758 ], [ 7915066.778257324360311, 851656.546489303000271 ], [ 7915061.601311622187495, 851643.913921620231122 ], [ 7915037.819942625239491, 851585.836714146658778 ], [ 7915092.5911012487486, 851537.18669248232618 ], [ 7915122.978634161874652, 851556.025525472126901 ], [ 7915149.470705498941243, 851572.437011463567615 ] ] ] } },
{ "type": "Feature", "properties": { "element": "way", "id": 141111875, "leisure": "golf_course", "name": "Alpine Country Club", "addr:city": null, "addr:housenumber": null, "addr:postcode": null, "addr:state": null, "addr:street": null, "description": null, "golf:course": "18", "golf:links": null, "golf:par": "72", "phone": "+1-401-943-2670", "website": "https://www.alpinecc.com/", "opening_hours": null, "access": null, "email": null, "fax": null, "source": null, "old_name": null, "owner": null, "ownership": null, "wikidata": null, "wheelchair": null, "natural": null, "type": null, "operator": null, "addr:country": null, "landuse": null, "wikipedia": null, "area_m2": 711034.90970318089, "lat": 41.78193950331837, "lon": -71.554348946374503, "province": "Rhode Island", "gcid": "RD00024" }, "geometry": { "type": "Polygon", "coordinates": [ [ [ 7916507.198999160900712, 890823.503551202360541 ], [ 7916820.14649725984782, 891017.607518042903394 ], [ 7917066.125036549754441, 890785.055629908107221 ], [ 7917160.908969370648265, 890720.666010113433003 ], [ 7917305.095077080652118, 890834.68358953949064 ], [ 7917399.648667928762734, 890728.015615458600223 ], [ 7917265.92183272074908, 890590.302256900351495 ], [ 7917495.360745705664158, 890434.611661364324391 ], [ 7917424.114358661696315, 890319.363630999345332 ], [ 7917554.061851121485233, 890218.904510252643377 ], [ 7917552.181639006361365, 890085.117118276655674 ], [ 7917482.224765937775373, 890067.497984306421131 ], [ 7917424.467757225036621, 890010.716115039773285 ], [ 7917374.978310322389007, 889929.697534560691565 ], [ 7917304.806090595200658, 889826.581923213321716 ], [ 7917185.197027003392577, 889756.35763050429523 ], [ 7917120.208222867920995, 889722.007198661565781 ], [ 7917047.895830920897424, 889720.326909385155886 ], [ 7917015.246554931625724, 889826.20177384512499 ], [ 7916984.566760737448931, 889907.244526108726859 ], [ 7916923.507280379533768, 890062.615904515143484 ], [ 7916833.726565787568688, 890132.00738844787702 ], [ 7916715.29757371917367, 890402.789658300578594 ], [ 7916610.213491665199399, 890635.159535051789135 ], [ 7916539.366986211389303, 890768.76494815107435 ], [ 7916507.198999160900712, 890823.503551202360541 ] ] ] } },
{ "type": "Feature", "properties": { "element": "relation", "id": 13922079, "leisure": "golf_course", "name": "Newport Country Club", "addr:city": null, "addr:housenumber": null, "addr:postcode": null, "addr:state": null, "addr:street": null, "description": null, "golf:course": null, "golf:links": null, "golf:par": null, "phone": null, "website": null, "opening_hours": null, "access": null, "email": null, "fax": null, "source": null, "old_name": null, "owner": null, "ownership": null, "wikidata": "Q2669978", "wheelchair": null, "natural": null, "type": "multipolygon", "operator": null, "addr:country": null, "landuse": null, "wikipedia": "en:Newport Country Club", "area_m2": 696082.39399946027, "lat": 41.459936337453833, "lon": -71.347791605596086, "province": "Rhode Island", "gcid": "RD00016" }, "geometry": { "type": "Polygon", "coordinates": [ [ [ 7945437.388267249800265, 860264.210254726931453 ], [ 7945431.44711453281343, 860275.377849161159247 ], [ 7945434.365937589667737, 860277.433198471553624 ], [ 7945424.26584181189537, 860302.657246654387563 ], [ 7945402.267218040302396, 860350.75695785600692 ], [ 7945378.488898195326328, 860405.384289459791034 ], [ 7945290.368669450283051, 860591.308419701177627 ], [ 7945485.656671354547143, 860699.357824054080993 ], [ 7945507.9523761337623, 860708.981633517425507 ], [ 7945430.148323501460254, 860923.660941320005804 ], [ 7945456.604784365743399, 861100.845344426576048 ], [ 7945471.279110476374626, 861266.981181305833161 ], [ 7945449.187175821512938, 861340.19977669371292 ], [ 7945446.73654799349606, 861482.822716786526144 ], [ 7945487.090293932706118, 861639.741714183241129 ], [ 7945501.115528603084385, 861692.684946975205094 ], [ 7945524.912683915346861, 861714.156911368947476 ], [ 7945573.441642483696342, 861733.801988922990859 ], [ 7945609.331051919609308, 861762.944968846160918 ], [ 7945626.645835318602622, 861795.779293557628989 ], [ 7945637.054465451277792, 861808.759714643005282 ], [ 7945677.273800307884812, 861836.087071664631367 ], [ 7945713.426954044029117, 861856.522417537868023 ], [ 7945739.12590722180903, 861866.570815546438098 ], [ 7945782.445867616683245, 861874.223792366683483 ], [ 7945814.27042158972472, 861869.41855004010722 ], [ 7945814.660056305117905, 861804.354559101164341 ], [ 7945796.392721882089972, 861794.46101742470637 ], [ 7945767.860381496138871, 861743.09640807332471 ], [ 7945740.373819331638515, 861654.479495002888143 ], [ 7945781.808406294323504, 861656.283998159691691 ], [ 7945795.624610686674714, 861602.976977562531829 ], [ 7945807.037718696519732, 861343.295630961190909 ], [ 7945776.53991284687072, 861323.07690166356042 ], [ 7945756.652484842576087, 861318.624352838844061 ], [ 7945735.296471134759486, 861324.40716553106904 ], [ 7945743.123530285432935, 861254.718651020899415 ], [ 7945876.605362012051046, 861233.688455345574766 ], [ 7945917.190629621967673, 861111.369391213636845 ], [ 7945995.125957085750997, 861005.73550293687731 ], [ 7945907.159250376746058, 860956.267673009075224 ], [ 7945968.832180087454617, 860718.417983178049326 ], [ 7945997.728275674395263, 860594.578172924928367 ], [ 7945898.211956012062728, 860612.430252672638744 ], [ 7945888.3399244453758, 860610.149309806060046 ], [ 7945598.622367733158171, 860543.09497958002612 ], [ 7945845.387272817082703, 860154.131694632116705 ], [ 7945849.348098612390459, 860147.689741460606456 ], [ 7945849.882631210610271, 860137.32377286395058 ], [ 7945847.741713444702327, 860132.094217578414828 ], [ 7945837.981225254945457, 860122.59470277512446 ], [ 7945837.582693439908326, 860115.37510518822819 ], [ 7945831.889884280972183, 860109.819850387051702 ], [ 7945836.486860707402229, 860105.762537855189294 ], [ 7945836.93702291790396, 860100.537545014638454 ], [ 7945823.547745832242072, 860088.975742880720645 ], [ 7945823.417883580550551, 860086.141465805005282 ], [ 7945809.704472827725112, 860072.95459745451808 ], [ 7945797.538583539426327, 860061.58339373068884 ], [ 7945792.240455695427954, 860053.672616401221603 ], [ 7945792.004643812775612, 860050.062744909431785 ], [ 7945795.110172885470092, 860048.528297492302954 ], [ 7945798.312716820277274, 860049.598729886580259 ], [ 7945801.287562994286418, 860046.188338815700263 ], [ 7945799.572077443823218, 860044.219512241426855 ], [ 7945797.404135785065591, 860042.948850427288562 ], [ 7945795.338534694164991, 860043.010756694246083 ], [ 7945794.754020706750453, 860045.715462019667029 ], [ 7945791.772529743611813, 860046.878806318156421 ], [ 7945788.668524015694857, 860045.841314163058996 ], [ 7945784.497684432193637, 860042.505771804600954 ], [ 7945781.85057504568249, 860039.800868855789304 ], [ 7945781.881121380254626, 860035.831061908509582 ], [ 7945778.453818454407156, 860032.210143012460321 ], [ 7945777.897682044655085, 860028.056377891916782 ], [ 7945776.64268731418997, 860024.081589712295681 ], [ 7945770.90870641451329, 860018.94951219856739 ], [ 7945768.935520945116878, 860006.471295139286667 ], [ 7945766.408340470865369, 859992.727970243897289 ], [ 7945765.76098738797009, 859981.772836362011731 ], [ 7945764.851614664308727, 859976.736554868984967 ], [ 7945762.292460393160582, 859970.190260245464742 ], [ 7945759.441221293061972, 859962.769755194429308 ], [ 7945758.051999760791659, 859958.349684233311564 ], [ 7945754.210264851339161, 859953.728753631468862 ], [ 7945729.782782163470984, 859931.597972168121487 ], [ 7945708.503350001759827, 859912.9948635911569 ], [ 7945698.118048005737364, 859903.068536616396159 ], [ 7945689.449060322716832, 859894.152685733046383 ], [ 7945683.266926862299442, 859889.404886140022427 ], [ 7945675.413936568424106, 859882.909531433600932 ], [ 7945670.004417410120368, 859877.133749966043979 ], [ 7945668.264820271171629, 859873.324677871074528 ], [ 7945663.182928754016757, 859868.180171969812363 ], [ 7945657.424051636829972, 859863.149176887702197 ], [ 7945655.386118058115244, 859865.368147287517786 ], [ 7945652.09347784332931, 859872.324795285239816 ], [ 7945650.189401127398014, 859878.677702513057739 ], [ 7945649.3168012984097, 859882.24472796311602 ], [ 7945641.721197217702866, 859888.200126139447093 ], [ 7945640.069284189492464, 859890.875725168269128 ], [ 7945632.576236532069743, 859904.910313351079822 ], [ 7945622.687858872115612, 859922.561174395028502 ], [ 7945606.494185449555516, 859952.604994643013924 ], [ 7945601.833686857484281, 859957.891062376555055 ], [ 7945469.154583072289824, 860198.710606514010578 ], [ 7945457.216641921550035, 860221.840245069935918 ], [ 7945448.07740562595427, 860224.877200433518738 ], [ 7945438.889729285612702, 860233.13979551428929 ], [ 7945434.808735527098179, 860243.8491425733082 ], [ 7945434.892182437703013, 860252.504182052332908 ], [ 7945437.388267249800265, 860264.210254726931453 ] ] ] } },
{ "type": "Feature", "properties": { "element": "way", "id": 141111883, "leisure": "golf_course", "name": "Cranston Country Club", "addr:city": "Cranston", "addr:housenumber": "69", "addr:postcode": "02921", "addr:state": "RI", "addr:street": "Burlingame Road", "description": null, "golf:course": null, "golf:links": null, "golf:par": null, "phone": "+1 401 826 1683", "website": "https://cranstoncc.com/", "opening_hours": null, "access": null, "email": "golf@cranstoncc.com", "fax": "+1 401 823 7880", "source": null, "old_name": null, "owner": null, "ownership": null, "wikidata": null, "wheelchair": null, "natural": null, "type": null, "operator": null, "addr:country": null, "landuse": null, "wikipedia": null, "area_m2": 665565.74867194192, "lat": 41.739965784122425, "lon": -71.516439319921616, "province": "Rhode Island", "gcid": "RD00026" }, "geometry": { "type": "Polygon", "coordinates": [ [ [ 7921020.095379314385355, 887076.77018867759034 ], [ 7920922.016389391385019, 887013.601552066858858 ], [ 7920916.482460947707295, 886986.022856084629893 ], [ 7920940.706516256555915, 886953.774460579268634 ], [ 7920983.681955388747156, 886902.765009105205536 ], [ 7921037.859033547341824, 886856.530697259586304 ], [ 7921081.740564541891217, 886828.190442292019725 ], [ 7921215.403783472254872, 886778.797323133330792 ], [ 7921298.770155600272119, 886742.026725884526968 ], [ 7921367.075265507213771, 886709.455196777824312 ], [ 7921545.982647145166993, 886609.312769878190011 ], [ 7921611.922839443199337, 886571.686172171495855 ], [ 7921633.008664155378938, 886509.709182504564524 ], [ 7921713.587819227017462, 886472.647527560126036 ], [ 7921777.335528310388327, 886431.111470202449709 ], [ 7921823.736396267078817, 886407.179321188014001 ], [ 7921858.879631684161723, 886417.225440368521959 ], [ 7922068.529645703732967, 886405.769064746331424 ], [ 7922113.243491748347878, 886413.395574508234859 ], [ 7922153.293605618178844, 886432.550972877070308 ], [ 7922190.888947118073702, 886457.006559856701642 ], [ 7922225.832915037870407, 886484.372874073684216 ], [ 7922246.59016932733357, 886662.885456600226462 ], [ 7922288.862076738849282, 886671.036464395467192 ], [ 7922274.760563487187028, 886782.879125659354031 ], [ 7922188.371681214310229, 886876.573413064237684 ], [ 7922082.172265366651118, 886942.917188459541649 ], [ 7922035.241491877473891, 887066.115067207254469 ], [ 7921992.247652645222843, 887083.134552954696119 ], [ 7921974.458770834840834, 887090.167693127412349 ], [ 7921933.234878008253872, 887145.675313908606768 ], [ 7921831.914829519577324, 887162.81977810850367 ], [ 7921817.759255042299628, 887165.210439398884773 ], [ 7921692.220430034212768, 887186.448677979409695 ], [ 7921669.865403830073774, 887153.064180004410446 ], [ 7921653.285950713790953, 887097.432062049396336 ], [ 7921730.291651633568108, 886987.032422901596874 ], [ 7921671.65145855024457, 886906.230241575744003 ], [ 7921606.37819604203105, 887012.22619425971061 ], [ 7921480.853029743768275, 887173.611715537961572 ], [ 7921396.266677336767316, 887268.329715989530087 ], [ 7921254.448292955756187, 887239.129124728497118 ], [ 7921127.894038879312575, 887157.117221197579056 ], [ 7921020.095379314385355, 887076.77018867759034 ] ] ] } },
{ "type": "Feature", "properties": { "element": "way", "id": 141111883, "leisure": "golf_course", "name": "Cranston Country Club", "addr:city": "Cranston", "addr:housenumber": "69", "addr:postcode": "02921", "addr:state": "RI", "addr:street": "Burlingame Road", "description": null, "golf:course": null, "golf:links": null, "golf:par": null, "phone": "+1 401 826 1683", "website": "https://cranstoncc.com/", "opening_hours": null, "access": null, "email": "golf@cranstoncc.com", "fax": "+1 401 823 7880", "source": null, "old_name": null, "owner": null, "ownership": null, "wikidata": null, "wheelchair": null, "natural": null, "type": null, "operator": null, "addr:country": null, "landuse": null, "wikipedia": null, "area_m2": 665565.74867194192, "lat": 41.739965784122425, "lon": -71.516439319921616, "province": "Rhode Island", "gcid": "RD00025" }, "geometry": { "type": "Polygon", "coordinates": [ [ [ 7921020.095379314385355, 887076.77018867759034 ], [ 7920922.016389391385019, 887013.601552066858858 ], [ 7920916.482460947707295, 886986.022856084629893 ], [ 7920940.706516256555915, 886953.774460579268634 ], [ 7920983.681955388747156, 886902.765009105205536 ], [ 7921037.859033547341824, 886856.530697259586304 ], [ 7921081.740564541891217, 886828.190442292019725 ], [ 7921215.403783472254872, 886778.797323133330792 ], [ 7921298.770155600272119, 886742.026725884526968 ], [ 7921367.075265507213771, 886709.455196777824312 ], [ 7921545.982647145166993, 886609.312769878190011 ], [ 7921611.922839443199337, 886571.686172171495855 ], [ 7921633.008664155378938, 886509.709182504564524 ], [ 7921713.587819227017462, 886472.647527560126036 ], [ 7921777.335528310388327, 886431.111470202449709 ], [ 7921823.736396267078817, 886407.179321188014001 ], [ 7921858.879631684161723, 886417.225440368521959 ], [ 7922068.529645703732967, 886405.769064746331424 ], [ 7922113.243491748347878, 886413.395574508234859 ], [ 7922153.293605618178844, 886432.550972877070308 ], [ 7922190.888947118073702, 886457.006559856701642 ], [ 7922225.832915037870407, 886484.372874073684216 ], [ 7922246.59016932733357, 886662.885456600226462 ], [ 7922288.862076738849282, 886671.036464395467192 ], [ 7922274.760563487187028, 886782.879125659354031 ], [ 7922188.371681214310229, 886876.573413064237684 ], [ 7922082.172265366651118, 886942.917188459541649 ], [ 7922035.241491877473891, 887066.115067207254469 ], [ 7921992.247652645222843, 887083.134552954696119 ], [ 7921974.458770834840834, 887090.167693127412349 ], [ 7921933.234878008253872, 887145.675313908606768 ], [ 7921831.914829519577324, 887162.81977810850367 ], [ 7921817.759255042299628, 887165.210439398884773 ], [ 7921692.220430034212768, 887186.448677979409695 ], [ 7921669.865403830073774, 887153.064180004410446 ], [ 7921653.285950713790953, 887097.432062049396336 ], [ 7921730.291651633568108, 886987.032422901596874 ], [ 7921671.65145855024457, 886906.230241575744003 ], [ 7921606.37819604203105, 887012.22619425971061 ], [ 7921480.853029743768275, 887173.611715537961572 ], [ 7921396.266677336767316, 887268.329715989530087 ], [ 7921254.448292955756187, 887239.129124728497118 ], [ 7921127.894038879312575, 887157.117221197579056 ], [ 7921020.095379314385355, 887076.77018867759034 ] ] ] } },
{ "type": "Feature", "properties": { "element": "relation", "id": 12135648, "leisure": "golf_course", "name": "Swansea Country Club", "addr:city": "Swansea", "addr:housenumber": "299", "addr:postcode": "02777", "addr:state": null, "addr:street": "Market Street", "description": null, "golf:course": null, "golf:links": null, "golf:par": null, "phone": "+1 508-379-9886", "website": "https://www.swanseacountryclub.com/", "opening_hours": null, "access": null, "email": null, "fax": null, "source": null, "old_name": null, "owner": null, "ownership": null, "wikidata": null, "wheelchair": null, "natural": null, "type": "multipolygon", "operator": null, "addr:country": null, "landuse": null, "wikipedia": null, "area_m2": 660706.57527146162, "lat": 41.760921494866146, "lon": -71.274413281620113, "province": "Rhode Island", "gcid": "RD00013" }, "geometry": { "type": "Polygon", "coordinates": [ [ [ 7940386.283372268080711, 895451.940544564276934 ], [ 7940383.72094610799104, 895462.472645630594343 ], [ 7940379.476118204183877, 895486.025580129120499 ], [ 7940354.793647655285895, 895516.052756312303245 ], [ 7940350.190253855660558, 895533.425907924305648 ], [ 7940348.487769091501832, 895559.516172460280359 ], [ 7940349.499287487007678, 895575.37972694542259 ], [ 7940342.472378568723798, 895603.573834603186697 ], [ 7940346.400334239006042, 895615.071397711988539 ], [ 7940342.238731950521469, 895624.582161334343255 ], [ 7940342.727237928658724, 895652.146638654172421 ], [ 7940339.789048086851835, 895677.591980091296136 ], [ 7940342.76495230384171, 895693.387390691321343 ], [ 7940351.79716279450804, 895712.172029179055244 ], [ 7940354.486338747665286, 895722.817727851681411 ], [ 7940358.700687330216169, 895739.464923836290836 ], [ 7940360.652389103546739, 895761.206381815019995 ], [ 7940360.560890037566423, 895781.78971122065559 ], [ 7940365.277536186389625, 895807.621795222628862 ], [ 7940366.796646542847157, 895822.673973854165524 ], [ 7940375.963033886626363, 895854.119355057831854 ], [ 7940378.787938796915114, 895876.880894235800952 ], [ 7940392.626509249210358, 895896.563258463516831 ], [ 7940394.289840961806476, 895916.268967609852552 ], [ 7940394.133755114860833, 895924.71184624126181 ], [ 7940400.609563957899809, 895953.303465923760086 ], [ 7940407.290888421237469, 895979.79479845892638 ], [ 7940407.716787423938513, 895984.664008652791381 ], [ 7940408.448662265203893, 895993.02912934217602 ], [ 7940403.556787852197886, 896001.822038074955344 ], [ 7940397.12907549738884, 896011.541766140144318 ], [ 7940357.90056805126369, 896002.985058312304318 ], [ 7940337.188150689937174, 896003.791782752145082 ], [ 7940330.110815467312932, 896008.930858517531306 ], [ 7940315.274184403009713, 896043.714387619867921 ], [ 7940295.249969684518874, 896091.796592142898589 ], [ 7940291.587378769181669, 896109.230434321798384 ], [ 7940289.527342103421688, 896126.971677355002612 ], [ 7940289.335680054500699, 896143.14629747858271 ], [ 7940293.237063327804208, 896147.121338443830609 ], [ 7940300.524539570324123, 896153.686687445268035 ], [ 7940306.058678193949163, 896162.584368126001209 ], [ 7940305.831264734268188, 896169.779231299180537 ], [ 7940300.642694476991892, 896185.973924067802727 ], [ 7940297.856141906231642, 896202.986631345469505 ], [ 7940295.504529725760221, 896219.406021458562464 ], [ 7940298.413647171109915, 896231.773540346883237 ], [ 7940305.849858835339546, 896240.085434800945222 ], [ 7940316.783575918525457, 896242.299674860667437 ], [ 7940331.005512196570635, 896240.527396801393479 ], [ 7940352.014992633834481, 896236.669842858798802 ], [ 7940372.871967974118888, 896234.700164149980992 ], [ 7940385.279297768138349, 896230.792193965986371 ], [ 7940407.163491602987051, 896223.895662957802415 ], [ 7940422.190649652853608, 896213.910668154247105 ], [ 7940457.322269456461072, 896239.756532986648381 ], [ 7940545.952257759869099, 896303.441622735932469 ], [ 7940580.808880016207695, 896325.427395666949451 ], [ 7940590.402891459874809, 896327.362336383201182 ], [ 7940625.735296510159969, 896334.492917547933757 ], [ 7940666.256186110898852, 896190.872923435643315 ], [ 7941023.129365628585219, 896225.667710908222944 ], [ 7941064.671536247245967, 895772.56942892447114 ], [ 7940988.172634957358241, 895763.982677321881056 ], [ 7940974.384695380926132, 895648.814789342693985 ], [ 7940930.422980259172618, 895627.201536081265658 ], [ 7940906.730400801636279, 895627.200654696673155 ], [ 7940901.446668365038931, 895620.313127455767244 ], [ 7940891.117295192554593, 895610.993062721565366 ], [ 7940858.487316907383502, 895601.01242043916136 ], [ 7940807.157631318084896, 895591.349717231467366 ], [ 7940787.498680615797639, 895590.84871059237048 ], [ 7940780.386167446151376, 895590.897936323657632 ], [ 7940764.692812012508512, 895590.261310402769595 ], [ 7940753.174326403066516, 895590.298503885045648 ], [ 7940749.807320702821016, 895584.296760175842792 ], [ 7940751.428539343178272, 895572.164125429466367 ], [ 7940754.22472563944757, 895563.831246315967292 ], [ 7940759.663463527336717, 895553.464376861229539 ], [ 7940766.128350215032697, 895542.229918161407113 ], [ 7940773.764814519323409, 895526.746934378985316 ], [ 7940784.792346104979515, 895499.725147594232112 ], [ 7940793.615944677963853, 895473.430190832354128 ], [ 7940801.499491431750357, 895434.252082485705614 ], [ 7940804.990139425732195, 895426.770257651805878 ], [ 7940806.57378083281219, 895419.860438271425664 ], [ 7940810.584388295188546, 895408.287101895548403 ], [ 7940814.700081205926836, 895398.94261052692309 ], [ 7940820.129812089726329, 895390.766212672926486 ], [ 7940827.360500977374613, 895384.902966946363449 ], [ 7940834.80861646682024, 895382.772712993901223 ], [ 7940847.532918587327003, 895379.116523168981075 ], [ 7940856.26216356921941, 895377.900967058259994 ], [ 7940871.015902787446976, 895374.06535930885002 ], [ 7940877.704053267836571, 895359.245675828307867 ], [ 7940881.901402657851577, 895338.706038408447057 ], [ 7940888.007699531503022, 895313.207819109782577 ], [ 7940896.02655303478241, 895285.660860921721905 ], [ 7940938.412227975204587, 895126.006760156247765 ], [ 7940914.913415033370256, 895095.106530898250639 ], [ 7940892.76470320019871, 895062.453770922496915 ], [ 7940882.342894455417991, 895054.351306258700788 ], [ 7940869.216262743808329, 895054.309646739158779 ], [ 7940859.506001654081047, 895067.291401418857276 ], [ 7940840.945615511387587, 895095.749236380215734 ], [ 7940830.061372609809041, 895118.044664404820651 ], [ 7940823.909945823252201, 895137.080398296937346 ], [ 7940816.45806520152837, 895156.394791949074715 ], [ 7940808.480974249541759, 895185.252641989383847 ], [ 7940769.509460223838687, 895207.091751792468131 ], [ 7940752.429575311020017, 895223.187611930537969 ], [ 7940740.293877683579922, 895248.456371108535677 ], [ 7940738.377415660768747, 895276.669266433920711 ], [ 7940748.493971138261259, 895304.55678575951606 ], [ 7940763.206796174868941, 895328.157247883733362 ], [ 7940760.636513667181134, 895342.334787815343589 ], [ 7940761.283702185377479, 895357.822201335802674 ], [ 7940766.872906935401261, 895390.492655007168651 ], [ 7940769.682223120704293, 895426.362968098372221 ], [ 7940768.361851064488292, 895433.191449035424739 ], [ 7940760.122157199308276, 895435.274275097530335 ], [ 7940722.558017324656248, 895437.697443576995283 ], [ 7940707.524400789290667, 895440.421382707543671 ], [ 7940695.416749466210604, 895446.05408234288916 ], [ 7940699.586093777790666, 895426.353603474330157 ], [ 7940702.081305433064699, 895407.315403722692281 ], [ 7940701.880791402421892, 895387.602931546512991 ], [ 7940691.535382744856179, 895374.921079082414508 ], [ 7940668.358279727399349, 895359.860760616138577 ], [ 7940651.648550042882562, 895358.871555359568447 ], [ 7940636.040965994819999, 895362.60296514397487 ], [ 7940630.348170187324286, 895367.237222863361239 ], [ 7940628.097008218988776, 895353.635630465112627 ], [ 7940636.938061775639653, 895327.988725237548351 ], [ 7940646.513808144256473, 895303.073056870140135 ], [ 7940687.124133442528546, 895244.432132345158607 ], [ 7940702.779647786170244, 895195.608991366811097 ], [ 7940716.885986587963998, 895162.27548222290352 ], [ 7940738.601636819541454, 895099.718261640984565 ], [ 7940758.695344191044569, 895059.413087021559477 ], [ 7940768.786574900150299, 895029.337492211256176 ], [ 7940783.554521035403013, 894990.408365254290402 ], [ 7940785.321763504296541, 894966.992841343861073 ], [ 7940780.154376794584095, 894959.187233055476099 ], [ 7940769.94178886897862, 894955.518262576777488 ], [ 7940759.807935514487326, 894955.996314983814955 ], [ 7940732.591430166736245, 894958.026557472068816 ], [ 7940721.147442547604442, 894947.884864919353276 ], [ 7940716.41322014387697, 894940.951844382099807 ], [ 7940702.333523410372436, 894944.481196900364012 ], [ 7940699.933005196973681, 894932.756296711508185 ], [ 7940688.787136152386665, 894913.746437638998032 ], [ 7940678.866829359903932, 894909.206195533275604 ], [ 7940659.246354022063315, 894912.561308204196393 ], [ 7940610.805768463760614, 894919.833185035269707 ], [ 7940596.72405272256583, 894918.987065659835935 ], [ 7940582.19873782992363, 894924.548655325081199 ], [ 7940561.043580957688391, 894932.479243075475097 ], [ 7940537.194992726668715, 894925.932819075882435 ], [ 7940526.906904324889183, 894926.844307029154152 ], [ 7940511.216591524891555, 894932.984736245125532 ], [ 7940495.51643255725503, 894950.029107101727277 ], [ 7940489.669469377025962, 894967.458219460677356 ], [ 7940488.27016469836235, 894984.694821606855839 ], [ 7940491.466933674179018, 895006.381859629880637 ], [ 7940494.919024614617229, 895063.554446815513074 ], [ 7940497.087055696174502, 895090.471136360429227 ], [ 7940495.475760447792709, 895098.898703197017312 ], [ 7940489.889744214713573, 895146.737148923333734 ], [ 7940489.580227603204548, 895174.519274792168289 ], [ 7940489.857337864115834, 895189.651990277227014 ], [ 7940493.568937981501222, 895197.441470170393586 ], [ 7940499.401499954052269, 895206.184893853031099 ], [ 7940499.464413789100945, 895216.870770421810448 ], [ 7940495.080259657464921, 895221.229199922177941 ], [ 7940487.854153057560325, 895225.349212907720357 ], [ 7940484.399681631475687, 895261.04426513472572 ], [ 7940481.614667848683894, 895278.785339921247214 ], [ 7940479.271442878991365, 895288.663948243483901 ], [ 7940472.26141232997179, 895298.685667334124446 ], [ 7940467.154423285275698, 895302.304691676516086 ], [ 7940466.996124231256545, 895312.189163984265178 ], [ 7940464.991075873374939, 895321.005666085518897 ], [ 7940461.87754587829113, 895334.722040489315987 ], [ 7940460.411394875496626, 895341.986312813125551 ], [ 7940461.643665360286832, 895349.186357864178717 ], [ 7940453.09937696158886, 895357.966173578053713 ], [ 7940441.280000657774508, 895365.635117619298398 ], [ 7940431.562360817566514, 895387.352134176529944 ], [ 7940425.355705580674112, 895397.873581745196134 ], [ 7940414.474199095740914, 895408.53544707596302 ], [ 7940398.700194709934294, 895430.886757637374103 ], [ 7940386.283372268080711, 895451.940544564276934 ] ] ] } },
{ "type": "Feature", "properties": { "element": "relation", "id": 6589291, "leisure": "golf_course", "name": "Quidnessett Country Club", "addr:city": "North Kingstown", "addr:housenumber": "950", "addr:postcode": "02852", "addr:state": null, "addr:street": "North Quidnessett Road", "description": null, "golf:course": null, "golf:links": null, "golf:par": null, "phone": "+1 401 884 1100", "website": "https://www.quidnessett.com/", "opening_hours": null, "access": null, "email": null, "fax": null, "source": null, "old_name": null, "owner": null, "ownership": null, "wikidata": null, "wheelchair": null, "natural": null, "type": "multipolygon", "operator": null, "addr:country": null, "landuse": null, "wikipedia": null, "area_m2": 650328.44010669354, "lat": 41.641191938513437, "lon": -71.41488725694839, "province": "Rhode Island", "gcid": "RD00004" }, "geometry": { "type": "Polygon", "coordinates": [ [ [ 7933920.036409195512533, 879295.320311977528036 ], [ 7933916.26596640702337, 879284.539266087580472 ], [ 7933913.808703150600195, 879249.984009949956089 ], [ 7933906.233727486804128, 879226.85947886807844 ], [ 7933902.39815491810441, 879192.402404583990574 ], [ 7933905.038747219368815, 879155.667894397396594 ], [ 7933891.53559591434896, 879107.010784997139126 ], [ 7933894.86643211171031, 879088.283339741174132 ], [ 7933881.104424736462533, 879072.186007342301309 ], [ 7933877.255269077606499, 879065.595865698996931 ], [ 7933866.793268568813801, 879051.325159392785281 ], [ 7933856.854278068989515, 879052.945802974049002 ], [ 7933845.312412889674306, 879053.184173044748604 ], [ 7933837.781408553011715, 879054.589198374655098 ], [ 7933828.690604119561613, 879060.976125254295766 ], [ 7933824.219706278294325, 879059.389633475802839 ], [ 7933818.710290219634771, 879073.961830324027687 ], [ 7933804.561254828236997, 879073.404353304766119 ], [ 7933798.054049077443779, 879071.272758549079299 ], [ 7933792.056762334890664, 879068.947518512606621 ], [ 7933785.916346667334437, 879064.623612637165934 ], [ 7933778.548292485997081, 879066.931244107894599 ], [ 7933774.339215171523392, 879065.432021035812795 ], [ 7933762.214312513358891, 879076.697495231870562 ], [ 7933756.667849092744291, 879074.110479142516851 ], [ 7933754.34044142998755, 879068.245572573039681 ], [ 7933760.33147431537509, 879062.376968624535948 ], [ 7933768.814191543497145, 879048.019787174649537 ], [ 7933767.306753808632493, 879042.367456813342869 ], [ 7933759.810290032066405, 879030.708838707301766 ], [ 7933756.144978776574135, 879030.142107786145061 ], [ 7933750.332045158371329, 879031.465255322400481 ], [ 7933750.53568253852427, 879018.821391784120351 ], [ 7933761.629740372300148, 879007.430533930193633 ], [ 7933768.68315483815968, 879004.375775535590947 ], [ 7933782.45435525663197, 879001.51113373041153 ], [ 7933790.816430673003197, 878996.71114344522357 ], [ 7933795.807998624630272, 878988.413132606539875 ], [ 7933792.720148587599397, 878980.465037293266505 ], [ 7933788.212067125365138, 878979.61752604553476 ], [ 7933781.113134292885661, 878982.535935908090323 ], [ 7933775.276753578335047, 878980.73695554677397 ], [ 7933774.358834512531757, 878977.462250029202551 ], [ 7933775.239078719168901, 878974.62906898977235 ], [ 7933788.057941420003772, 878968.756945090834051 ], [ 7933795.165561446920037, 878968.131726981140673 ], [ 7933802.657420760020614, 878970.445901332888752 ], [ 7933807.974676735699177, 878976.204194005113095 ], [ 7933820.164222558960319, 878999.532851644791663 ], [ 7933823.890089549124241, 879002.700925337150693 ], [ 7933826.460394627414644, 879000.551987696439028 ], [ 7933827.013474829494953, 879015.835279136896133 ], [ 7933830.353984205052257, 879014.94874304253608 ], [ 7933831.52902858518064, 879013.304400509689003 ], [ 7933833.613149377517402, 879011.878102888353169 ], [ 7933836.266277872025967, 879010.217248146422207 ], [ 7933837.802129215560853, 879008.172039070632309 ], [ 7933839.028877029195428, 879005.963257534895092 ], [ 7933839.018492253497243, 879004.057270097080618 ], [ 7933837.932694561779499, 879002.023236047942191 ], [ 7933836.443309236317873, 879000.109219991602004 ], [ 7933835.028495724312961, 878998.353347292169929 ], [ 7933831.746410702355206, 878996.035960619337857 ], [ 7933829.587201115675271, 878994.79551991680637 ], [ 7933821.614679417572916, 878984.565637898165733 ], [ 7933817.584839277900755, 878975.406950631178916 ], [ 7933815.899051085114479, 878964.641960415057838 ], [ 7933817.518771263770759, 878959.425530038308352 ], [ 7933826.982402816414833, 878948.945649494882673 ], [ 7933835.541967832483351, 878949.119263883214444 ], [ 7933846.040284258313477, 878943.746493393555284 ], [ 7933851.965269571170211, 878938.595066898968071 ], [ 7933860.028385891579092, 878933.683384357020259 ], [ 7933861.062603891827166, 878927.932568287942559 ], [ 7933862.720929255709052, 878924.619402618613094 ], [ 7933864.167595522478223, 878922.023392948787659 ], [ 7933877.735054154880345, 878917.261156157590449 ], [ 7933896.226756183430552, 878907.486714106984437 ], [ 7933904.671675261110067, 878893.189550892915577 ], [ 7933927.636320292018354, 878853.155902631115168 ], [ 7933937.998162482865155, 878828.057833100203425 ], [ 7933955.239817034453154, 878811.722999212797731 ], [ 7933970.968031344003975, 878800.312873871065676 ], [ 7933984.58965153247118, 878791.787876963615417 ], [ 7934003.133886543102562, 878782.976217762101442 ], [ 7934026.299732409417629, 878768.506205153651536 ], [ 7934040.518223071470857, 878757.126330740284175 ], [ 7934053.948221356607974, 878748.549670549575239 ], [ 7934067.02569554746151, 878740.812909188214689 ], [ 7934075.006331123411655, 878730.202456901781261 ], [ 7934083.715293229557574, 878725.045546434819698 ], [ 7934094.090545509010553, 878724.273229329381138 ], [ 7934095.556489440612495, 878722.083526479545981 ], [ 7934100.420346877537668, 878713.706525563728064 ], [ 7934117.466726472601295, 878704.262646879069507 ], [ 7934105.518874677829444, 878672.457950345240533 ], [ 7934099.081632528454065, 878663.320822023786604 ], [ 7934095.00933441054076, 878656.28046505106613 ], [ 7934092.781763321720064, 878650.169835162814707 ], [ 7933915.496393309906125, 878495.066582346800715 ], [ 7933912.680148091167212, 878488.238902593497187 ], [ 7933882.791736698709428, 878460.480166961904615 ], [ 7933849.820754106156528, 878445.521639970131218 ], [ 7933829.735039019957185, 878428.9420908796601 ], [ 7933824.73428930900991, 878426.597598721738905 ], [ 7933811.928181620314717, 878428.935986730735749 ], [ 7933806.5177494995296, 878427.848626599647105 ], [ 7933795.322043210268021, 878407.505133691709489 ], [ 7933779.684317206032574, 878397.412349035963416 ], [ 7933767.158515934832394, 878384.199721158016473 ], [ 7933743.58558630105108, 878373.039141829125583 ], [ 7933726.19626045320183, 878361.272471218369901 ], [ 7933700.9377072006464, 878331.264449975918978 ], [ 7933690.899128715507686, 878321.801032757852226 ], [ 7933683.279610157012939, 878324.425340046174824 ], [ 7933679.020666271448135, 878322.364469538908452 ], [ 7933669.515887250192463, 878322.761246647220105 ], [ 7933659.118958813138306, 878319.067923786584288 ], [ 7933626.162033037282526, 878288.180626557674259 ], [ 7933635.542488330975175, 878279.477838705293834 ], [ 7933627.451457425951958, 878274.238107060547918 ], [ 7933622.883722996339202, 878270.402157400734723 ], [ 7933623.667435369454324, 878267.585210189688951 ], [ 7933620.05750875081867, 878265.377035839948803 ], [ 7933614.058988301083446, 878262.179398447740823 ], [ 7933606.248483452945948, 878258.71755349310115 ], [ 7933600.412695650942624, 878255.54990093735978 ], [ 7933591.365902019664645, 878243.872306460980326 ], [ 7933579.16313904710114, 878234.027681995648891 ], [ 7933562.202660436742008, 878246.301291997078806 ], [ 7933549.126406600698829, 878256.875456673558801 ], [ 7933538.222506252117455, 878265.894971148110926 ], [ 7933544.518345654942095, 878277.698357240762562 ], [ 7933543.299170589074492, 878288.974018650129437 ], [ 7933531.170141775161028, 878301.863103562500328 ], [ 7933524.073392095044255, 878312.744378314353526 ], [ 7933524.05977401137352, 878321.35569857340306 ], [ 7933516.780013147741556, 878325.608088898006827 ], [ 7933503.268803428858519, 878325.834070689044893 ], [ 7933483.534433801658452, 878339.231760430615395 ], [ 7933469.507107989862561, 878356.893196046352386 ], [ 7933427.332386075519025, 878400.358291323762387 ], [ 7933424.728759655728936, 878406.046908758115023 ], [ 7933425.607975115999579, 878417.572953038848937 ], [ 7933422.80588707793504, 878428.006242187693715 ], [ 7933417.433214350603521, 878433.875349512323737 ], [ 7933412.074017305858433, 878436.428665339015424 ], [ 7933407.246447276324034, 878435.584287819918245 ], [ 7933396.639206038787961, 878424.744582920800894 ], [ 7933382.450243450701237, 878414.396430584136397 ], [ 7933379.544683393090963, 878416.870218634139746 ], [ 7933245.715393558144569, 878561.409940071869642 ], [ 7933208.662225835956633, 878594.390355430077761 ], [ 7933162.681436099112034, 878645.336893886327744 ], [ 7933160.011542032472789, 878647.949754321482033 ], [ 7933143.771125448867679, 878657.821725289802998 ], [ 7933138.300879433751106, 878659.017348636407405 ], [ 7933120.268556968308985, 878652.624727419111878 ], [ 7933103.04864043276757, 878637.814478057436645 ], [ 7932995.120537176728249, 878540.295109513681382 ], [ 7932992.673570124432445, 878538.498827849514782 ], [ 7932989.638665240257978, 878534.919401107355952 ], [ 7932982.702993965707719, 878529.023278506007046 ], [ 7932966.827795844525099, 878544.761022001970559 ], [ 7932932.266892143525183, 878527.59469844866544 ], [ 7932912.185718956403434, 878596.750911893788725 ], [ 7932910.073375792242587, 878606.807765152305365 ], [ 7932905.57398524414748, 878619.474785790313035 ], [ 7932905.612126846797764, 878624.055710561107844 ], [ 7932909.28248792514205, 878632.523947855923325 ], [ 7932925.591329191811383, 878645.975860847625881 ], [ 7932928.303291277959943, 878656.25765679217875 ], [ 7932928.618969186209142, 878664.04514584178105 ], [ 7932927.100709913298488, 878668.386540678329766 ], [ 7932924.718153614550829, 878678.026231173891574 ], [ 7932923.547020168974996, 878682.034864083398134 ], [ 7932923.256403811275959, 878687.548410298768431 ], [ 7932926.485202009789646, 878692.101164252962917 ], [ 7932929.776794954203069, 878701.679277688730508 ], [ 7932938.865035784430802, 878713.066342996433377 ], [ 7932970.402163356542587, 878745.342289451044053 ], [ 7932977.820053534582257, 878760.899027108214796 ], [ 7932977.604714090004563, 878763.674895020201802 ], [ 7932972.226146821863949, 878766.5612125210464 ], [ 7932964.827779195271432, 878762.110452495981008 ], [ 7932955.001357519999146, 878760.038068327587098 ], [ 7932948.440375107340515, 878763.500069668050855 ], [ 7932946.652907535433769, 878767.557926943060011 ], [ 7932947.862882236018777, 878770.202522099483758 ], [ 7932955.916732840240002, 878782.347898713313043 ], [ 7932978.247393195517361, 878793.818687917198986 ], [ 7932989.818689538165927, 878804.954287224914879 ], [ 7932997.498312529176474, 878818.332293909043074 ], [ 7933000.227935447357595, 878830.716344654094428 ], [ 7933016.010439850389957, 878836.274749770760536 ], [ 7933039.382884902879596, 878854.0060705691576 ], [ 7933054.578126180917025, 878878.332732697948813 ], [ 7933059.121278567239642, 878891.466180166695267 ], [ 7933064.273535328917205, 878899.495067667216063 ], [ 7933085.428807495161891, 878904.504281777888536 ], [ 7933090.325265998952091, 878908.824927542824298 ], [ 7933099.551907774992287, 878923.178828026168048 ], [ 7933111.849789887666702, 878936.798518750350922 ], [ 7933116.9384053517133, 878947.993171487934887 ], [ 7933116.671537771821022, 878954.799095920287073 ], [ 7933102.735205609351397, 878950.848700200673193 ], [ 7933102.993902773596346, 878960.907455543521792 ], [ 7933108.151507313363254, 878966.272375507745892 ], [ 7933120.753215477801859, 878975.376572311855853 ], [ 7933127.938808314502239, 878963.761842423584312 ], [ 7933137.41765614412725, 878960.108560667838901 ], [ 7933144.86991230212152, 878960.821222500409931 ], [ 7933160.015797157771885, 878981.145323121920228 ], [ 7933193.013316811993718, 878998.084341323468834 ], [ 7933205.183170380070806, 879010.449974164832383 ], [ 7933213.768141632899642, 879011.636934590991586 ], [ 7933232.499969569966197, 879026.951491183135659 ], [ 7933253.634626320563257, 879034.450880126096308 ], [ 7933257.842971708625555, 879033.332047982141376 ], [ 7933273.263636557385325, 879025.211439561564475 ], [ 7933281.092370450496674, 879026.594989667646587 ], [ 7933299.616881155408919, 879045.451820484828204 ], [ 7933304.405203152447939, 879054.026332709938288 ], [ 7933318.575717722997069, 879054.407971465028822 ], [ 7933327.158484865911305, 879057.593792290892452 ], [ 7933328.642713339067996, 879056.985446435865015 ], [ 7933335.119936835952103, 879052.575101802591234 ], [ 7933344.313420921564102, 879051.989801738876849 ], [ 7933348.09635148756206, 879047.481830122880638 ], [ 7933348.668157905340195, 879037.796463964041322 ], [ 7933364.967372918501496, 879040.547318942379206 ], [ 7933364.621726294979453, 879039.72937269648537 ], [ 7933360.858310719020665, 879039.239281352143735 ], [ 7933354.786773174069822, 879038.174299678765237 ], [ 7933347.627941688522696, 879036.662355074193329 ], [ 7933344.511743504554033, 879036.193964183796197 ], [ 7933342.185425405390561, 879035.56454614829272 ], [ 7933339.21817893628031, 879034.648949772119522 ], [ 7933337.346164220012724, 879033.3105019913055 ], [ 7933335.531421359628439, 879031.991130604408681 ], [ 7933333.569190887734294, 879029.859230281319469 ], [ 7933331.407479360699654, 879026.279488572385162 ], [ 7933330.877395234070718, 879022.576724730432034 ], [ 7933331.366373827680945, 879019.116436970885843 ], [ 7933332.77260216884315, 879015.876831831876189 ], [ 7933335.395484526641667, 879014.060329951345921 ], [ 7933337.07287747040391, 879011.807740263640881 ], [ 7933339.359299074858427, 879009.527764717116952 ], [ 7933341.214008314535022, 879007.479644080623984 ], [ 7933341.9976278943941, 879004.44466294394806 ], [ 7933342.304837167263031, 879001.093475567176938 ], [ 7933341.277825450524688, 878998.47330616787076 ], [ 7933340.784403585828841, 878995.861212686635554 ], [ 7933340.39181830175221, 878993.028235536534339 ], [ 7933339.599966485053301, 878989.456396878696978 ], [ 7933338.95752814784646, 878987.073375423438847 ], [ 7933337.855584111064672, 878983.095316362567246 ], [ 7933337.69037839025259, 878980.725834439974278 ], [ 7933338.354802953079343, 878977.311858012340963 ], [ 7933339.410312816500664, 878974.63401740975678 ], [ 7933340.431294431909919, 878972.005264132283628 ], [ 7933341.626688771881163, 878968.962015638127923 ], [ 7933342.5240573938936, 878966.376913321670145 ], [ 7933343.125325486063957, 878964.626243843697011 ], [ 7933343.248845649883151, 878964.255386244505644 ], [ 7933344.168199084699154, 878962.259249977767467 ], [ 7933345.141068656928837, 878959.856822222471237 ], [ 7933346.628234411589801, 878956.728987034410238 ], [ 7933348.052880452014506, 878954.307383823674172 ], [ 7933349.555838137865067, 878952.360214416403323 ], [ 7933353.441398337483406, 878947.462272570468485 ], [ 7933358.968008860945702, 878940.311743252445012 ], [ 7933363.318973630666733, 878935.326458577997983 ], [ 7933365.988620356656611, 878931.62305702874437 ], [ 7933368.656281880103052, 878927.3252302412875 ], [ 7933371.348321211524308, 878925.628693766891956 ], [ 7933373.666956396773458, 878924.643904478289187 ], [ 7933375.692019326612353, 878923.803688225336373 ], [ 7933378.442438142374158, 878922.805185092613101 ], [ 7933380.905170702375472, 878920.268864425364882 ], [ 7933382.139938577078283, 878918.171778975520283 ], [ 7933383.596320020034909, 878915.409330404829234 ], [ 7933385.236648416146636, 878913.786618822254241 ], [ 7933387.028833374381065, 878912.335662733297795 ], [ 7933389.523507738485932, 878910.221980372443795 ], [ 7933391.963781099766493, 878908.599119938910007 ], [ 7933394.028723021969199, 878907.31171802058816 ], [ 7933396.809956789948046, 878905.947834749240428 ], [ 7933399.968603355810046, 878905.170129242353141 ], [ 7933403.057246152311563, 878904.356990952510387 ], [ 7933405.996751498430967, 878903.336650408338755 ], [ 7933409.35271667316556, 878902.757964828517288 ], [ 7933412.126142551191151, 878902.700193595606834 ], [ 7933415.271514492109418, 878903.19042843952775 ], [ 7933418.769872281700373, 878904.694944355171174 ], [ 7933422.278394374065101, 878906.796614601276815 ], [ 7933425.929792783223093, 878909.479054720606655 ], [ 7933428.176481287926435, 878911.221028933767229 ], [ 7933430.10138364136219, 878913.001236202195287 ], [ 7933433.742146260105073, 878916.698026576079428 ], [ 7933435.566503833979368, 878919.789810098242015 ], [ 7933436.564329294487834, 878922.060996365733445 ], [ 7933439.091098139062524, 878927.519454646389931 ], [ 7933440.345575943589211, 878930.930367133114487 ], [ 7933441.398665719665587, 878935.873735397588462 ], [ 7933442.404194634407759, 878939.75914156017825 ], [ 7933457.101754181087017, 878941.479847255628556 ], [ 7933469.538909116759896, 878934.268224012572318 ], [ 7933474.869388459250331, 878934.092797442805022 ], [ 7933478.719222046434879, 878927.692506298422813 ], [ 7933487.178261501714587, 878922.900203502271324 ], [ 7933493.18146226555109, 878898.95574996015057 ], [ 7933496.223946812562644, 878895.388668346218765 ], [ 7933509.027925167232752, 878892.91610814165324 ], [ 7933519.290726544335485, 878895.643880102783442 ], [ 7933530.887623130343854, 878893.52059126412496 ], [ 7933536.246876636520028, 878895.41480996273458 ], [ 7933553.596002398058772, 878889.148731461260468 ], [ 7933562.871845321729779, 878892.820196033921093 ], [ 7933572.97780929505825, 878897.192321313079447 ], [ 7933578.228472735732794, 878901.049851997289807 ], [ 7933584.583645466715097, 878905.057190886698663 ], [ 7933589.128473602235317, 878910.897177497856319 ], [ 7933590.52497379668057, 878915.409717963542789 ], [ 7933593.767273487523198, 878925.432715377770364 ], [ 7933591.481239957734942, 878933.468745462596416 ], [ 7933596.330616810359061, 878950.619174228049815 ], [ 7933576.250015477649868, 878982.98573247063905 ], [ 7933550.814372933469713, 879025.807352419011295 ], [ 7933549.216765027493238, 879027.601781351026148 ], [ 7933548.024776265025139, 879030.197802059818059 ], [ 7933542.132986404001713, 879039.371397055219859 ], [ 7933537.857298152521253, 879048.004847604315728 ], [ 7933527.893885189667344, 879052.756359899882227 ], [ 7933522.384253739379346, 879063.29325337940827 ], [ 7933518.633517322130501, 879077.336408547591418 ], [ 7933513.490299601107836, 879091.848770810756832 ], [ 7933517.909659464843571, 879094.653840597718954 ], [ 7933523.347634186968207, 879088.479708390776068 ], [ 7933529.107333973050117, 879085.73299899790436 ], [ 7933533.05003510043025, 879087.131176966708153 ], [ 7933536.009056994691491, 879091.727939921896905 ], [ 7933534.351126505061984, 879103.390322043094784 ], [ 7933525.772570882923901, 879117.218790336046368 ], [ 7933528.101769835688174, 879129.954845243133605 ], [ 7933527.368375757709146, 879134.448563034646213 ], [ 7933525.052787720225751, 879136.706636220216751 ], [ 7933520.983087613247335, 879136.235562545247376 ], [ 7933518.283323769457638, 879132.306818390730768 ], [ 7933516.003876300528646, 879118.630051634740084 ], [ 7933513.380805626511574, 879112.424498446751386 ], [ 7933509.080901302397251, 879111.089107420761138 ], [ 7933505.055454610846937, 879113.213860626798123 ], [ 7933504.296482505276799, 879120.813300804700702 ], [ 7933500.435623470693827, 879119.442398490384221 ], [ 7933490.374187236651778, 879120.586536187212914 ], [ 7933481.476292252540588, 879114.472022605594248 ], [ 7933468.520570810884237, 879115.463990041054785 ], [ 7933458.530957539565861, 879127.416807551402599 ], [ 7933440.048692966811359, 879118.121957083232701 ], [ 7933429.989294399507344, 879109.354659046046436 ], [ 7933417.890955061651766, 879103.979756813496351 ], [ 7933415.560286529362202, 879103.991080652456731 ], [ 7933410.635329650714993, 879107.452145448885858 ], [ 7933409.824984163045883, 879116.27043066592887 ], [ 7933408.048290728591383, 879121.276964976917952 ], [ 7933403.056757324375212, 879120.353517058771104 ], [ 7933390.109295815229416, 879121.348395264707506 ], [ 7933381.605472827330232, 879130.997005207464099 ], [ 7933371.348782301880419, 879149.646751580294222 ], [ 7933372.558690921403468, 879160.204264995176345 ], [ 7933372.806927128694952, 879174.440250940155238 ], [ 7933375.691091134212911, 879181.253702705260366 ], [ 7933386.786448236554861, 879189.420808013528585 ], [ 7933388.151189799420536, 879190.80844081286341 ], [ 7933387.395224442705512, 879195.561188442632556 ], [ 7933378.623904855921865, 879200.528086392674595 ], [ 7933366.242838303558528, 879201.214778159279376 ], [ 7933361.9873988898471, 879202.802501705475152 ], [ 7933357.103543019853532, 879210.179087752941996 ], [ 7933346.901998747140169, 879213.409402932506055 ], [ 7933345.931456996127963, 879214.358471309300512 ], [ 7933348.597305133938789, 879220.626597803086042 ], [ 7933355.535518649034202, 879220.562574632931501 ], [ 7933357.630884982645512, 879217.710075645241886 ], [ 7933398.953817598521709, 879235.000527112279087 ], [ 7933426.15325861889869, 879242.654946421273053 ], [ 7933476.657680652104318, 879245.179453317075968 ], [ 7933489.151207531802356, 879235.696733108256012 ], [ 7933500.916406508535147, 879236.695521005429327 ], [ 7933507.256369987502694, 879235.862867056392133 ], [ 7933518.937085870653391, 879240.989906729198992 ], [ 7933518.184858350083232, 879246.713331708218902 ], [ 7933520.062485948204994, 879253.19163213390857 ], [ 7933519.923494976013899, 879261.494396058376878 ], [ 7933518.657512897625566, 879270.451735511422157 ], [ 7933519.162915288470685, 879282.495390754658729 ], [ 7933530.654284963384271, 879286.880827365908772 ], [ 7933544.469789155758917, 879294.876055692788213 ], [ 7933549.721496662124991, 879297.36471739038825 ], [ 7933558.771048915572464, 879300.512673331424594 ], [ 7933567.0101178875193, 879300.991348517592996 ], [ 7933572.364935902878642, 879301.151436437852681 ], [ 7933576.95178400631994, 879301.843343280255795 ], [ 7933580.590646800585091, 879302.898039226885885 ], [ 7933582.959119994193316, 879305.638006840832531 ], [ 7933585.30479871109128, 879312.32075158925727 ], [ 7933586.998586716130376, 879318.313740103039891 ], [ 7933588.288471258245409, 879327.128892184700817 ], [ 7933593.016558518633246, 879333.890367809217423 ], [ 7933598.20758845936507, 879337.679708707612008 ], [ 7933606.853577621281147, 879341.274979114066809 ], [ 7933618.744106768630445, 879342.497614087536931 ], [ 7933626.84599675051868, 879343.5244668321684 ], [ 7933633.828358306549489, 879346.165672229137272 ], [ 7933643.200680932961404, 879350.172633433248848 ], [ 7933652.045606140978634, 879353.252611643634737 ], [ 7933663.958618877455592, 879357.900047310627997 ], [ 7933681.220216498710215, 879368.29193763108924 ], [ 7933722.849344071000814, 879382.779169359244406 ], [ 7933727.048320547677577, 879390.091612773481756 ], [ 7933723.657187527045608, 879401.334065287839621 ], [ 7933727.736561197787523, 879400.875512162223458 ], [ 7933731.297537285834551, 879403.855351120233536 ], [ 7933735.084492024965584, 879420.0704101100564 ], [ 7933770.010692938230932, 879409.579780382104218 ], [ 7933773.517101734876633, 879412.505121251568198 ], [ 7933775.00171459838748, 879419.2889155857265 ], [ 7933784.831001216545701, 879422.769834939390421 ], [ 7933791.737493567168713, 879423.592571691609919 ], [ 7933795.598653629422188, 879428.126624519005418 ], [ 7933803.543824261054397, 879427.332356302533299 ], [ 7933805.868793272413313, 879431.730238537304103 ], [ 7933812.765895207412541, 879458.46996878972277 ], [ 7933833.115507694892585, 879456.428454445675015 ], [ 7933835.328604482114315, 879460.643669915385544 ], [ 7933838.828038098290563, 879477.393238553311676 ], [ 7933843.677522870711982, 879478.415286327246577 ], [ 7933854.113369970582426, 879472.682883585803211 ], [ 7933862.845151346176863, 879462.517089625354856 ], [ 7933879.479492138139904, 879476.045348584651947 ], [ 7933886.894663371145725, 879487.071348750498146 ], [ 7933884.445587541908026, 879503.341550515033305 ], [ 7933886.291379711590707, 879513.650898189283907 ], [ 7933893.659419032745063, 879519.935235262382776 ], [ 7933903.791084047406912, 879522.644709140993655 ], [ 7933914.692139427177608, 879521.817664840724319 ], [ 7933916.360994435846806, 879521.828440768178552 ], [ 7933916.565566152334213, 879522.223790472373366 ], [ 7933926.806901264935732, 879445.851802335586399 ], [ 7933935.432634374126792, 879369.280549624469131 ], [ 7933937.433639959432185, 879347.589604892767966 ], [ 7933938.753112208098173, 879327.452899515163153 ], [ 7933938.054939036257565, 879321.173382857814431 ], [ 7933929.851003922522068, 879319.360778375994414 ], [ 7933928.000706748105586, 879310.455547683872283 ], [ 7933927.241346401162446, 879302.531836062204093 ], [ 7933922.532699294388294, 879296.503494181670249 ], [ 7933920.036409195512533, 879295.320311977528036 ] ], [ [ 7933780.554187883622944, 878499.676143912598491 ], [ 7933788.238643663935363, 878498.90351839736104 ], [ 7933793.29534834716469, 878499.933642168994993 ], [ 7933797.222802731208503, 878503.9443110791035 ], [ 7933802.49983727093786, 878513.372995447833091 ], [ 7933805.893710705451667, 878524.852463262621313 ], [ 7933807.861153809353709, 878536.220294787082821 ], [ 7933805.686320442706347, 878542.366771517787129 ], [ 7933802.524178183637559, 878544.791273526381701 ], [ 7933795.580999825149775, 878543.229636589530855 ], [ 7933780.293434754945338, 878524.855533824767917 ], [ 7933775.167320858687162, 878522.505655359011143 ], [ 7933757.140393872745335, 878524.498477314598858 ], [ 7933749.191621544770896, 878522.517101750243455 ], [ 7933739.576379318721592, 878513.339912105817348 ], [ 7933725.898495626635849, 878504.760447169654071 ], [ 7933723.675752733834088, 878498.033707115333527 ], [ 7933723.967467199079692, 878494.265218208078295 ], [ 7933731.359078782610595, 878486.402843491174281 ], [ 7933747.691447135061026, 878480.791657485533506 ], [ 7933761.687272380106151, 878484.78737509297207 ], [ 7933762.680922023020685, 878484.779069013893604 ], [ 7933774.127893690019846, 878496.808331142179668 ], [ 7933780.554187883622944, 878499.676143912598491 ] ], [ [ 7933850.427242901176214, 878608.276725263800472 ], [ 7933852.27349716797471, 878611.630488215014338 ], [ 7933855.591112714260817, 878620.745816172566265 ], [ 7933857.093900099396706, 878624.857665012124926 ], [ 7933858.907796305604279, 878629.836601537652314 ], [ 7933860.766258925199509, 878634.927331494167447 ], [ 7933865.68153646029532, 878638.128073020838201 ], [ 7933866.198579579591751, 878641.051142373587936 ], [ 7933867.458414119668305, 878648.184302760753781 ], [ 7933868.947625337168574, 878656.593575682491064 ], [ 7933869.505622556433082, 878659.748415664769709 ], [ 7933878.312168251723051, 878660.791875266935676 ], [ 7933884.43469229247421, 878660.068657280411571 ], [ 7933891.068112335167825, 878659.285405929666013 ], [ 7933898.286936145275831, 878658.27305460581556 ], [ 7933907.646588129922748, 878656.919657177757472 ], [ 7933912.850029673427343, 878656.144749894272536 ], [ 7933922.117309097200632, 878656.323844024911523 ], [ 7933936.093201679177582, 878654.375623928848654 ], [ 7933941.713541388511658, 878660.125927046872675 ], [ 7933961.542153438553214, 878658.128169023897499 ], [ 7933984.373379893600941, 878659.724154447671026 ], [ 7933991.571993355639279, 878670.423519973177463 ], [ 7933991.604609675705433, 878674.227397052571177 ], [ 7933987.398920783773065, 878686.059295498300344 ], [ 7933987.238898484036326, 878716.580277440138161 ], [ 7933983.83193168323487, 878722.304079426918179 ], [ 7933963.174347575753927, 878728.400153651367873 ], [ 7933950.020932702347636, 878724.33291781693697 ], [ 7933947.350601091980934, 878722.607095736544579 ], [ 7933939.956309890374541, 878723.354887152090669 ], [ 7933932.409679980017245, 878717.411172039806843 ], [ 7933932.157570810988545, 878707.608398494310677 ], [ 7933925.168634213507175, 878707.958065201062709 ], [ 7933933.421330183744431, 878720.923180034849793 ], [ 7933931.961568918079138, 878730.434334908146411 ], [ 7933914.930924431420863, 878738.87801546510309 ], [ 7933905.755720693618059, 878751.901978877838701 ], [ 7933888.519563625566661, 878759.598604275844991 ], [ 7933875.476151466369629, 878767.589347070083022 ], [ 7933870.661730216816068, 878767.633459252305329 ], [ 7933863.343619231134653, 878763.050495026633143 ], [ 7933854.595824787393212, 878751.653477252926677 ], [ 7933809.97597779892385, 878775.433037491049618 ], [ 7933799.586514313705266, 878776.467657459434122 ], [ 7933791.602531751617789, 878773.965399218257517 ], [ 7933781.118063411675394, 878769.091157041024417 ], [ 7933776.975367894396186, 878757.132030882872641 ], [ 7933759.64638554584235, 878763.198449295014143 ], [ 7933743.684757106006145, 878758.256782505195588 ], [ 7933741.713304690085351, 878755.770214969292283 ], [ 7933740.450791436247528, 878748.999802879057825 ], [ 7933731.490953348577023, 878730.079866191837937 ], [ 7933730.197131927125156, 878721.820633817464113 ], [ 7933734.214613020420074, 878715.682150909211487 ], [ 7933744.709664590656757, 878711.301622543483973 ], [ 7933748.597482903860509, 878706.452926378231496 ], [ 7933761.535099992528558, 878701.480410031974316 ], [ 7933766.732202884741127, 878701.188010678626597 ], [ 7933770.508263345807791, 878696.48385774390772 ], [ 7933782.093255443498492, 878691.642432851251215 ], [ 7933781.180845264345407, 878685.376396041829139 ], [ 7933778.322738292627037, 878681.758296560961753 ], [ 7933777.862267846241593, 878672.334587153047323 ], [ 7933780.633323249407113, 878661.915208350401372 ], [ 7933778.622086903080344, 878642.001719171181321 ], [ 7933783.077497713267803, 878634.603403246495873 ], [ 7933780.611005981452763, 878634.011985581368208 ], [ 7933775.283632289618254, 878640.780520684085786 ], [ 7933768.812013313174248, 878641.351206890307367 ], [ 7933749.920100188814104, 878633.034118016250432 ], [ 7933743.518857921473682, 878627.908564217854291 ], [ 7933742.959955966100097, 878621.48159122094512 ], [ 7933753.373339908197522, 878595.733894139528275 ], [ 7933738.446466606110334, 878590.058608740568161 ], [ 7933734.216123353689909, 878585.183645487297326 ], [ 7933736.095139553770423, 878567.426498756278306 ], [ 7933743.537970699369907, 878543.391516030300409 ], [ 7933746.814379694871604, 878540.023493194952607 ], [ 7933752.964164404198527, 878539.054692630656064 ], [ 7933767.025297876447439, 878543.072232842445374 ], [ 7933772.166942251846194, 878542.264461400453001 ], [ 7933779.492121458053589, 878544.534989879000932 ], [ 7933786.108354740776122, 878547.405511219520122 ], [ 7933789.981204417534173, 878551.361637519206852 ], [ 7933815.940066801384091, 878560.651534123811871 ], [ 7933819.150185713544488, 878564.714103186968714 ], [ 7933819.713573667220771, 878571.045674903783947 ], [ 7933816.381048765033484, 878590.3545316089876 ], [ 7933814.295744828879833, 878594.67674646852538 ], [ 7933810.207777542993426, 878599.252783551346511 ], [ 7933814.752835307270288, 878608.776962912175804 ], [ 7933817.51016859523952, 878609.041147617157549 ], [ 7933822.294539920985699, 878604.612287058960646 ], [ 7933838.868223490193486, 878601.032880169339478 ], [ 7933840.279349528253078, 878601.927115096244961 ], [ 7933841.893233467824757, 878602.949487740639597 ], [ 7933843.850807236507535, 878604.195420868694782 ], [ 7933847.279422286897898, 878605.992008394096047 ], [ 7933850.427242901176214, 878608.276725263800472 ] ] ] } },
{ "type": "Feature", "properties": { "element": "way", "id": 141565047, "leisure": "golf_course", "name": "Green Valley Country Club", "addr:city": "Portsmouth", "addr:housenumber": "371", "addr:postcode": "02871", "addr:state": null, "addr:street": "Union Street", "description": null, "golf:course": null, "golf:links": null, "golf:par": null, "phone": "+1 401-847-9543", "website": "https://www.greenvalleyccofri.com/", "opening_hours": null, "access": null, "email": null, "fax": null, "source": null, "old_name": null, "owner": null, "ownership": null, "wikidata": null, "wheelchair": null, "natural": null, "type": null, "operator": null, "addr:country": null, "landuse": null, "wikipedia": null, "area_m2": 626910.77394660469, "lat": 41.564229814109126, "lon": -71.267958263267957, "province": "Rhode Island", "gcid": "RD00031" }, "geometry": { "type": "Polygon", "coordinates": [ [ [ 7947688.158591068349779, 875225.309330738615245 ], [ 7947665.433492187410593, 875212.891400433611125 ], [ 7947650.503209406509995, 875188.59243134316057 ], [ 7947644.194761103950441, 875153.721022085286677 ], [ 7947666.812578824348748, 875074.292928441427648 ], [ 7947807.46909913700074, 874893.774836862459779 ], [ 7947870.921790358610451, 874822.056121212430298 ], [ 7947901.593892681412399, 874788.457288709934801 ], [ 7947904.545931801199913, 874785.226170053239912 ], [ 7947910.761865057982504, 874766.785475415643305 ], [ 7947822.635172512382269, 874581.429613064508885 ], [ 7947815.904062955640256, 874538.226666905451566 ], [ 7947823.434447805397213, 874517.849053879268467 ], [ 7947846.210397395305336, 874497.734610786195844 ], [ 7947878.990335585549474, 874491.386205541435629 ], [ 7947913.900310882367194, 874437.177269286010414 ], [ 7947890.36989582143724, 874374.445695208851248 ], [ 7947890.18656743876636, 874343.848572447896004 ], [ 7947897.292134674265981, 874333.045726775191724 ], [ 7947915.242493069730699, 874334.726084744092077 ], [ 7947969.220598118379712, 874438.381064810790122 ], [ 7948014.845347354188561, 874463.155086540151387 ], [ 7948072.744894403964281, 874394.557312380056828 ], [ 7948071.612309847958386, 874334.645961352158338 ], [ 7948019.563309189863503, 874172.129794421605766 ], [ 7948017.215902203693986, 874151.239472241140902 ], [ 7948050.791464095935225, 874132.589341240003705 ], [ 7948119.170451860874891, 874098.746546398848295 ], [ 7948260.182273840531707, 874048.831893628463149 ], [ 7948352.887912940233946, 874059.369992868509144 ], [ 7948516.803707245737314, 874079.799186585005373 ], [ 7948509.757142104208469, 874130.246092334855348 ], [ 7948625.723291227594018, 874146.388994776178151 ], [ 7948830.892744305543602, 874171.298618992324919 ], [ 7948848.76623032707721, 874173.865834733936936 ], [ 7948856.409005753695965, 874239.800594829954207 ], [ 7949010.339180490002036, 874228.806155422702432 ], [ 7949056.874419356696308, 874140.938589424826205 ], [ 7949383.599659877829254, 874141.191062336787581 ], [ 7949357.389294734224677, 874188.382971487473696 ], [ 7949324.651771353557706, 874241.172145213466138 ], [ 7949313.791280104778707, 874261.924384723883122 ], [ 7949280.192263361997902, 874317.578621604945511 ], [ 7949230.711337400600314, 874396.484332517720759 ], [ 7949208.736282259225845, 874428.354537408798933 ], [ 7948968.138362046331167, 874428.875875412486494 ], [ 7948932.111703963950276, 874428.268741529900581 ], [ 7948856.230801293626428, 874423.610406497959048 ], [ 7948654.671803152188659, 874350.432346006389707 ], [ 7948571.586335093714297, 874513.539651903323829 ], [ 7948511.733368646353483, 874456.152508259285241 ], [ 7948435.488534174859524, 874550.60648281686008 ], [ 7948413.567214448936284, 874530.218016538769007 ], [ 7948130.966185515746474, 874892.371575373690575 ], [ 7948060.836150009185076, 874927.890581115148962 ], [ 7948003.19698821939528, 874875.243794614449143 ], [ 7947970.371406939812005, 874912.134923526551574 ], [ 7947909.202782910317183, 874980.870420418214053 ], [ 7947688.158591068349779, 875225.309330738615245 ] ] ] } },
{ "type": "Feature", "properties": { "element": "way", "id": 442672624, "leisure": "golf_course", "name": "Fenner Hill Country Club", "addr:city": "Hope Valley", "addr:housenumber": "33", "addr:postcode": "02832", "addr:state": null, "addr:street": "Wheeler Lane", "description": null, "golf:course": null, "golf:links": null, "golf:par": null, "phone": "+1 401 539 8000", "website": "https://fennerhill.com/", "opening_hours": "06:00-dusk", "access": null, "email": null, "fax": null, "source": null, "old_name": null, "owner": null, "ownership": null, "wikidata": null, "wheelchair": null, "natural": null, "type": null, "operator": null, "addr:country": null, "landuse": null, "wikipedia": null, "area_m2": 622743.441929847, "lat": 41.494060229130184, "lon": -71.723208074268797, "province": "Rhode Island", "gcid": "RD00050" }, "geometry": { "type": "Polygon", "coordinates": [ [ [ 7913433.198649365454912, 853776.189225926063955 ], [ 7913389.065532382577658, 853745.334815031848848 ], [ 7913362.408891377970576, 853734.663720594719052 ], [ 7913343.687138797715306, 853730.951377974357456 ], [ 7913337.029845548793674, 853740.878155456390232 ], [ 7913270.467337008565664, 853887.660246676765382 ], [ 7913162.022652428597212, 854111.793558083474636 ], [ 7913060.806623748503625, 854328.848478437867016 ], [ 7913062.665466880425811, 854339.373520642984658 ], [ 7913097.381024373695254, 854472.330808989703655 ], [ 7913103.321971090510488, 854475.730169591493905 ], [ 7913166.611582553014159, 854482.906055150553584 ], [ 7913169.490322710946202, 854476.34258397994563 ], [ 7913173.670052635483444, 854431.691197856329381 ], [ 7913170.572288081049919, 854381.023037642706186 ], [ 7913175.06112059764564, 854374.018455883022398 ], [ 7913181.749448110349476, 854369.913890300318599 ], [ 7913205.002080726437271, 854374.626699709799141 ], [ 7913249.469736946746707, 854384.353609955869615 ], [ 7913347.418201823718846, 854420.806973244994879 ], [ 7913370.260483431629837, 854429.74488661531359 ], [ 7913385.065276091918349, 854437.986369446385652 ], [ 7913444.861785193905234, 854505.080159201286733 ], [ 7913440.040788602083921, 854541.736667853780091 ], [ 7913439.489256335422397, 854570.142364184837788 ], [ 7913392.442420603707433, 854685.512520316522568 ], [ 7913395.345382650382817, 854706.320435430854559 ], [ 7913410.727980325929821, 854736.545419120695442 ], [ 7913509.991759208030999, 854798.631284482777119 ], [ 7913549.742176057770848, 854849.435252744704485 ], [ 7913589.147389587946236, 854916.120949621777982 ], [ 7913653.909630546346307, 854948.486807835288346 ], [ 7913703.815775565803051, 854965.329141969792545 ], [ 7913748.918248577043414, 854961.22476053237915 ], [ 7913787.274206396192312, 854952.487618234008551 ], [ 7913853.886046715080738, 854964.382528451271355 ], [ 7913881.682843831367791, 854961.144488542340696 ], [ 7913893.19353081099689, 854955.71577185858041 ], [ 7913900.403282389044762, 854952.993877355474979 ], [ 7913915.131470178253949, 854937.722693351097405 ], [ 7913927.430052138864994, 854917.28401697659865 ], [ 7913941.146236503496766, 854879.886492770165205 ], [ 7913980.571956216357648, 854818.212994073517621 ], [ 7914042.567785593681037, 854796.352181824389845 ], [ 7914067.888033661060035, 854748.107643810100853 ], [ 7914089.680266293697059, 854710.402958993799984 ], [ 7914064.312840042635798, 854674.818793061655015 ], [ 7913994.397401900961995, 854563.266586533281952 ], [ 7913837.895038206130266, 854304.698535008355975 ], [ 7913781.899888209998608, 854209.361945776734501 ], [ 7913761.119294383563101, 854181.434558486100286 ], [ 7913740.169804353266954, 854150.049562353640795 ], [ 7913714.858264753594995, 854116.278588898014277 ], [ 7913697.699343365617096, 854086.354111090768129 ], [ 7913676.544593906030059, 854049.453620139975101 ], [ 7913649.042917284183204, 854008.778184206690639 ], [ 7913609.064191692508757, 853951.918255404569209 ], [ 7913522.118231486529112, 853862.935138526838273 ], [ 7913489.283410738222301, 853826.470681401900947 ], [ 7913459.094207192771137, 853795.934557454194874 ], [ 7913433.198649365454912, 853776.189225926063955 ] ] ] } },
{ "type": "Feature", "properties": { "element": "way", "id": 308666849, "leisure": "golf_course", "name": "Laurel Lane Country Club", "addr:city": "West Kingston", "addr:housenumber": "309", "addr:postcode": "02892", "addr:state": null, "addr:street": "Laurel Lane", "description": null, "golf:course": "18", "golf:links": null, "golf:par": "70", "phone": "+1 401-783-3844", "website": "https://laurellanecountryclub.com/", "opening_hours": null, "access": null, "email": null, "fax": null, "source": null, "old_name": null, "owner": null, "ownership": null, "wikidata": null, "wheelchair": null, "natural": null, "type": null, "operator": null, "addr:country": null, "landuse": null, "wikipedia": null, "area_m2": 622384.60988189001, "lat": 41.490274002054257, "lon": -71.602399306826428, "province": "Rhode Island", "gcid": "RD00043" }, "geometry": { "type": "Polygon", "coordinates": [ [ [ 7923998.425267554819584, 857692.285825129598379 ], [ 7923997.75407315697521, 857757.659888722002506 ], [ 7923973.029137969017029, 857799.965139726176858 ], [ 7923791.753777020610869, 857766.028580945916474 ], [ 7923769.341923610307276, 857746.156081582419574 ], [ 7923775.568899108096957, 857715.267636482603848 ], [ 7923782.511163116432726, 857694.222878451924771 ], [ 7923777.11061436496675, 857676.048766945954412 ], [ 7923716.445687947794795, 857621.967776771169156 ], [ 7923654.879462783224881, 857582.105059491936117 ], [ 7923622.609888128936291, 857591.645698186941445 ], [ 7923593.883468308486044, 857619.995432630181313 ], [ 7923546.071910374797881, 857626.615034683141857 ], [ 7923527.703948001377285, 857624.058127496391535 ], [ 7923448.926806193776429, 857601.855926380492747 ], [ 7923380.044017199426889, 857584.178123181220144 ], [ 7923264.655108785256743, 857492.514280042145401 ], [ 7923217.038530115038157, 857466.39288210356608 ], [ 7923190.43393031693995, 857462.599251707550138 ], [ 7923173.775309978984296, 857465.853277287911624 ], [ 7923120.245952229015529, 857460.038852261845022 ], [ 7923099.580977919511497, 857428.61884259339422 ], [ 7923095.601109404116869, 857396.073513496667147 ], [ 7923099.558383635245264, 857379.568962043616921 ], [ 7923105.394090227782726, 857372.976162815932184 ], [ 7923126.526766059920192, 857358.391264021396637 ], [ 7923162.100813289172947, 857338.851803003344685 ], [ 7923179.648371810093522, 857285.248656125273556 ], [ 7923197.377804720774293, 857233.801282223314047 ], [ 7923243.30241425242275, 857129.086873576976359 ], [ 7923269.52921599149704, 857128.284970812499523 ], [ 7923310.222250218503177, 857131.599235185887665 ], [ 7923349.490349447354674, 857120.256623952183872 ], [ 7923357.111779815517366, 857118.056943615432829 ], [ 7923373.234920078888535, 857102.535039680544287 ], [ 7923394.211857964284718, 857082.350009941961616 ], [ 7923407.83379037398845, 857066.015402635093778 ], [ 7923404.975114066153765, 857057.888151172082871 ], [ 7923355.824260218068957, 856995.132000000681728 ], [ 7923326.748975898139179, 856954.758738677017391 ], [ 7923281.229770806618035, 856891.177964215632528 ], [ 7923235.900325682945549, 856827.018293604720384 ], [ 7923236.802484572865069, 856819.198354618158191 ], [ 7923242.109605087898672, 856813.933336661662906 ], [ 7923277.770458778366446, 856796.04485714668408 ], [ 7923326.932157067582011, 856823.607404187787324 ], [ 7923374.041822082363069, 856859.326169413980097 ], [ 7923402.02776156924665, 856868.554617692250758 ], [ 7923455.690334044396877, 856868.791760648135096 ], [ 7923550.0650854408741, 856833.89542669756338 ], [ 7923606.857008590362966, 856802.961894089356065 ], [ 7923655.93874317035079, 856767.232255466282368 ], [ 7923730.988904433324933, 856713.981628329958767 ], [ 7923776.134580662474036, 856674.252250930760056 ], [ 7923787.458900413475931, 856671.408185836393386 ], [ 7923799.83161404915154, 856676.131088091060519 ], [ 7923810.434048810973763, 856681.663493423257023 ], [ 7923815.989649631083012, 856697.138547821436077 ], [ 7923816.301477724686265, 856736.909368867520243 ], [ 7923839.833025673404336, 856791.329722210299224 ], [ 7923891.771852354519069, 856874.942201541271061 ], [ 7923972.888451407663524, 857001.948002514895052 ], [ 7924019.993014240637422, 857081.835566253401339 ], [ 7924024.081961657851934, 857150.053297052159905 ], [ 7924015.744224695488811, 857248.702236466575414 ], [ 7924003.535583940334618, 857325.585599689744413 ], [ 7923967.507066071033478, 857436.701418688520789 ], [ 7923983.476060554385185, 857526.502712519373745 ], [ 7923997.421398814767599, 857616.690496574621648 ], [ 7924000.144833861850202, 857660.842884906101972 ], [ 7923998.425267554819584, 857692.285825129598379 ] ] ] } },
{ "type": "Feature", "properties": { "element": "way", "id": 380396804, "leisure": "golf_course", "name": "Foster Country Club", "addr:city": "Foster", "addr:housenumber": "67", "addr:postcode": "02825", "addr:state": null, "addr:street": "Johnson Road", "description": null, "golf:course": "18", "golf:links": null, "golf:par": "71", "phone": "+1 401 397 7750", "website": "https://fostercountryclub.com/", "opening_hours": null, "access": null, "email": null, "fax": null, "source": null, "old_name": null, "owner": null, "ownership": null, "wikidata": null, "wheelchair": null, "natural": null, "type": null, "operator": null, "addr:country": null, "landuse": null, "wikipedia": null, "area_m2": 616364.73378111294, "lat": 41.751517649746198, "lon": -71.750493605104808, "province": "Rhode Island", "gcid": "RD00046" }, "geometry": { "type": "Polygon", "coordinates": [ [ [ 7902256.920685129240155, 881512.204384005628526 ], [ 7902137.999376721680164, 881451.478603815194219 ], [ 7901996.703026831150055, 881345.159235728438944 ], [ 7901913.431775897741318, 881310.805546176154166 ], [ 7901801.651076135225594, 881255.943638596683741 ], [ 7901758.223053719848394, 881234.627760637085885 ], [ 7901723.6132931439206, 881232.32439613994211 ], [ 7901652.738684774376452, 881275.510302595794201 ], [ 7901637.286856383085251, 881292.579246284905821 ], [ 7901638.114433067850769, 881305.132762331049889 ], [ 7901657.530137531459332, 881326.233134218957275 ], [ 7901655.952349281869829, 881354.054486065171659 ], [ 7901645.592613946646452, 881536.188419039361179 ], [ 7901668.047882718034089, 881568.112005891744047 ], [ 7901752.321980452165008, 881620.054660622030497 ], [ 7901785.069449747912586, 881640.246617804281414 ], [ 7901789.684233563952148, 881650.630056065972894 ], [ 7901794.653903165832162, 881675.673148477450013 ], [ 7901804.083534660749137, 881722.086664693895727 ], [ 7901783.871295906603336, 881817.399004936683923 ], [ 7901742.159093827009201, 881858.00849230075255 ], [ 7901723.727918015792966, 881880.835376434028149 ], [ 7901718.053840879350901, 881898.454764203168452 ], [ 7901714.281471347436309, 881921.882610992994159 ], [ 7901739.033442915417254, 881943.097741899546236 ], [ 7901972.202869553118944, 882089.474473016802222 ], [ 7902011.362589328549802, 882107.378714148886502 ], [ 7902030.384634654037654, 882105.213507367298007 ], [ 7902046.194706056267023, 882097.233983454760164 ], [ 7902054.771118312142789, 882092.907822226174176 ], [ 7902081.247428675182164, 882133.52484169555828 ], [ 7902094.483065400272608, 882167.076659232843667 ], [ 7902097.800839921459556, 882190.104880702216178 ], [ 7902098.024735165759921, 882212.434903542976826 ], [ 7902097.383479884825647, 882226.260932110715657 ], [ 7902100.983576318249106, 882242.091579537838697 ], [ 7902105.729494469240308, 882253.42516497336328 ], [ 7902111.660069945268333, 882263.683637122157961 ], [ 7902117.221165768802166, 882270.424054978881031 ], [ 7902142.082596777938306, 882300.563512172084302 ], [ 7902202.811279943212867, 882336.119365952908993 ], [ 7902228.700701108202338, 882351.278430855832994 ], [ 7902244.707418107427657, 882356.638361296150833 ], [ 7902259.828626722097397, 882358.287161997053772 ], [ 7902281.683088339865208, 882351.561470806133002 ], [ 7902340.924839556217194, 882308.992820473853499 ], [ 7902388.584505896084011, 882274.735038243699819 ], [ 7902416.681707716546953, 882254.554005722049624 ], [ 7902473.910834552720189, 882209.428873462136835 ], [ 7902485.644842831417918, 882197.311319555621594 ], [ 7902506.721602867357433, 882169.512783016078174 ], [ 7902525.202679716050625, 882125.196054196916521 ], [ 7902528.82344532571733, 882056.332445892971009 ], [ 7902561.902365888468921, 882013.082315389532596 ], [ 7902592.734343966469169, 881966.630232367664576 ], [ 7902642.089661878533661, 881928.393718719016761 ], [ 7902650.920985834673047, 881928.685330926906317 ], [ 7902657.288046566769481, 881926.659007077105343 ], [ 7902662.866247294470668, 881923.225893384311348 ], [ 7902666.057400519959629, 881917.681456450838596 ], [ 7902668.339484926313162, 881910.267718494404107 ], [ 7902670.457642698660493, 881899.040302170906216 ], [ 7902667.92386587895453, 881883.908295195084065 ], [ 7902628.005356708541512, 881806.110757236834615 ], [ 7902563.325919058173895, 881739.867231610696763 ], [ 7902545.823420220986009, 881732.348911292850971 ], [ 7902531.240877702832222, 881726.088667568750679 ], [ 7902476.116144690662622, 881723.61746911611408 ], [ 7902426.57025786023587, 881697.269577319733799 ], [ 7902403.417372670955956, 881682.921404923778027 ], [ 7902386.60202019661665, 881677.176105095539242 ], [ 7902367.728647908195853, 881661.508545847143978 ], [ 7902391.302811132743955, 881620.876493321731687 ], [ 7902390.564294481649995, 881582.938404561020434 ], [ 7902312.676537965424359, 881538.200607087928802 ], [ 7902298.655452121980488, 881531.689721012488008 ], [ 7902256.920685129240155, 881512.204384005628526 ] ] ] } },
{ "type": "Feature", "properties": { "element": "way", "id": 43150786, "leisure": "golf_course", "name": "Triggs Memorial Golf Course", "addr:city": "Providence", "addr:housenumber": "1533", "addr:postcode": "02909", "addr:state": "RI", "addr:street": "Chalkstone Avenue", "description": null, "golf:course": null, "golf:links": null, "golf:par": null, "phone": "+1-401-521-8460", "website": "https://triggs.us/", "opening_hours": null, "access": null, "email": null, "fax": null, "source": null, "old_name": null, "owner": null, "ownership": null, "wikidata": null, "wheelchair": null, "natural": null, "type": null, "operator": null, "addr:country": null, "landuse": null, "wikipedia": null, "area_m2": 596210.75987217959, "lat": 41.837603147815962, "lon": -71.458693474244157, "province": "Rhode Island", "gcid": "RD00021" }, "geometry": { "type": "Polygon", "coordinates": [ [ [ 7923217.841084970161319, 898771.015698682051152 ], [ 7923225.130741566419601, 898872.330831166356802 ], [ 7923148.357445240020752, 898991.089098506607115 ], [ 7923110.444906238466501, 899436.813357295934111 ], [ 7923089.440070862881839, 899605.583692747168243 ], [ 7922521.987985695712268, 899359.480026868637651 ], [ 7922449.129042402841151, 899321.486185994930565 ], [ 7922249.716922923922539, 899232.019904704764485 ], [ 7922276.457062920555472, 899180.515452602878213 ], [ 7922445.171294033527374, 899099.623841280583292 ], [ 7922535.70304156653583, 898951.65770551469177 ], [ 7922567.246305668726563, 898900.114711481612176 ], [ 7922591.236493707634509, 898860.899289580062032 ], [ 7922668.220419120974839, 898739.363410809542984 ], [ 7922756.262891871854663, 898583.681181457825005 ], [ 7922819.240749767050147, 898606.096793408505619 ], [ 7922831.592711553908885, 898569.415765549521893 ], [ 7922890.61180330440402, 898587.212691163644195 ], [ 7922907.084059326909482, 898537.861764408182353 ], [ 7922966.285533515736461, 898555.13910032203421 ], [ 7922991.714767153374851, 898556.243561728857458 ], [ 7923034.311951046809554, 898542.321665953379124 ], [ 7923103.695862747728825, 898514.39183812495321 ], [ 7923137.003521169535816, 898505.274136431980878 ], [ 7923169.536337003111839, 898504.479983643162996 ], [ 7923209.283176308497787, 898512.183565577957779 ], [ 7923216.283551142551005, 898634.558799960650504 ], [ 7923219.416739718057215, 898692.749917999841273 ], [ 7923217.841084970161319, 898771.015698682051152 ] ] ] } },
{ "type": "Feature", "properties": { "element": "way", "id": 182073615, "leisure": "golf_course", "name": "Sakonnet Golf Club", "addr:city": "Little Compton", "addr:housenumber": "79", "addr:postcode": "02837", "addr:state": "RI", "addr:street": "Sakonnet Point Road", "description": null, "golf:course": "18", "golf:links": null, "golf:par": "70", "phone": "+1 401-635-4821", "website": "http://sakonnetgc.com/", "opening_hours": null, "access": null, "email": null, "fax": null, "source": null, "old_name": null, "owner": null, "ownership": null, "wikidata": null, "wheelchair": null, "natural": null, "type": null, "operator": null, "addr:country": null, "landuse": null, "wikipedia": null, "area_m2": 593921.57101142965, "lat": 41.47483153815174, "lon": -71.185523381843652, "province": "Rhode Island", "gcid": "RD00036" }, "geometry": { "type": "Polygon", "coordinates": [ [ [ 7958053.761795250698924, 866465.304231264162809 ], [ 7958421.790688171982765, 866657.203389049042016 ], [ 7958347.152018138207495, 866768.923122627660632 ], [ 7958274.315404651686549, 866882.427576721645892 ], [ 7958264.131235862150788, 866905.867533507291228 ], [ 7958253.154753049835563, 867016.677184915635735 ], [ 7958245.388361594639719, 867186.150762090459466 ], [ 7958239.145632715895772, 867226.316281012725085 ], [ 7958235.150728060863912, 867236.189784938003868 ], [ 7958232.602124529890716, 867244.292217452544719 ], [ 7958232.526344256475568, 867253.240353437606245 ], [ 7958234.198244342580438, 867259.171142854262143 ], [ 7958234.977659994736314, 867262.846060890704393 ], [ 7958234.495956035330892, 867267.200879403855652 ], [ 7958232.292705144733191, 867278.965470289811492 ], [ 7958160.49193799123168, 867295.477820232976228 ], [ 7958087.68995363637805, 867236.015442511998117 ], [ 7958078.809418567456305, 867221.316433559171855 ], [ 7958072.383569390513003, 867193.699081463739276 ], [ 7958056.828099057078362, 867182.384612847585231 ], [ 7958019.912187479436398, 867146.470059111248702 ], [ 7958008.440955124795437, 867137.018073064740747 ], [ 7957995.466697119176388, 867130.155969546176493 ], [ 7957977.056527660228312, 867120.672539399005473 ], [ 7957965.625981089659035, 867115.326519661583006 ], [ 7957962.854145862162113, 867123.523717734962702 ], [ 7957963.294539949856699, 867199.953167303930968 ], [ 7957971.922613834030926, 867230.303831646218896 ], [ 7957975.930864671245217, 867274.360914876218885 ], [ 7957975.077965210191905, 867297.618275033310056 ], [ 7957976.455366173759103, 867302.878911011852324 ], [ 7958058.811066676862538, 867352.931385260540992 ], [ 7958160.951665752567351, 867414.560444952920079 ], [ 7958344.086282897740602, 867494.948018080089241 ], [ 7958572.665454588830471, 867631.248405126854777 ], [ 7958599.315789025276899, 867629.803417182527483 ], [ 7958655.41782345995307, 867619.770971388556063 ], [ 7958704.084904093295336, 867512.003875341266394 ], [ 7958712.320342422463, 867500.038820789195597 ], [ 7958739.696644643321633, 867464.242476220242679 ], [ 7958757.524503595195711, 867451.346800415311009 ], [ 7958799.801290484145284, 867435.062111655250192 ], [ 7958816.301131184212863, 867419.605722004547715 ], [ 7958843.733171039260924, 867400.816907370928675 ], [ 7958870.868835137225688, 867408.012485884595662 ], [ 7958879.275785187259316, 867402.310605412814766 ], [ 7958897.224671390838921, 867355.963998325169086 ], [ 7958831.984770905226469, 867319.634624973405153 ], [ 7958759.119805680587888, 867277.966442172881216 ], [ 7958729.514189979061484, 867207.023623089771718 ], [ 7958770.917000091634691, 867090.84212057152763 ], [ 7958684.302843920886517, 867046.03375082090497 ], [ 7958678.77392497099936, 867057.393831605091691 ], [ 7958556.44027344416827, 866993.489509640727192 ], [ 7958552.273905185051262, 866974.938445852138102 ], [ 7958556.214448563754559, 866967.23226652899757 ], [ 7958574.054260940290987, 866931.436992865987122 ], [ 7958609.563981964252889, 866865.010635698679835 ], [ 7958626.995718006975949, 866801.900464320555329 ], [ 7958638.27438519988209, 866758.829007174354047 ], [ 7958641.793576059862971, 866745.491810297593474 ], [ 7958645.446607915684581, 866737.202858781442046 ], [ 7958649.166680227965117, 866729.798695715609938 ], [ 7958654.028961040079594, 866721.553112894762307 ], [ 7958647.856709642335773, 866709.708824499044567 ], [ 7958641.311412772163749, 866697.860219138674438 ], [ 7958632.503048410639167, 866682.564960123039782 ], [ 7958626.593662799336016, 866669.886430151294917 ], [ 7958611.624068002216518, 866634.043817108031362 ], [ 7958604.697412897832692, 866616.092119859531522 ], [ 7958600.12010492477566, 866603.146251301746815 ], [ 7958594.596304355189204, 866577.592065691016614 ], [ 7958583.60231870226562, 866537.18810399947688 ], [ 7958576.550298685207963, 866501.318944129161537 ], [ 7958574.34361538477242, 866491.066668970976025 ], [ 7958570.260424850508571, 866479.526064071804285 ], [ 7958569.592182261869311, 866474.734827463049442 ], [ 7958568.506355172023177, 866467.009808230679482 ], [ 7958568.437406417913735, 866447.435467964969575 ], [ 7958568.877082848921418, 866430.849879722110927 ], [ 7958476.196582318283617, 866381.514270408079028 ], [ 7958507.266033279709518, 866298.907219032756984 ], [ 7958496.845574792474508, 866296.68190274387598 ], [ 7958488.911061083897948, 866294.61452635191381 ], [ 7958479.206316187977791, 866291.404003066010773 ], [ 7958468.192003427073359, 866286.659164509736001 ], [ 7958456.370431027375162, 866280.84077941859141 ], [ 7958433.447535589337349, 866268.936851873993874 ], [ 7958397.231703445315361, 866340.883896716404706 ], [ 7958257.423132423311472, 866268.940764340572059 ], [ 7958151.32742768060416, 866214.362356618046761 ], [ 7958068.766316681168973, 866172.635423626750708 ], [ 7958040.627604960463941, 866224.560980623587966 ], [ 7958028.045434557832778, 866247.533717193175107 ], [ 7958021.877263586968184, 866259.116139075253159 ], [ 7958019.451983766630292, 866266.665458623785526 ], [ 7958018.582276047207415, 866273.257521875668317 ], [ 7958019.06865353975445, 866281.788024363573641 ], [ 7958020.697326379828155, 866310.399574055336416 ], [ 7958021.961698362603784, 866328.275282454211265 ], [ 7958025.146734798327088, 866349.178280333988369 ], [ 7958029.779983858577907, 866377.952314844820648 ], [ 7958035.38760516885668, 866400.582450076937675 ], [ 7958043.856885477900505, 866427.783472052309662 ], [ 7958050.194650390185416, 866463.883511253632605 ], [ 7958053.761795250698924, 866465.304231264162809 ] ] ] } },
{ "type": "Feature", "properties": { "element": "way", "id": 146265848, "leisure": "golf_course", "name": "Rhode Island Country Club", "addr:city": "Barrington", "addr:housenumber": "150", "addr:postcode": "02806", "addr:state": null, "addr:street": "Nayatt Road", "description": null, "golf:course": null, "golf:links": null, "golf:par": null, "phone": "+1 401-245-5700", "website": "https://www.ricc.org/", "opening_hours": null, "access": null, "email": null, "fax": null, "source": null, "old_name": null, "owner": null, "ownership": null, "wikidata": "Q7320907", "wheelchair": null, "natural": null, "type": null, "operator": null, "addr:country": null, "landuse": null, "wikipedia": null, "area_m2": 587804.70367622713, "lat": 41.732099083061939, "lon": -71.331194448919376, "province": "Rhode Island", "gcid": "RD00032" }, "geometry": { "type": "Polygon", "coordinates": [ [ [ 7937502.274935951456428, 890677.349966480862349 ], [ 7937453.748206944204867, 890762.961529447697103 ], [ 7937451.483967574313283, 890761.779763238504529 ], [ 7937389.899756655097008, 890726.413934883661568 ], [ 7937384.390533707104623, 890723.237611844204366 ], [ 7937387.537311231717467, 890717.468290999531746 ], [ 7937410.402792932465672, 890674.443045016378164 ], [ 7937427.858034765347838, 890641.591826935764402 ], [ 7937421.670817708596587, 890638.406748521607369 ], [ 7937371.095745453611016, 890613.486924047581851 ], [ 7937348.654575515538454, 890601.906878457870334 ], [ 7937277.435154557228088, 890565.59742086334154 ], [ 7937228.304988716728985, 890655.576465411577374 ], [ 7937169.829089200124145, 890623.180472401436418 ], [ 7937126.867077158764005, 890598.568443779367954 ], [ 7937109.155442512594163, 890588.995858947746456 ], [ 7937075.189928103238344, 890650.422443715389818 ], [ 7937038.552828240208328, 890655.881779416464269 ], [ 7937003.291913972236216, 890661.135222256183624 ], [ 7936984.463782868348062, 890651.238007672596723 ], [ 7936803.073341302573681, 890540.28917599003762 ], [ 7936621.553190482780337, 890871.59930123295635 ], [ 7936641.329443676397204, 890887.640712172258645 ], [ 7936669.512896750122309, 890918.029538141563535 ], [ 7936691.255315959453583, 890946.942749682348222 ], [ 7936756.092646276578307, 891012.675278268754482 ], [ 7936796.258335716091096, 891050.599237592425197 ], [ 7936846.706289604306221, 891091.102945687249303 ], [ 7936862.977310281246901, 891124.863510929979384 ], [ 7936846.17220625653863, 891220.164558591321111 ], [ 7936851.19074610248208, 891270.032750884536654 ], [ 7936840.122034877538681, 891308.654574286192656 ], [ 7936803.37570205423981, 891373.001565329730511 ], [ 7936791.466727818362415, 891415.437586798332632 ], [ 7936785.627152420580387, 891459.697925739921629 ], [ 7936778.687689368613064, 891515.682872162666172 ], [ 7936775.966603440232575, 891563.506581773981452 ], [ 7936800.791566221043468, 891628.251828521955758 ], [ 7936843.057035855948925, 891630.311173248104751 ], [ 7936901.912170807830989, 891655.430094517301768 ], [ 7936974.856965452432632, 891681.810580543242395 ], [ 7937099.726423008367419, 891504.126000409014523 ], [ 7937192.368774190545082, 891398.926685474812984 ], [ 7937242.910671534016728, 891339.887211922556162 ], [ 7937300.287181143648922, 891268.969397318083793 ], [ 7937237.305935617536306, 891223.830112188123167 ], [ 7937219.997466900385916, 891210.88944954611361 ], [ 7937190.495376221835613, 891174.251010554842651 ], [ 7937184.383768772706389, 891107.390502718742937 ], [ 7937213.153472427278757, 891078.83466285886243 ], [ 7937255.454960688948631, 891063.712780775967985 ], [ 7937288.046546504832804, 891056.696200950071216 ], [ 7937299.770414609462023, 891052.148937212768942 ], [ 7937313.304966639727354, 891035.435732576996088 ], [ 7937323.376781455241144, 891027.063978843390942 ], [ 7937349.515465939417481, 891041.747810023836792 ], [ 7937352.564421364106238, 891057.89068195829168 ], [ 7937366.606424698606133, 891069.120699610561132 ], [ 7937382.86596898548305, 891082.268206967040896 ], [ 7937415.992763843387365, 891103.30177767528221 ], [ 7937437.184648280963302, 891093.137835678644478 ], [ 7937597.498072860762477, 890889.830164390616119 ], [ 7937634.702903606928885, 890843.267196224536747 ], [ 7937648.951302899047732, 890825.835642155259848 ], [ 7937663.943755547516048, 890806.750578992068768 ], [ 7937675.429986919276416, 890789.218634544406086 ], [ 7937677.034460236318409, 890784.532783312723041 ], [ 7937678.249137623235583, 890774.8814493031241 ], [ 7937677.806112943217158, 890772.055136303883046 ], [ 7937675.798695119097829, 890769.129412258975208 ], [ 7937639.617867020890117, 890745.17009418271482 ], [ 7937617.049421777948737, 890732.479669820517302 ], [ 7937599.310511345043778, 890724.047207891009748 ], [ 7937576.868181142024696, 890713.665234206710011 ], [ 7937563.657497527077794, 890707.135995432734489 ], [ 7937539.508492399007082, 890695.262155605014414 ], [ 7937502.274935951456428, 890677.349966480862349 ] ] ] } },
{ "type": "Feature", "properties": { "element": "way", "id": 330546813, "leisure": "golf_course", "name": "Kirkbrae Country Club", "addr:city": null, "addr:housenumber": null, "addr:postcode": null, "addr:state": null, "addr:street": null, "description": null, "golf:course": null, "golf:links": null, "golf:par": null, "phone": null, "website": null, "opening_hours": null, "access": null, "email": null, "fax": null, "source": null, "old_name": null, "owner": null, "ownership": null, "wikidata": null, "wheelchair": null, "natural": null, "type": null, "operator": null, "addr:country": null, "landuse": null, "wikipedia": null, "area_m2": 575445.60598523985, "lat": 41.946869833372546, "lon": -71.45765109214031, "province": "Rhode Island", "gcid": "RD00045" }, "geometry": { "type": "Polygon", "coordinates": [ [ [ 7918761.28560514934361, 910670.40779673634097 ], [ 7918782.785692264325917, 910688.208168871467933 ], [ 7918833.06360537186265, 910665.955932148499414 ], [ 7918867.401971156708896, 910644.769343761261553 ], [ 7918916.382061438634992, 910614.55067740753293 ], [ 7918954.25285479798913, 910591.187704477924854 ], [ 7918965.038924261927605, 910608.295064049772918 ], [ 7918990.891482444480062, 910600.472773381508887 ], [ 7919021.648093486204743, 910576.427123055094853 ], [ 7919060.661268441006541, 910539.195414192974567 ], [ 7919155.58780893869698, 910628.187020675512031 ], [ 7919163.279642065055668, 910623.981954641640186 ], [ 7919180.761183449067175, 910645.722387694753706 ], [ 7919176.582032991573215, 910662.67059892276302 ], [ 7919131.892039101570845, 910701.764311394421384 ], [ 7919135.686916942708194, 910708.577534573385492 ], [ 7919151.979653004556894, 910726.910941479261965 ], [ 7919167.340714884921908, 910743.156688929768279 ], [ 7919172.236152892932296, 910746.54977943841368 ], [ 7919175.354468012228608, 910743.715578915318474 ], [ 7919212.139255453832448, 910718.299876868026331 ], [ 7919218.750738756731153, 910716.638835292542353 ], [ 7919227.038359448313713, 910717.216235761763528 ], [ 7919242.972938925027847, 910721.738494177814573 ], [ 7919254.88199676387012, 910720.060240594437346 ], [ 7919273.742922661826015, 910738.110778015106916 ], [ 7919278.653912723064423, 910742.815503624500707 ], [ 7919304.643173264339566, 910772.646210646023974 ], [ 7919311.266708192415535, 910770.432885204441845 ], [ 7919321.697291618213058, 910763.666916681919247 ], [ 7919331.583047404885292, 910785.32664822274819 ], [ 7919362.876284936442971, 910810.691472716396675 ], [ 7919401.35887442342937, 910834.829779183259234 ], [ 7919414.381067834794521, 910841.565768886590376 ], [ 7919431.030685442499816, 910848.310161083703861 ], [ 7919462.089546293951571, 910839.499298569746315 ], [ 7919502.44131545163691, 910816.480583167169243 ], [ 7919546.633804639801383, 910786.283677137922496 ], [ 7919589.821227390319109, 910764.897418921813369 ], [ 7919596.381294664926827, 910774.311835790984333 ], [ 7919562.816960711032152, 910817.005071256309748 ], [ 7919537.200605255551636, 910872.924595910590142 ], [ 7919515.828274677507579, 910902.252602571854368 ], [ 7919494.115641821175814, 910909.271291059907526 ], [ 7919483.230691269040108, 910934.271750408923253 ], [ 7919486.013421265408397, 910946.300968477502465 ], [ 7919475.42629349604249, 910954.841008489020169 ], [ 7919458.777059908956289, 910990.335544034140185 ], [ 7919467.713863047771156, 911006.914483239175752 ], [ 7919482.419341206550598, 911020.972033484140411 ], [ 7919465.741397426463664, 911040.526542363455519 ], [ 7919442.539622670970857, 911102.304185343906283 ], [ 7919434.94560703728348, 911118.600776551989838 ], [ 7919436.505572660826147, 911139.658194469287992 ], [ 7919468.7506990339607, 911150.49914026283659 ], [ 7919473.877977816388011, 911153.655248865950853 ], [ 7919474.321014290675521, 911157.782093799673021 ], [ 7919471.965365829877555, 911160.494657214032486 ], [ 7919431.698145957663655, 911153.385443737730384 ], [ 7919426.877847112715244, 911155.254454845562577 ], [ 7919407.208388902246952, 911169.955723694059998 ], [ 7919394.742311389185488, 911184.148729903390631 ], [ 7919369.596387241967022, 911218.257552343653515 ], [ 7919353.115989733487368, 911234.829424592666328 ], [ 7919333.458674691617489, 911249.522660176502541 ], [ 7919326.691204268485308, 911251.300795771181583 ], [ 7919320.689212615601718, 911254.470408817753196 ], [ 7919278.052680097520351, 911276.983031457522884 ], [ 7919277.776972541585565, 911286.531651701079682 ], [ 7919227.715485187247396, 911320.570853417506441 ], [ 7919135.248887771740556, 911359.456018056254834 ], [ 7919066.027452194131911, 911392.848230089759454 ], [ 7919041.605874919332564, 911402.511033086571842 ], [ 7919019.968146573752165, 911409.313341960310936 ], [ 7918999.179179380647838, 911420.679598545655608 ], [ 7918990.869706822559237, 911424.001669205259532 ], [ 7918982.460826098918915, 911417.408763663843274 ], [ 7918978.904112430289388, 911411.049754969542846 ], [ 7918964.074206309393048, 911357.436666907276958 ], [ 7918967.68358884844929, 911346.577204497298226 ], [ 7919058.011373993009329, 911251.121816188097 ], [ 7919051.156070145778358, 911236.784004884073511 ], [ 7919026.3038325663656, 911231.414477954385802 ], [ 7918985.477257722988725, 911234.742239735322073 ], [ 7918939.235942364670336, 911250.966549532022327 ], [ 7918899.498353563249111, 911254.741428245790303 ], [ 7918886.576667794957757, 911258.248395776841789 ], [ 7918873.241373863071203, 911273.676987089216709 ], [ 7918877.548419559374452, 911295.682620829669759 ], [ 7918855.546240351162851, 911313.770400143228471 ], [ 7918828.481459213420749, 911308.512991656083614 ], [ 7918758.907232465222478, 911283.939591449918225 ], [ 7918740.582946927286685, 911274.959198933327571 ], [ 7918706.490115371532738, 911248.546746608335525 ], [ 7918676.800499700009823, 911204.535799790872261 ], [ 7918606.980073094367981, 911230.452870122622699 ], [ 7918586.358091130852699, 911238.114468436921015 ], [ 7918564.562460892833769, 911200.23514097975567 ], [ 7918539.434274521656334, 911177.710058063035831 ], [ 7918513.563834632746875, 911173.9398703945335 ], [ 7918460.422103641554713, 911076.890798182692379 ], [ 7918454.585576286539435, 911068.50491919904016 ], [ 7918446.873625740408897, 911054.62163520231843 ], [ 7918444.569219425320625, 911048.594648674596101 ], [ 7918442.227490043267608, 911038.902561457594857 ], [ 7918440.006420932710171, 911034.499813168309629 ], [ 7918437.748153902590275, 911032.600475757848471 ], [ 7918431.543836573138833, 911028.337802479742095 ], [ 7918426.909617045894265, 911022.855114366859198 ], [ 7918421.070956024341285, 911012.763192576356232 ], [ 7918419.600320426747203, 911009.444344719871879 ], [ 7918419.800536397844553, 911006.01540168072097 ], [ 7918421.48172071389854, 911002.776125706965104 ], [ 7918459.899908730760217, 910962.939050859771669 ], [ 7918479.66240637563169, 910934.901091173058376 ], [ 7918505.442343423143029, 910902.693897825665772 ], [ 7918507.435079173184931, 910900.066115642199293 ], [ 7918498.265040693804622, 910880.025675853248686 ], [ 7918508.890478767454624, 910866.199468582170084 ], [ 7918527.142955002374947, 910841.130973032908514 ], [ 7918553.174436515197158, 910802.596746779512614 ], [ 7918518.615641803480685, 910771.568657131865621 ], [ 7918529.111480224877596, 910761.122228221036494 ], [ 7918561.228340920992196, 910738.107946875272319 ], [ 7918590.894521277397871, 910722.008334188489243 ], [ 7918634.314825017005205, 910699.653514099307358 ], [ 7918659.45532191824168, 910686.767516141058877 ], [ 7918661.458324032835662, 910685.739707367960364 ], [ 7918669.154175606556237, 910681.329900345997885 ], [ 7918678.510516650974751, 910675.97201003995724 ], [ 7918689.578305122442544, 910668.860487325349823 ], [ 7918700.277312096208334, 910661.989296642597765 ], [ 7918711.839610293507576, 910654.558289154199883 ], [ 7918745.567656844854355, 910632.732913300395012 ], [ 7918761.28560514934361, 910670.40779673634097 ] ] ] } },
{ "type": "Feature", "properties": { "element": "way", "id": 1284262007, "leisure": "golf_course", "name": "Crystal Lake Golf Club", "addr:city": "Mapleville", "addr:housenumber": "100", "addr:postcode": "02839", "addr:state": "RI", "addr:street": "Broncos Highway", "description": null, "golf:course": null, "golf:links": null, "golf:par": null, "phone": "+1-401-567-4500", "website": "https://crystallakegolfclub.com/", "opening_hours": null, "access": null, "email": null, "fax": null, "source": null, "old_name": null, "owner": null, "ownership": null, "wikidata": null, "wheelchair": null, "natural": null, "type": null, "operator": null, "addr:country": null, "landuse": null, "wikipedia": null, "area_m2": 573526.33528823382, "lat": 41.937213706677369, "lon": -71.670804709565502, "province": "Rhode Island", "gcid": "RD00060" }, "geometry": { "type": "Polygon", "coordinates": [ [ [ 7901546.651139727793634, 904813.70803068135865 ], [ 7901594.222189124673605, 904876.109850878594443 ], [ 7901654.081392148509622, 904937.512173655675724 ], [ 7901722.554907515645027, 904992.515621575526893 ], [ 7901786.811036538332701, 905024.531074673635885 ], [ 7901833.150846544653177, 905039.700395126128569 ], [ 7901856.718527588993311, 904918.176482907496393 ], [ 7901906.937085781246424, 904775.422041542595252 ], [ 7901946.897899963892996, 904697.996794221922755 ], [ 7901980.887905718758702, 904594.274444035254419 ], [ 7902011.275765921920538, 904522.208380508236587 ], [ 7902063.082045220769942, 904421.041980554582551 ], [ 7902099.336704531684518, 904351.604247624287382 ], [ 7902181.724917678162456, 904166.507433415856212 ], [ 7902251.350547647103667, 903976.682370352791622 ], [ 7902430.497334115207195, 903892.633984575746581 ], [ 7902474.888649525120854, 903874.818330429494381 ], [ 7902512.379814801737666, 903856.668036609655246 ], [ 7902499.219411509111524, 903744.583017640514299 ], [ 7902493.403195073828101, 903697.660778161371127 ], [ 7902455.60696142166853, 903686.542284538038075 ], [ 7902408.180054368451238, 903671.920314531307667 ], [ 7902338.908943767659366, 903644.258920160587877 ], [ 7902229.030675298534334, 903607.47015391336754 ], [ 7902143.08628604747355, 903576.67632238031365 ], [ 7902046.159106868319213, 903539.930990317836404 ], [ 7901945.231411495245993, 903504.156899966765195 ], [ 7901915.52809683047235, 903494.082850117469206 ], [ 7901915.224848499521613, 903510.657612995710224 ], [ 7901909.986135333776474, 903538.793115402339026 ], [ 7901914.793785980902612, 903597.476498594740406 ], [ 7901908.814124990254641, 903678.581318128854036 ], [ 7901890.534488746896386, 903781.96061077201739 ], [ 7901881.726447673514485, 903847.370338066713884 ], [ 7901856.964845684356987, 903943.483769906684756 ], [ 7901832.229311897419393, 904026.338530436391011 ], [ 7901806.813665699213743, 904110.5764399189502 ], [ 7901778.808802490122616, 904199.509077065624297 ], [ 7901761.027731850743294, 904246.044217311777174 ], [ 7901741.666166871786118, 904316.442406872054562 ], [ 7901712.375797225162387, 904408.600564499385655 ], [ 7901679.393483396619558, 904494.204697400797158 ], [ 7901615.234666012227535, 904627.003473056014627 ], [ 7901550.517176333814859, 904781.3536095560994 ], [ 7901546.651139727793634, 904813.70803068135865 ] ] ] } },
{ "type": "Feature", "properties": { "element": "relation", "id": 13096532, "leisure": "golf_course", "name": "Point Judith Country Club", "addr:city": null, "addr:housenumber": null, "addr:postcode": null, "addr:state": null, "addr:street": null, "description": null, "golf:course": null, "golf:links": null, "golf:par": null, "phone": null, "website": null, "opening_hours": null, "access": null, "email": null, "fax": null, "source": null, "old_name": null, "owner": null, "ownership": null, "wikidata": null, "wheelchair": null, "natural": null, "type": "multipolygon", "operator": null, "addr:country": null, "landuse": null, "wikipedia": null, "area_m2": 573386.7818725328, "lat": 41.408708857026248, "lon": -71.470216854847791, "province": "Rhode Island", "gcid": "RD00015" }, "geometry": { "type": "Polygon", "coordinates": [ [ [ 7936879.997132011689246, 851491.424075738992542 ], [ 7936872.323481547646224, 851521.964415224734694 ], [ 7936839.24662191234529, 851630.259403851348907 ], [ 7936827.156965564936399, 851672.093056462705135 ], [ 7936671.939901352860034, 852137.284171039238572 ], [ 7936670.901208935305476, 852142.943006488494575 ], [ 7936672.63982279971242, 852147.30435217730701 ], [ 7936674.26438045874238, 852150.524126829579473 ], [ 7936678.042993357405066, 852153.003604573663324 ], [ 7936687.125731606967747, 852155.897765797097236 ], [ 7936693.793412908911705, 852157.238168424926698 ], [ 7936697.524851418100297, 852157.494586274493486 ], [ 7936702.806788025423884, 852156.21603088080883 ], [ 7936711.080335733480752, 852153.517097683157772 ], [ 7936718.422511035576463, 852151.588404974900186 ], [ 7936724.648586372844875, 852151.09634135151282 ], [ 7936735.003821108490229, 852151.477917576674372 ], [ 7936778.085001331754029, 852155.071724446490407 ], [ 7936817.657288014888763, 852158.289196185767651 ], [ 7936837.73974634334445, 852159.899391612969339 ], [ 7936888.848051903769374, 852164.315712528768927 ], [ 7936921.589019295759499, 852166.466421047691256 ], [ 7936958.898904776200652, 852169.321797689422965 ], [ 7936987.202690636739135, 852171.636915600392967 ], [ 7937018.350299581885338, 852174.544765782542527 ], [ 7937090.929602306336164, 852181.095587181858718 ], [ 7937146.1194834029302, 852185.790186275728047 ], [ 7937230.310243904590607, 852192.050729786045849 ], [ 7937259.214580735191703, 852194.566672152839601 ], [ 7937273.900892084464431, 852195.38090830668807 ], [ 7937281.231828844174743, 852195.219976880587637 ], [ 7937311.881338010542095, 852191.244477028958499 ], [ 7937408.618488380685449, 852177.137092028278857 ], [ 7937422.023213391192257, 852176.009858970530331 ], [ 7937436.595024678856134, 852176.592386324424297 ], [ 7937461.308299323543906, 852179.027243620250374 ], [ 7937475.030627071857452, 852179.885663878638297 ], [ 7937510.8145038690418, 852182.310543927364051 ], [ 7937559.847633490338922, 852186.35897156689316 ], [ 7937619.112810405902565, 852191.053306693211198 ], [ 7937620.523863304406404, 852176.056977726984769 ], [ 7937623.421534701250494, 852173.271519946865737 ], [ 7937637.48778086528182, 852166.360403982456774 ], [ 7937647.514497956261039, 852154.868871783837676 ], [ 7937655.652759214863181, 852150.46438157511875 ], [ 7937671.216562516987324, 852139.732660375069827 ], [ 7937685.887148867361248, 852128.473775901366025 ], [ 7937699.680213342420757, 852122.248265061061829 ], [ 7937719.273145502433181, 852120.059990600682795 ], [ 7937735.020593403838575, 852116.885426106862724 ], [ 7937753.556916194967926, 852112.078015215229243 ], [ 7937763.636703357100487, 852112.770146087277681 ], [ 7937777.20034041069448, 852115.262513117864728 ], [ 7937787.601368732750416, 852115.867331763263792 ], [ 7937801.725996667519212, 852113.839829884003848 ], [ 7937814.575010986998677, 852113.947938418481499 ], [ 7937827.369251031428576, 852115.760288799181581 ], [ 7937841.095098981633782, 852116.390216726344079 ], [ 7937857.22315919958055, 852117.320922596380115 ], [ 7937870.959707034751773, 852117.39651090465486 ], [ 7937878.33121270686388, 852119.396697680000216 ], [ 7937888.984370994381607, 852122.596312856301665 ], [ 7937897.493224779143929, 852121.832790268585086 ], [ 7937905.683874137699604, 852119.580773880705237 ], [ 7937927.301966236904263, 852117.592903493437916 ], [ 7937935.933674847707152, 852117.476734213531017 ], [ 7937951.120846037752926, 852123.79609154863283 ], [ 7937957.163134629838169, 852125.94913164107129 ], [ 7937965.024555820040405, 852124.303463427349925 ], [ 7937977.05213148612529, 852122.404457625932992 ], [ 7937983.494118954986334, 852120.990739985834807 ], [ 7937988.600792473182082, 852120.297836374957114 ], [ 7937995.668440700508654, 852117.660686133429408 ], [ 7938002.689726532436907, 852114.256089591886848 ], [ 7938018.560506902635098, 852110.492426439654082 ], [ 7938030.261337832547724, 852111.226288763806224 ], [ 7938038.560213794000447, 852109.143812873866409 ], [ 7938045.705556278117001, 852101.765490112826228 ], [ 7938048.073979307897389, 852094.279852306004614 ], [ 7938048.237977109849453, 852079.851294746156782 ], [ 7938054.190840007737279, 852057.399612002074718 ], [ 7938074.473777855746448, 852060.778758221305907 ], [ 7938097.6398119116202, 852062.544386763125658 ], [ 7938123.19400473497808, 852065.285566388629377 ], [ 7938125.921358675695956, 852063.42615400115028 ], [ 7938128.830211750231683, 852043.238065833691508 ], [ 7938124.603017024695873, 852034.49489866103977 ], [ 7938112.586272198706865, 852029.543897664640099 ], [ 7938108.563841827213764, 852023.949790213722736 ], [ 7938107.719371646642685, 852019.290301394183189 ], [ 7938114.196735443547368, 851997.789108970668167 ], [ 7938118.602996680885553, 851994.862101744860411 ], [ 7938123.137112084776163, 851995.398222430143505 ], [ 7938130.740048192441463, 851997.499853945802897 ], [ 7938159.189853778108954, 851991.390038043260574 ], [ 7938187.256890632212162, 851980.38605406973511 ], [ 7938209.957095359452069, 851978.855541005730629 ], [ 7938233.071825545281172, 851976.407534395810217 ], [ 7938244.238878560252488, 851969.322412856854498 ], [ 7938246.646485799923539, 851955.590604729950428 ], [ 7938250.033836141228676, 851943.5550391911529 ], [ 7938253.157666992396116, 851940.420292068272829 ], [ 7938267.448697507381439, 851933.718192360829562 ], [ 7938275.732443632557988, 851929.896262934431434 ], [ 7938279.548508519306779, 851903.653210274409503 ], [ 7938278.667914018034935, 851860.844533988740295 ], [ 7938276.794222129508853, 851797.084591266233474 ], [ 7938278.309238805435598, 851768.475643524900079 ], [ 7938277.533132587559521, 851759.87221447005868 ], [ 7938271.096287125721574, 851758.327777453698218 ], [ 7938264.775598917156458, 851751.678763012867421 ], [ 7938255.349058168940246, 851742.008427466731519 ], [ 7938254.122847249731421, 851734.347167272586375 ], [ 7938252.20615422539413, 851722.332231308799237 ], [ 7938245.212053118273616, 851711.6627680179663 ], [ 7938238.843733482994139, 851708.867494303267449 ], [ 7938219.95455520413816, 851713.520523538812995 ], [ 7938213.746247322298586, 851709.529045097995549 ], [ 7938190.593650341033936, 851703.182812562678009 ], [ 7938180.163624509237707, 851703.101666954811662 ], [ 7938165.816879775375128, 851702.192271612584591 ], [ 7938138.326827405020595, 851701.561881494242698 ], [ 7938123.929790293797851, 851700.611621395684779 ], [ 7938108.907646562904119, 851699.866132471244782 ], [ 7938025.559585199691355, 851695.149332436732948 ], [ 7937989.183505445718765, 851692.10121724801138 ], [ 7937951.614448307082057, 851687.201431975699961 ], [ 7937906.828697372227907, 851684.149955873843282 ], [ 7937864.302246989682317, 851679.411265518981963 ], [ 7937837.742633823305368, 851679.006492413114756 ], [ 7937827.718099445104599, 851682.626838635187596 ], [ 7937824.55289120413363, 851720.609026174526662 ], [ 7937817.966677355580032, 851747.25361288851127 ], [ 7937809.898820227943361, 851765.327568093780428 ], [ 7937802.535414109937847, 851783.15032584965229 ], [ 7937800.449571907520294, 851795.230040148831904 ], [ 7937802.945805902592838, 851815.563862412236631 ], [ 7937805.683955794200301, 851827.499369692523032 ], [ 7937805.638975465670228, 851833.682715508155525 ], [ 7937801.608663741499186, 851839.767266717273742 ], [ 7937788.300855350680649, 851841.835935485549271 ], [ 7937503.212284412235022, 851852.000474763102829 ], [ 7937494.605497787706554, 851844.920817788690329 ], [ 7937494.060334524139762, 851830.972827579826117 ], [ 7937491.807838008739054, 851801.59919302444905 ], [ 7937482.968608988448977, 851775.944961818866432 ], [ 7937475.697542612440884, 851763.11085239937529 ], [ 7937467.719444805756211, 851753.862717463169247 ], [ 7937460.050539011135697, 851747.312992083840072 ], [ 7937454.169880813919008, 851736.808651881758124 ], [ 7937452.239372530020773, 851723.759072685614228 ], [ 7937448.710033714771271, 851716.07340722437948 ], [ 7937445.075218578800559, 851708.595304871443659 ], [ 7937441.047046637162566, 851700.81675575254485 ], [ 7937429.012041490525007, 851697.486898344475776 ], [ 7937418.65075211878866, 851700.58356851246208 ], [ 7937406.104347139596939, 851721.973472948651761 ], [ 7937395.392794704064727, 851743.063017790671438 ], [ 7937373.009219696745276, 851785.274807062000036 ], [ 7937348.140564875677228, 851827.655797975603491 ], [ 7937319.858321483246982, 851865.38554350566119 ], [ 7937299.636088727042079, 851887.452512855641544 ], [ 7937290.247297030873597, 851901.315471823792905 ], [ 7937278.882509906776249, 851921.266055632848293 ], [ 7937263.801288012415171, 851939.594272091519088 ], [ 7937256.438315954059362, 851944.305304225999862 ], [ 7937248.667221362702549, 851947.413172094151378 ], [ 7937242.33856191765517, 851945.51767098903656 ], [ 7937234.467216409742832, 851940.210991443134844 ], [ 7937216.227405404672027, 851933.789901016280055 ], [ 7937203.392494696192443, 851934.658265902660787 ], [ 7937165.880823781713843, 851933.420866803266108 ], [ 7937142.914475599303842, 851927.346876433584839 ], [ 7937102.557691939175129, 851921.368720992933959 ], [ 7937069.665806137956679, 851914.606919148005545 ], [ 7937031.899818810634315, 851910.726755328010768 ], [ 7936999.585483631119132, 851908.935995480045676 ], [ 7936964.505525013431907, 851913.577284035272896 ], [ 7936937.690823629498482, 851924.347047083545476 ], [ 7936932.646742084994912, 851929.500842625275254 ], [ 7936923.458636033348739, 851949.968089073896408 ], [ 7936922.525808698497713, 851959.240203720517457 ], [ 7936922.230149233713746, 851974.375946203246713 ], [ 7936918.462149696424603, 851975.356569569092244 ], [ 7936911.615262307226658, 851974.417372004128993 ], [ 7936903.043960239738226, 851962.996323184110224 ], [ 7936899.030560583807528, 851939.965173232834786 ], [ 7936902.779776955023408, 851927.298158341553062 ], [ 7936906.448926158249378, 851907.254429238382727 ], [ 7936919.65907625015825, 851881.961055260617286 ], [ 7936930.318771526217461, 851863.71677434630692 ], [ 7936955.637903682887554, 851839.108401822391897 ], [ 7936974.285507152788341, 851826.233218487352133 ], [ 7936985.890959179960191, 851815.701615656726062 ], [ 7936991.583733954466879, 851811.454531974159181 ], [ 7936994.120206158608198, 851806.207961610518396 ], [ 7936998.473753552883863, 851748.378904058132321 ], [ 7937005.266497410833836, 851725.005631151609123 ], [ 7937010.153160486370325, 851704.650299402419478 ], [ 7937012.521873544901609, 851674.689586629159749 ], [ 7937010.880529752001166, 851648.940381227526814 ], [ 7936999.559716211631894, 851593.075019548181444 ], [ 7936997.818880764767528, 851575.29796890867874 ], [ 7936989.280351438559592, 851547.768170781433582 ], [ 7936984.292554776184261, 851518.069663164205849 ], [ 7936981.049297345802188, 851498.326166321523488 ], [ 7936980.500062007457018, 851484.110436631832272 ], [ 7936981.476268914528191, 851477.484568778425455 ], [ 7936987.4707091730088, 851468.231105112005025 ], [ 7936991.91429478675127, 851460.815784280188382 ], [ 7936995.019894098863006, 851453.332234856672585 ], [ 7936996.291247277520597, 851448.732879704795778 ], [ 7936995.924658961594105, 851442.328276207670569 ], [ 7936995.022629956714809, 851438.911603861954063 ], [ 7936992.915878237225115, 851433.457516863010824 ], [ 7936985.194565747864544, 851425.193269766867161 ], [ 7936971.878191372379661, 851415.435316238552332 ], [ 7936957.552670937031507, 851408.386776609811932 ], [ 7936941.701065553352237, 851404.009449346456677 ], [ 7936929.933927807025611, 851403.777893933001906 ], [ 7936918.930022483691573, 851406.941183048766106 ], [ 7936908.952191011048853, 851412.652627614792436 ], [ 7936898.244790954515338, 851424.9626565114595 ], [ 7936889.024932639673352, 851445.747442663181573 ], [ 7936884.982950399629772, 851460.755477645434439 ], [ 7936879.997132011689246, 851491.424075738992542 ] ] ] } },
{ "type": "Feature", "properties": { "element": "relation", "id": 13096532, "leisure": "golf_course", "name": "Point Judith Country Club", "addr:city": null, "addr:housenumber": null, "addr:postcode": null, "addr:state": null, "addr:street": null, "description": null, "golf:course": null, "golf:links": null, "golf:par": null, "phone": null, "website": null, "opening_hours": null, "access": null, "email": null, "fax": null, "source": null, "old_name": null, "owner": null, "ownership": null, "wikidata": null, "wheelchair": null, "natural": null, "type": "multipolygon", "operator": null, "addr:country": null, "landuse": null, "wikipedia": null, "area_m2": 573386.7818725328, "lat": 41.408708857026248, "lon": -71.470216854847791, "province": "Rhode Island", "gcid": "RD00014" }, "geometry": { "type": "Polygon", "coordinates": [ [ [ 7936879.997132011689246, 851491.424075738992542 ], [ 7936872.323481547646224, 851521.964415224734694 ], [ 7936839.24662191234529, 851630.259403851348907 ], [ 7936827.156965564936399, 851672.093056462705135 ], [ 7936671.939901352860034, 852137.284171039238572 ], [ 7936670.901208935305476, 852142.943006488494575 ], [ 7936672.63982279971242, 852147.30435217730701 ], [ 7936674.26438045874238, 852150.524126829579473 ], [ 7936678.042993357405066, 852153.003604573663324 ], [ 7936687.125731606967747, 852155.897765797097236 ], [ 7936693.793412908911705, 852157.238168424926698 ], [ 7936697.524851418100297, 852157.494586274493486 ], [ 7936702.806788025423884, 852156.21603088080883 ], [ 7936711.080335733480752, 852153.517097683157772 ], [ 7936718.422511035576463, 852151.588404974900186 ], [ 7936724.648586372844875, 852151.09634135151282 ], [ 7936735.003821108490229, 852151.477917576674372 ], [ 7936778.085001331754029, 852155.071724446490407 ], [ 7936817.657288014888763, 852158.289196185767651 ], [ 7936837.73974634334445, 852159.899391612969339 ], [ 7936888.848051903769374, 852164.315712528768927 ], [ 7936921.589019295759499, 852166.466421047691256 ], [ 7936958.898904776200652, 852169.321797689422965 ], [ 7936987.202690636739135, 852171.636915600392967 ], [ 7937018.350299581885338, 852174.544765782542527 ], [ 7937090.929602306336164, 852181.095587181858718 ], [ 7937146.1194834029302, 852185.790186275728047 ], [ 7937230.310243904590607, 852192.050729786045849 ], [ 7937259.214580735191703, 852194.566672152839601 ], [ 7937273.900892084464431, 852195.38090830668807 ], [ 7937281.231828844174743, 852195.219976880587637 ], [ 7937311.881338010542095, 852191.244477028958499 ], [ 7937408.618488380685449, 852177.137092028278857 ], [ 7937422.023213391192257, 852176.009858970530331 ], [ 7937436.595024678856134, 852176.592386324424297 ], [ 7937461.308299323543906, 852179.027243620250374 ], [ 7937475.030627071857452, 852179.885663878638297 ], [ 7937510.8145038690418, 852182.310543927364051 ], [ 7937559.847633490338922, 852186.35897156689316 ], [ 7937619.112810405902565, 852191.053306693211198 ], [ 7937620.523863304406404, 852176.056977726984769 ], [ 7937623.421534701250494, 852173.271519946865737 ], [ 7937637.48778086528182, 852166.360403982456774 ], [ 7937647.514497956261039, 852154.868871783837676 ], [ 7937655.652759214863181, 852150.46438157511875 ], [ 7937671.216562516987324, 852139.732660375069827 ], [ 7937685.887148867361248, 852128.473775901366025 ], [ 7937699.680213342420757, 852122.248265061061829 ], [ 7937719.273145502433181, 852120.059990600682795 ], [ 7937735.020593403838575, 852116.885426106862724 ], [ 7937753.556916194967926, 852112.078015215229243 ], [ 7937763.636703357100487, 852112.770146087277681 ], [ 7937777.20034041069448, 852115.262513117864728 ], [ 7937787.601368732750416, 852115.867331763263792 ], [ 7937801.725996667519212, 852113.839829884003848 ], [ 7937814.575010986998677, 852113.947938418481499 ], [ 7937827.369251031428576, 852115.760288799181581 ], [ 7937841.095098981633782, 852116.390216726344079 ], [ 7937857.22315919958055, 852117.320922596380115 ], [ 7937870.959707034751773, 852117.39651090465486 ], [ 7937878.33121270686388, 852119.396697680000216 ], [ 7937888.984370994381607, 852122.596312856301665 ], [ 7937897.493224779143929, 852121.832790268585086 ], [ 7937905.683874137699604, 852119.580773880705237 ], [ 7937927.301966236904263, 852117.592903493437916 ], [ 7937935.933674847707152, 852117.476734213531017 ], [ 7937951.120846037752926, 852123.79609154863283 ], [ 7937957.163134629838169, 852125.94913164107129 ], [ 7937965.024555820040405, 852124.303463427349925 ], [ 7937977.05213148612529, 852122.404457625932992 ], [ 7937983.494118954986334, 852120.990739985834807 ], [ 7937988.600792473182082, 852120.297836374957114 ], [ 7937995.668440700508654, 852117.660686133429408 ], [ 7938002.689726532436907, 852114.256089591886848 ], [ 7938018.560506902635098, 852110.492426439654082 ], [ 7938030.261337832547724, 852111.226288763806224 ], [ 7938038.560213794000447, 852109.143812873866409 ], [ 7938045.705556278117001, 852101.765490112826228 ], [ 7938048.073979307897389, 852094.279852306004614 ], [ 7938048.237977109849453, 852079.851294746156782 ], [ 7938054.190840007737279, 852057.399612002074718 ], [ 7938074.473777855746448, 852060.778758221305907 ], [ 7938097.6398119116202, 852062.544386763125658 ], [ 7938123.19400473497808, 852065.285566388629377 ], [ 7938125.921358675695956, 852063.42615400115028 ], [ 7938128.830211750231683, 852043.238065833691508 ], [ 7938124.603017024695873, 852034.49489866103977 ], [ 7938112.586272198706865, 852029.543897664640099 ], [ 7938108.563841827213764, 852023.949790213722736 ], [ 7938107.719371646642685, 852019.290301394183189 ], [ 7938114.196735443547368, 851997.789108970668167 ], [ 7938118.602996680885553, 851994.862101744860411 ], [ 7938123.137112084776163, 851995.398222430143505 ], [ 7938130.740048192441463, 851997.499853945802897 ], [ 7938159.189853778108954, 851991.390038043260574 ], [ 7938187.256890632212162, 851980.38605406973511 ], [ 7938209.957095359452069, 851978.855541005730629 ], [ 7938233.071825545281172, 851976.407534395810217 ], [ 7938244.238878560252488, 851969.322412856854498 ], [ 7938246.646485799923539, 851955.590604729950428 ], [ 7938250.033836141228676, 851943.5550391911529 ], [ 7938253.157666992396116, 851940.420292068272829 ], [ 7938267.448697507381439, 851933.718192360829562 ], [ 7938275.732443632557988, 851929.896262934431434 ], [ 7938279.548508519306779, 851903.653210274409503 ], [ 7938278.667914018034935, 851860.844533988740295 ], [ 7938276.794222129508853, 851797.084591266233474 ], [ 7938278.309238805435598, 851768.475643524900079 ], [ 7938277.533132587559521, 851759.87221447005868 ], [ 7938271.096287125721574, 851758.327777453698218 ], [ 7938264.775598917156458, 851751.678763012867421 ], [ 7938255.349058168940246, 851742.008427466731519 ], [ 7938254.122847249731421, 851734.347167272586375 ], [ 7938252.20615422539413, 851722.332231308799237 ], [ 7938245.212053118273616, 851711.6627680179663 ], [ 7938238.843733482994139, 851708.867494303267449 ], [ 7938219.95455520413816, 851713.520523538812995 ], [ 7938213.746247322298586, 851709.529045097995549 ], [ 7938190.593650341033936, 851703.182812562678009 ], [ 7938180.163624509237707, 851703.101666954811662 ], [ 7938165.816879775375128, 851702.192271612584591 ], [ 7938138.326827405020595, 851701.561881494242698 ], [ 7938123.929790293797851, 851700.611621395684779 ], [ 7938108.907646562904119, 851699.866132471244782 ], [ 7938025.559585199691355, 851695.149332436732948 ], [ 7937989.183505445718765, 851692.10121724801138 ], [ 7937951.614448307082057, 851687.201431975699961 ], [ 7937906.828697372227907, 851684.149955873843282 ], [ 7937864.302246989682317, 851679.411265518981963 ], [ 7937837.742633823305368, 851679.006492413114756 ], [ 7937827.718099445104599, 851682.626838635187596 ], [ 7937824.55289120413363, 851720.609026174526662 ], [ 7937817.966677355580032, 851747.25361288851127 ], [ 7937809.898820227943361, 851765.327568093780428 ], [ 7937802.535414109937847, 851783.15032584965229 ], [ 7937800.449571907520294, 851795.230040148831904 ], [ 7937802.945805902592838, 851815.563862412236631 ], [ 7937805.683955794200301, 851827.499369692523032 ], [ 7937805.638975465670228, 851833.682715508155525 ], [ 7937801.608663741499186, 851839.767266717273742 ], [ 7937788.300855350680649, 851841.835935485549271 ], [ 7937503.212284412235022, 851852.000474763102829 ], [ 7937494.605497787706554, 851844.920817788690329 ], [ 7937494.060334524139762, 851830.972827579826117 ], [ 7937491.807838008739054, 851801.59919302444905 ], [ 7937482.968608988448977, 851775.944961818866432 ], [ 7937475.697542612440884, 851763.11085239937529 ], [ 7937467.719444805756211, 851753.862717463169247 ], [ 7937460.050539011135697, 851747.312992083840072 ], [ 7937454.169880813919008, 851736.808651881758124 ], [ 7937452.239372530020773, 851723.759072685614228 ], [ 7937448.710033714771271, 851716.07340722437948 ], [ 7937445.075218578800559, 851708.595304871443659 ], [ 7937441.047046637162566, 851700.81675575254485 ], [ 7937429.012041490525007, 851697.486898344475776 ], [ 7937418.65075211878866, 851700.58356851246208 ], [ 7937406.104347139596939, 851721.973472948651761 ], [ 7937395.392794704064727, 851743.063017790671438 ], [ 7937373.009219696745276, 851785.274807062000036 ], [ 7937348.140564875677228, 851827.655797975603491 ], [ 7937319.858321483246982, 851865.38554350566119 ], [ 7937299.636088727042079, 851887.452512855641544 ], [ 7937290.247297030873597, 851901.315471823792905 ], [ 7937278.882509906776249, 851921.266055632848293 ], [ 7937263.801288012415171, 851939.594272091519088 ], [ 7937256.438315954059362, 851944.305304225999862 ], [ 7937248.667221362702549, 851947.413172094151378 ], [ 7937242.33856191765517, 851945.51767098903656 ], [ 7937234.467216409742832, 851940.210991443134844 ], [ 7937216.227405404672027, 851933.789901016280055 ], [ 7937203.392494696192443, 851934.658265902660787 ], [ 7937165.880823781713843, 851933.420866803266108 ], [ 7937142.914475599303842, 851927.346876433584839 ], [ 7937102.557691939175129, 851921.368720992933959 ], [ 7937069.665806137956679, 851914.606919148005545 ], [ 7937031.899818810634315, 851910.726755328010768 ], [ 7936999.585483631119132, 851908.935995480045676 ], [ 7936964.505525013431907, 851913.577284035272896 ], [ 7936937.690823629498482, 851924.347047083545476 ], [ 7936932.646742084994912, 851929.500842625275254 ], [ 7936923.458636033348739, 851949.968089073896408 ], [ 7936922.525808698497713, 851959.240203720517457 ], [ 7936922.230149233713746, 851974.375946203246713 ], [ 7936918.462149696424603, 851975.356569569092244 ], [ 7936911.615262307226658, 851974.417372004128993 ], [ 7936903.043960239738226, 851962.996323184110224 ], [ 7936899.030560583807528, 851939.965173232834786 ], [ 7936902.779776955023408, 851927.298158341553062 ], [ 7936906.448926158249378, 851907.254429238382727 ], [ 7936919.65907625015825, 851881.961055260617286 ], [ 7936930.318771526217461, 851863.71677434630692 ], [ 7936955.637903682887554, 851839.108401822391897 ], [ 7936974.285507152788341, 851826.233218487352133 ], [ 7936985.890959179960191, 851815.701615656726062 ], [ 7936991.583733954466879, 851811.454531974159181 ], [ 7936994.120206158608198, 851806.207961610518396 ], [ 7936998.473753552883863, 851748.378904058132321 ], [ 7937005.266497410833836, 851725.005631151609123 ], [ 7937010.153160486370325, 851704.650299402419478 ], [ 7937012.521873544901609, 851674.689586629159749 ], [ 7937010.880529752001166, 851648.940381227526814 ], [ 7936999.559716211631894, 851593.075019548181444 ], [ 7936997.818880764767528, 851575.29796890867874 ], [ 7936989.280351438559592, 851547.768170781433582 ], [ 7936984.292554776184261, 851518.069663164205849 ], [ 7936981.049297345802188, 851498.326166321523488 ], [ 7936980.500062007457018, 851484.110436631832272 ], [ 7936981.476268914528191, 851477.484568778425455 ], [ 7936987.4707091730088, 851468.231105112005025 ], [ 7936991.91429478675127, 851460.815784280188382 ], [ 7936995.019894098863006, 851453.332234856672585 ], [ 7936996.291247277520597, 851448.732879704795778 ], [ 7936995.924658961594105, 851442.328276207670569 ], [ 7936995.022629956714809, 851438.911603861954063 ], [ 7936992.915878237225115, 851433.457516863010824 ], [ 7936985.194565747864544, 851425.193269766867161 ], [ 7936971.878191372379661, 851415.435316238552332 ], [ 7936957.552670937031507, 851408.386776609811932 ], [ 7936941.701065553352237, 851404.009449346456677 ], [ 7936929.933927807025611, 851403.777893933001906 ], [ 7936918.930022483691573, 851406.941183048766106 ], [ 7936908.952191011048853, 851412.652627614792436 ], [ 7936898.244790954515338, 851424.9626565114595 ], [ 7936889.024932639673352, 851445.747442663181573 ], [ 7936884.982950399629772, 851460.755477645434439 ], [ 7936879.997132011689246, 851491.424075738992542 ] ] ] } },
{ "type": "Feature", "properties": { "element": "way", "id": 141111889, "leisure": "golf_course", "name": "Valley Country Club", "addr:city": null, "addr:housenumber": null, "addr:postcode": null, "addr:state": null, "addr:street": null, "description": null, "golf:course": "18", "golf:links": null, "golf:par": "72", "phone": "+1-401-821-1115", "website": "https://www.valleycountryclub.net/", "opening_hours": null, "access": null, "email": null, "fax": null, "source": null, "old_name": null, "owner": null, "ownership": null, "wikidata": null, "wheelchair": null, "natural": null, "type": null, "operator": null, "addr:country": null, "landuse": null, "wikipedia": null, "area_m2": 572685.68595098797, "lat": 41.703470327327359, "lon": -71.508645019076795, "province": "Rhode Island", "gcid": "RD00028" }, "geometry": { "type": "Polygon", "coordinates": [ [ [ 7923521.913986319676042, 883721.647778964601457 ], [ 7923461.128296387381852, 883654.96951880864799 ], [ 7923378.458861065097153, 883561.134298660326749 ], [ 7923329.052987130358815, 883506.100102240685374 ], [ 7923284.152996418997645, 883454.933028738480061 ], [ 7923255.156901036389172, 883413.3475073389709 ], [ 7923223.743709239177406, 883372.510976726654917 ], [ 7923204.891350405290723, 883344.336764840874821 ], [ 7923200.655177494511008, 883337.654077558312565 ], [ 7923191.076656451448798, 883321.028470008634031 ], [ 7923187.168811513110995, 883313.546551658771932 ], [ 7923183.263330922462046, 883306.4407519986853 ], [ 7923179.664386291988194, 883299.121747713070363 ], [ 7923177.990392941981554, 883293.167099302168936 ], [ 7923175.711455008015037, 883284.602605690713972 ], [ 7923172.766915258020163, 883268.710490893106908 ], [ 7923168.126005902886391, 883222.39933098712936 ], [ 7923165.045939150266349, 883178.167241296730936 ], [ 7923160.475195766426623, 883106.041995406616479 ], [ 7923147.408488516695797, 882931.517378603573889 ], [ 7923153.455078167840838, 882930.712039166130126 ], [ 7923474.441860114224255, 883044.652825493831187 ], [ 7923512.935068344697356, 882975.489498276729137 ], [ 7923593.104896921664476, 882798.103668934199959 ], [ 7923693.147202466614544, 882619.190289529040456 ], [ 7923762.819728819653392, 882483.315625060349703 ], [ 7923839.155006777495146, 882357.02229566546157 ], [ 7923886.95281189866364, 882387.274296607356519 ], [ 7923891.755463013425469, 882390.307108941022307 ], [ 7923873.339468260295689, 882423.881673851050436 ], [ 7923890.9025141261518, 882449.524545758962631 ], [ 7923955.499561513774097, 882476.37374488869682 ], [ 7923962.151715563610196, 882464.327328140847385 ], [ 7923973.032239711843431, 882441.332030377816409 ], [ 7923998.800167025998235, 882393.109714667312801 ], [ 7924108.16644617728889, 882442.211820967961103 ], [ 7923949.842140199616551, 882883.661002330016345 ], [ 7923815.098753317259252, 883031.34289223048836 ], [ 7923873.945928176864982, 883164.606127304490656 ], [ 7923897.572056228294969, 883189.026645221747458 ], [ 7923901.667672334238887, 883224.214368782937527 ], [ 7923887.246404116041958, 883267.030125310178846 ], [ 7923845.530206791125238, 883388.482929640449584 ], [ 7923737.680423490703106, 883482.864772147499025 ], [ 7923677.33694477006793, 883511.788363367784768 ], [ 7923576.519490559585392, 883556.451101465616375 ], [ 7923568.208939807489514, 883564.278415063861758 ], [ 7923565.112844247370958, 883580.214957957156003 ], [ 7923571.138050859794021, 883620.036540111061186 ], [ 7923577.783859826624393, 883673.394366262014955 ], [ 7923521.913986319676042, 883721.647778964601457 ] ] ] } },
{ "type": "Feature", "properties": { "element": "way", "id": 141111889, "leisure": "golf_course", "name": "Valley Country Club", "addr:city": null, "addr:housenumber": null, "addr:postcode": null, "addr:state": null, "addr:street": null, "description": null, "golf:course": "18", "golf:links": null, "golf:par": "72", "phone": "+1-401-821-1115", "website": "https://www.valleycountryclub.net/", "opening_hours": null, "access": null, "email": null, "fax": null, "source": null, "old_name": null, "owner": null, "ownership": null, "wikidata": null, "wheelchair": null, "natural": null, "type": null, "operator": null, "addr:country": null, "landuse": null, "wikipedia": null, "area_m2": 572685.68595098797, "lat": 41.703470327327359, "lon": -71.508645019076795, "province": "Rhode Island", "gcid": "RD00029" }, "geometry": { "type": "Polygon", "coordinates": [ [ [ 7923521.913986319676042, 883721.647778964601457 ], [ 7923461.128296387381852, 883654.96951880864799 ], [ 7923378.458861065097153, 883561.134298660326749 ], [ 7923329.052987130358815, 883506.100102240685374 ], [ 7923284.152996418997645, 883454.933028738480061 ], [ 7923255.156901036389172, 883413.3475073389709 ], [ 7923223.743709239177406, 883372.510976726654917 ], [ 7923204.891350405290723, 883344.336764840874821 ], [ 7923200.655177494511008, 883337.654077558312565 ], [ 7923191.076656451448798, 883321.028470008634031 ], [ 7923187.168811513110995, 883313.546551658771932 ], [ 7923183.263330922462046, 883306.4407519986853 ], [ 7923179.664386291988194, 883299.121747713070363 ], [ 7923177.990392941981554, 883293.167099302168936 ], [ 7923175.711455008015037, 883284.602605690713972 ], [ 7923172.766915258020163, 883268.710490893106908 ], [ 7923168.126005902886391, 883222.39933098712936 ], [ 7923165.045939150266349, 883178.167241296730936 ], [ 7923160.475195766426623, 883106.041995406616479 ], [ 7923147.408488516695797, 882931.517378603573889 ], [ 7923153.455078167840838, 882930.712039166130126 ], [ 7923474.441860114224255, 883044.652825493831187 ], [ 7923512.935068344697356, 882975.489498276729137 ], [ 7923593.104896921664476, 882798.103668934199959 ], [ 7923693.147202466614544, 882619.190289529040456 ], [ 7923762.819728819653392, 882483.315625060349703 ], [ 7923839.155006777495146, 882357.02229566546157 ], [ 7923886.95281189866364, 882387.274296607356519 ], [ 7923891.755463013425469, 882390.307108941022307 ], [ 7923873.339468260295689, 882423.881673851050436 ], [ 7923890.9025141261518, 882449.524545758962631 ], [ 7923955.499561513774097, 882476.37374488869682 ], [ 7923962.151715563610196, 882464.327328140847385 ], [ 7923973.032239711843431, 882441.332030377816409 ], [ 7923998.800167025998235, 882393.109714667312801 ], [ 7924108.16644617728889, 882442.211820967961103 ], [ 7923949.842140199616551, 882883.661002330016345 ], [ 7923815.098753317259252, 883031.34289223048836 ], [ 7923873.945928176864982, 883164.606127304490656 ], [ 7923897.572056228294969, 883189.026645221747458 ], [ 7923901.667672334238887, 883224.214368782937527 ], [ 7923887.246404116041958, 883267.030125310178846 ], [ 7923845.530206791125238, 883388.482929640449584 ], [ 7923737.680423490703106, 883482.864772147499025 ], [ 7923677.33694477006793, 883511.788363367784768 ], [ 7923576.519490559585392, 883556.451101465616375 ], [ 7923568.208939807489514, 883564.278415063861758 ], [ 7923565.112844247370958, 883580.214957957156003 ], [ 7923571.138050859794021, 883620.036540111061186 ], [ 7923577.783859826624393, 883673.394366262014955 ], [ 7923521.913986319676042, 883721.647778964601457 ] ] ] } },
{ "type": "Feature", "properties": { "element": "way", "id": 49551430, "leisure": "golf_course", "name": "Montaup Country Club", "addr:city": "Portsmouth", "addr:housenumber": "500", "addr:postcode": "02871", "addr:state": null, "addr:street": "Anthony Road", "description": null, "golf:course": "18", "golf:links": null, "golf:par": "71", "phone": "+1 401-683-0955", "website": "https://www.montaupcc.com/", "opening_hours": null, "access": null, "email": null, "fax": null, "source": null, "old_name": null, "owner": null, "ownership": null, "wikidata": null, "wheelchair": null, "natural": null, "type": null, "operator": null, "addr:country": null, "landuse": null, "wikipedia": null, "area_m2": 570227.40088257624, "lat": 41.637181414363724, "lon": -71.234325982704632, "province": "Rhode Island", "gcid": "RD00022" }, "geometry": { "type": "Polygon", "coordinates": [ [ [ 7948084.052598882466555, 882660.725499729160219 ], [ 7947906.772981952875853, 882634.833745268639177 ], [ 7947864.72996339481324, 882637.57501115091145 ], [ 7947823.395186783745885, 882639.996642494108528 ], [ 7947819.044534747488797, 882697.967601059935987 ], [ 7947876.865880786441267, 882746.34145782655105 ], [ 7948031.8422383479774, 882947.47743131313473 ], [ 7948032.005348868668079, 882982.209970946889371 ], [ 7948039.119073851034045, 883024.579446082469076 ], [ 7947978.239955317229033, 883048.847850962076336 ], [ 7947968.831505756825209, 883088.477201567497104 ], [ 7947985.133370375260711, 883138.701711828820407 ], [ 7948031.753815066069365, 883273.021613167598844 ], [ 7948109.482152860611677, 883326.382199721410871 ], [ 7948238.672923255711794, 883389.271559556480497 ], [ 7948299.454253496602178, 883429.163094997871667 ], [ 7948337.976326162926853, 883488.789551110006869 ], [ 7948387.903899206779897, 883550.808225688058883 ], [ 7948423.725563615560532, 883598.489931795746088 ], [ 7948452.114718763157725, 883636.722501531708986 ], [ 7948474.947271250188351, 883678.787624800112098 ], [ 7948480.619698168709874, 883696.390712943393737 ], [ 7948484.553160263225436, 883759.10080550191924 ], [ 7948490.141588614322245, 883809.231176474597305 ], [ 7948522.984413262456656, 883822.228850188199431 ], [ 7948529.001395214349031, 883808.31418132642284 ], [ 7948548.83540054038167, 883793.248239874839783 ], [ 7948555.920534571632743, 883776.915104432031512 ], [ 7948567.203899773769081, 883762.952058810740709 ], [ 7948625.523636195808649, 883667.188556186854839 ], [ 7948663.678160417824984, 883699.270103543065488 ], [ 7948683.364392240531743, 883715.813012462109327 ], [ 7948764.626216408796608, 883791.650547153782099 ], [ 7949185.974644063971937, 883989.803344225045294 ], [ 7949221.643853128887713, 883977.361787040252239 ], [ 7949233.513721119612455, 883914.494282604195178 ], [ 7949234.631080613471568, 883905.14186789188534 ], [ 7949242.638732769526541, 883838.039273670408875 ], [ 7949200.285612310282886, 883802.890174976084381 ], [ 7949180.366895562969148, 883762.23692311020568 ], [ 7949035.220758892595768, 883704.081218895036727 ], [ 7949029.850721649825573, 883702.056466759182513 ], [ 7948947.040344118140638, 883670.828771160449833 ], [ 7948939.491608569398522, 883638.923098444007337 ], [ 7948935.719191991724074, 883595.005388427525759 ], [ 7948917.019732733257115, 883582.019931414630264 ], [ 7948897.660958175547421, 883567.369343566708267 ], [ 7948882.69764956086874, 883552.365648927167058 ], [ 7948862.513840472325683, 883527.83087946055457 ], [ 7948829.417391236871481, 883485.088810385204852 ], [ 7948767.609147056937218, 883408.722135590389371 ], [ 7948722.566408119164407, 883353.957758729811758 ], [ 7948695.919375716708601, 883324.691029174253345 ], [ 7948588.30417247209698, 883208.505959527101368 ], [ 7948409.356507996097207, 883011.549014620948583 ], [ 7948318.758564837276936, 882928.919518116861582 ], [ 7948303.650754906237125, 882909.248425471130759 ], [ 7948179.345659090206027, 882741.021397590171546 ], [ 7948122.042829371988773, 882661.353984472807497 ], [ 7948084.052598882466555, 882660.725499729160219 ] ] ] } },
{ "type": "Feature", "properties": { "element": "way", "id": 141527481, "leisure": "golf_course", "name": "North Kingstown Golf Course", "addr:city": "North Kingstown", "addr:housenumber": "615", "addr:postcode": "02852", "addr:state": null, "addr:street": "Callahan Raod", "description": null, "golf:course": "18", "golf:links": null, "golf:par": "70", "phone": "+1 401-294-0684", "website": "http://www.nkgc.com/", "opening_hours": null, "access": null, "email": null, "fax": null, "source": null, "old_name": null, "owner": null, "ownership": null, "wikidata": null, "wheelchair": null, "natural": null, "type": null, "operator": null, "addr:country": null, "landuse": null, "wikipedia": null, "area_m2": 564887.60806235671, "lat": 41.598365404579596, "lon": -71.429525464542181, "province": "Rhode Island", "gcid": "RD00030" }, "geometry": { "type": "Polygon", "coordinates": [ [ [ 7934434.672756138257682, 874411.041603464167565 ], [ 7934436.773574183695018, 874431.423878288362175 ], [ 7934458.356397136114538, 874433.896063373889774 ], [ 7934467.830266417935491, 874438.856653074733913 ], [ 7934481.184743606485426, 874451.75121613452211 ], [ 7934485.231780568137765, 874459.595154813956469 ], [ 7934487.484865137375891, 874470.914015667047352 ], [ 7934482.363960215821862, 874492.903231491334736 ], [ 7934474.649848797358572, 874508.829443649854511 ], [ 7934434.942005903460085, 874538.305292453151196 ], [ 7934442.373980546370149, 874549.50640493677929 ], [ 7934491.312670756131411, 874513.044977340847254 ], [ 7934539.095035696402192, 874477.107593294233084 ], [ 7934609.40184489544481, 874418.007617059629411 ], [ 7934645.766362273134291, 874385.382542219944298 ], [ 7934678.44457336794585, 874339.761187924072146 ], [ 7934701.265039995312691, 874290.796228101011366 ], [ 7934608.778415248729289, 874173.192172374110669 ], [ 7934551.091630478389561, 874196.330235827714205 ], [ 7934461.172365757636726, 874174.036309959366918 ], [ 7934380.822159425355494, 874158.687285164836794 ], [ 7934337.659985085949302, 874124.354792058467865 ], [ 7934338.585063619539142, 874114.882023426238447 ], [ 7934363.06852910015732, 874072.905706241726875 ], [ 7934385.504909072071314, 874035.083591147791594 ], [ 7934418.224751896224916, 874023.373996876645833 ], [ 7934527.952047865837812, 874001.842287531122565 ], [ 7934524.122872771695256, 873957.904442410450429 ], [ 7934499.953740866854787, 873921.580618525855243 ], [ 7934491.910481638275087, 873917.484441354405135 ], [ 7934382.812256972305477, 873953.383085057139397 ], [ 7934347.689520297572017, 873947.143249872606248 ], [ 7934255.412160543724895, 873958.950207632035017 ], [ 7934216.429332284256816, 873957.03758453251794 ], [ 7934182.912684386596084, 873958.217537487391382 ], [ 7934177.217103563249111, 873934.772388561628759 ], [ 7934079.507908922620118, 873908.135745859704912 ], [ 7934096.630507527850568, 873844.837738151662052 ], [ 7934099.731574396602809, 873830.356700964272022 ], [ 7934099.178873023018241, 873811.738506717607379 ], [ 7934096.383661028929055, 873775.587888423353434 ], [ 7934092.688243072479963, 873754.057085506152362 ], [ 7934088.939532343298197, 873744.08296512439847 ], [ 7934067.216989578679204, 873741.506109600421041 ], [ 7934043.59843210875988, 873755.120460858102888 ], [ 7934029.725990110076964, 873763.616367857903242 ], [ 7934013.703670696355402, 873774.717480765189976 ], [ 7934002.517326714470983, 873774.242058440111578 ], [ 7933998.169805074110627, 873772.188953900709748 ], [ 7933984.766253607347608, 873771.678492077626288 ], [ 7933972.647461103275418, 873768.674852042924613 ], [ 7933962.227505378425121, 873758.080150118097663 ], [ 7933952.565836113877594, 873749.47099051438272 ], [ 7933939.679586326703429, 873747.133090289309621 ], [ 7933932.032211110927165, 873747.750923349987715 ], [ 7933929.761032480746508, 873744.680114658083767 ], [ 7933930.480167958885431, 873737.381039383821189 ], [ 7933933.278795736841857, 873727.004890197888017 ], [ 7933937.293848400935531, 873720.572564023546875 ], [ 7933946.363352635875344, 873713.495608342345804 ], [ 7933950.777659653685987, 873706.820458655711263 ], [ 7933955.332885470241308, 873696.059391263872385 ], [ 7933959.264463842846453, 873682.060809494927526 ], [ 7933957.707258809357882, 873666.95036077266559 ], [ 7933959.810043098405004, 873655.494182680733502 ], [ 7933970.381512092426419, 873637.645764727611095 ], [ 7933976.553719684481621, 873611.558110936544836 ], [ 7933998.761736800894141, 873441.10412572696805 ], [ 7934013.940614026039839, 873302.451143463142216 ], [ 7934017.142799596302211, 873258.9884745455347 ], [ 7933735.401598647236824, 873319.847276825923473 ], [ 7933715.770056861452758, 873168.024132196325809 ], [ 7933197.36029601469636, 873272.406438908074051 ], [ 7933196.432247244752944, 873281.950586307793856 ], [ 7933198.718451811932027, 873306.198095159605145 ], [ 7933198.752042837440968, 873321.055242588277906 ], [ 7933196.513888805173337, 873333.908351117745042 ], [ 7933190.981703381985426, 873359.069371612742543 ], [ 7933185.126190505921841, 873377.408799594733864 ], [ 7933169.567147456109524, 873414.661671972833574 ], [ 7933160.643439735285938, 873431.531916878186166 ], [ 7933155.979552526026964, 873457.090741095598787 ], [ 7933143.588056357577443, 873491.603955759201199 ], [ 7933227.312770366668701, 873520.136751258280128 ], [ 7933297.325166984461248, 873542.799919123295695 ], [ 7933446.663157464005053, 873587.531876592896879 ], [ 7933599.371087271720171, 873635.013924476224929 ], [ 7933803.384004063904285, 873698.47294133529067 ], [ 7933764.578133545815945, 873819.854252649471164 ], [ 7933849.521204566583037, 873847.180299934931099 ], [ 7933868.686921967193484, 873859.267709420528263 ], [ 7933885.681190350092947, 873873.068492822814733 ], [ 7933896.752242302522063, 873880.886233074124902 ], [ 7933952.473033506423235, 873908.13499475363642 ], [ 7933985.515254973433912, 873924.284401748329401 ], [ 7934046.040760316886008, 873951.364230777136981 ], [ 7934065.375070858746767, 873959.254656153265387 ], [ 7934086.395520392805338, 873966.288452767301351 ], [ 7934085.040031984448433, 873986.101424899417907 ], [ 7934087.870537643320858, 874070.07589797116816 ], [ 7934093.717328017577529, 874173.379327826667577 ], [ 7934096.174557047896087, 874242.019059352576733 ], [ 7934099.700481442734599, 874308.13000622484833 ], [ 7934114.049451411701739, 874394.847939602099359 ], [ 7934129.644393759779632, 874452.190677585080266 ], [ 7934133.508385432884097, 874497.58044154709205 ], [ 7934145.252426167950034, 874515.803709505591542 ], [ 7934170.569807858206332, 874521.154450454749167 ], [ 7934184.853336034342647, 874521.668163847643882 ], [ 7934199.744968785904348, 874524.481082206126302 ], [ 7934205.333973050117493, 874525.699583907611668 ], [ 7934209.473812992684543, 874511.079956879839301 ], [ 7934209.865575767122209, 874494.739738633856177 ], [ 7934207.21111305616796, 874483.832961482461542 ], [ 7934204.402115200646222, 874474.729047867935151 ], [ 7934200.434740141034126, 874471.37202609423548 ], [ 7934197.946441265754402, 874469.392193433362991 ], [ 7934192.124816549941897, 874460.921418806072325 ], [ 7934193.283260502852499, 874456.895547134336084 ], [ 7934200.163241772912443, 874451.914366073906422 ], [ 7934200.826458167284727, 874450.414182226639241 ], [ 7934200.823210990056396, 874447.964922628365457 ], [ 7934197.001617525704205, 874438.814753570593894 ], [ 7934196.848635553382337, 874433.891701911110431 ], [ 7934198.457763358019292, 874432.064104825723916 ], [ 7934201.282566268928349, 874430.738213351927698 ], [ 7934204.003462368622422, 874430.626057247631252 ], [ 7934208.285278775729239, 874431.809260041918606 ], [ 7934210.990814990364015, 874433.437231470830739 ], [ 7934213.980032187886536, 874436.371625624131411 ], [ 7934219.051439037546515, 874445.319830927997828 ], [ 7934221.937187620438635, 874447.116889042314142 ], [ 7934225.403470041230321, 874447.580151785165071 ], [ 7934229.386498352512717, 874446.518705132417381 ], [ 7934230.067712409421802, 874441.521913308184594 ], [ 7934242.782755676656961, 874411.529229388106614 ], [ 7934214.646214388310909, 874253.573250472079962 ], [ 7934260.420401759445667, 874245.082603420130908 ], [ 7934273.714084913022816, 874304.665889185387641 ], [ 7934303.14267245400697, 874299.011360199656337 ], [ 7934319.096698423847556, 874297.269567404873669 ], [ 7934335.3471749573946, 874296.850624691694975 ], [ 7934344.662577759474516, 874297.807058308273554 ], [ 7934360.159826557151973, 874302.191378035582602 ], [ 7934377.806586945429444, 874307.824738918337971 ], [ 7934388.376607483252883, 874312.144134000409395 ], [ 7934397.000660316087306, 874321.269559950102121 ], [ 7934410.938447067514062, 874341.702717202249914 ], [ 7934416.225644147954881, 874352.73496271437034 ], [ 7934421.433919692412019, 874365.861924018710852 ], [ 7934434.672756138257682, 874411.041603464167565 ] ] ] } },
{ "type": "Feature", "properties": { "element": "way", "id": 380867873, "leisure": "golf_course", "name": "Melody Hill Country Club", "addr:city": "Harmony", "addr:housenumber": "55", "addr:postcode": "02829", "addr:state": null, "addr:street": "Melody Hill Lane", "description": null, "golf:course": null, "golf:links": null, "golf:par": null, "phone": "+1 401 949 9851", "website": "https://www.melodyhillcc.com/", "opening_hours": null, "access": null, "email": null, "fax": null, "source": null, "old_name": null, "owner": null, "ownership": null, "wikidata": null, "wheelchair": null, "natural": null, "type": null, "operator": null, "addr:country": null, "landuse": null, "wikipedia": null, "area_m2": 546873.60857054952, "lat": 41.884514422248216, "lon": -71.610683202338308, "province": "Rhode Island", "gcid": "RD00048" }, "geometry": { "type": "Polygon", "coordinates": [ [ [ 7909281.828465791419148, 900170.140116496942937 ], [ 7909318.263172251172364, 900263.209255187306553 ], [ 7909314.312875207513571, 900302.965010120533407 ], [ 7909297.144077529199421, 900329.245180802885443 ], [ 7909213.91803967859596, 900404.03241425473243 ], [ 7909167.345050313510001, 900431.484476793091744 ], [ 7909127.355161800049245, 900452.015921487938613 ], [ 7909099.847169334068894, 900472.613500389736146 ], [ 7909084.725109627470374, 900487.321343557909131 ], [ 7909070.114179576747119, 900498.123413830529898 ], [ 7909066.48290179297328, 900498.231660034973174 ], [ 7909052.31655845977366, 900493.330394160468131 ], [ 7909037.577711110934615, 900490.658376608043909 ], [ 7909035.425134534016252, 900496.09024640545249 ], [ 7909033.107879832386971, 900501.939318861812353 ], [ 7909031.247484120540321, 900506.923486655112356 ], [ 7909030.058343486860394, 900514.885515781119466 ], [ 7909028.76216730941087, 900516.295761863235384 ], [ 7909031.766998963430524, 900518.580260812770575 ], [ 7909046.170714974403381, 900524.10381814558059 ], [ 7909052.881967215798795, 900529.750501878093928 ], [ 7909056.490884309634566, 900532.778274872340262 ], [ 7909056.489390671253204, 900538.508428840432316 ], [ 7909056.479972030036151, 900546.91994162183255 ], [ 7909054.05563954077661, 900559.504067617002875 ], [ 7909012.02050451003015, 900577.886267652269453 ], [ 7908999.332097311504185, 900572.72286643832922 ], [ 7908979.948797434568405, 900535.042450615204871 ], [ 7908957.881429858505726, 900520.596448544412851 ], [ 7908907.581098094582558, 900516.402461001649499 ], [ 7908824.689566100016236, 900515.789251166395843 ], [ 7908802.472682368010283, 900509.769637803081423 ], [ 7908759.230297234840691, 900458.36039860220626 ], [ 7908754.811605011112988, 900450.774044342339039 ], [ 7908715.297908941283822, 900382.955856190528721 ], [ 7908691.539879811927676, 900342.17865790752694 ], [ 7908650.938590452075005, 900264.911324582062662 ], [ 7908629.67069124802947, 900251.105561747215688 ], [ 7908622.370869714766741, 900246.365756427403539 ], [ 7908600.793613421730697, 900252.297302501741797 ], [ 7908574.361779814586043, 900270.954783691558987 ], [ 7908546.270459556020796, 900369.678639369085431 ], [ 7908525.978346808813512, 900387.059550776146352 ], [ 7908495.6678457390517, 900376.680788175668567 ], [ 7908467.245123442262411, 900345.804133554920554 ], [ 7908442.801701758056879, 900320.9422463667579 ], [ 7908373.59251631051302, 900264.737959892954677 ], [ 7908343.839266061782837, 900245.815428682602942 ], [ 7908318.575043076649308, 900217.274628642015159 ], [ 7908320.61879023630172, 900191.230611074250191 ], [ 7908364.255183653905988, 900023.098346380516887 ], [ 7908394.015881382860243, 900000.314142608083785 ], [ 7908516.139586490578949, 899989.078410088550299 ], [ 7908520.204183585941792, 899974.774179587140679 ], [ 7908504.548666478134692, 899944.841996319591999 ], [ 7908425.19855092279613, 899858.069759423378855 ], [ 7908428.575388683006167, 899823.977757203858346 ], [ 7908498.488077536225319, 899620.991969869937748 ], [ 7908586.743863759562373, 899473.811879093758762 ], [ 7908669.912974231876433, 899451.1129898307845 ], [ 7908735.839388962835073, 899380.59742070036009 ], [ 7908839.667098081670702, 899412.550470168236643 ], [ 7908857.414038457907736, 899426.223153147380799 ], [ 7908864.351924264803529, 899440.890580481849611 ], [ 7908849.110352020710707, 899459.33298907475546 ], [ 7908746.470182341523468, 899570.227507408242673 ], [ 7908748.270271091721952, 899622.324231914244592 ], [ 7908764.968303897418082, 899666.939846224151552 ], [ 7908803.981681362725794, 899697.113847599830478 ], [ 7908839.361371669918299, 899742.967994059436023 ], [ 7908886.471014588139951, 899822.382865093182772 ], [ 7908962.639950485900044, 899946.585788015741855 ], [ 7908942.030900474637747, 899995.199467979837209 ], [ 7908944.156526953913271, 900076.081342219840735 ], [ 7908952.392246994189918, 900139.416096517350525 ], [ 7908970.06970904674381, 900162.194957109168172 ], [ 7909009.129140589386225, 900132.045561113394797 ], [ 7909023.021657043136656, 900120.655408835038543 ], [ 7909034.254092465154827, 900114.674981884192675 ], [ 7909047.078994303941727, 900116.715516802854836 ], [ 7909066.830892840400338, 900131.038714921567589 ], [ 7909083.774547598324716, 900140.397906852886081 ], [ 7909155.11088456492871, 900111.607169488910586 ], [ 7909194.449565490707755, 900101.027854166459292 ], [ 7909251.531180322170258, 900156.315964789595455 ], [ 7909281.828465791419148, 900170.140116496942937 ] ] ] } },
{ "type": "Feature", "properties": { "element": "way", "id": 380508996, "leisure": "golf_course", "name": "Wanumetonomy Golf and Country Club", "addr:city": "Middletown", "addr:housenumber": "152", "addr:postcode": "02842", "addr:state": null, "addr:street": "Browns Lane", "description": null, "golf:course": null, "golf:links": null, "golf:par": null, "phone": "+1 401 847 5141", "website": "https://www.wanumetonomy.com/", "opening_hours": null, "access": null, "email": null, "fax": null, "source": null, "old_name": null, "owner": null, "ownership": null, "wikidata": null, "wheelchair": null, "natural": null, "type": null, "operator": null, "addr:country": null, "landuse": null, "wikipedia": null, "area_m2": 506824.0802434975, "lat": 41.538053187631562, "lon": -71.303075378381763, "province": "Rhode Island", "gcid": "RD00047" }, "geometry": { "type": "Polygon", "coordinates": [ [ [ 7946856.672917463816702, 870698.773353911004961 ], [ 7946786.471850575879216, 870692.911355815827847 ], [ 7946774.919991344213486, 870698.223965181969106 ], [ 7946761.469175785779953, 870720.491393401287496 ], [ 7946723.829876685515046, 870799.000018194783479 ], [ 7946697.393547724932432, 870857.787620242219418 ], [ 7946695.707864570431411, 870861.78426485741511 ], [ 7946695.235832531005144, 870862.839255953673273 ], [ 7946692.162643891759217, 870869.670764106791466 ], [ 7946689.895631207153201, 870874.722164956387132 ], [ 7946688.314294174313545, 870878.244240635074675 ], [ 7946686.965760588645935, 870881.262007524259388 ], [ 7946685.669282221235335, 870884.151637432165444 ], [ 7946684.646278380416334, 870885.980397270992398 ], [ 7946675.042331808246672, 870903.106911764945835 ], [ 7946661.859215788543224, 870909.644072121009231 ], [ 7946628.078221935778856, 870915.660102387424558 ], [ 7946151.832474793307483, 871006.592269401066005 ], [ 7946077.197752925567329, 871032.273045202717185 ], [ 7946019.161033133976161, 871053.300278882030398 ], [ 7946006.442189599387348, 871049.342852426227182 ], [ 7945986.503897404298186, 871013.148883675225079 ], [ 7945987.971115167252719, 870986.867096644360572 ], [ 7946008.97260997351259, 870906.242890026420355 ], [ 7946022.650057142600417, 870826.695112601388246 ], [ 7946025.016329195350409, 870722.468184775207192 ], [ 7946013.335164991207421, 870646.787196462973952 ], [ 7945987.456884235143661, 870561.025196446105838 ], [ 7945981.164415231905878, 870537.687899225391448 ], [ 7946284.645832335576415, 870444.020687665790319 ], [ 7946357.853987357579172, 870392.093163745943457 ], [ 7946360.135519240982831, 870390.479721703566611 ], [ 7946361.560231078416109, 870389.464837479870766 ], [ 7946390.957392940297723, 870374.662005345802754 ], [ 7946601.258459110744298, 870299.382543101441115 ], [ 7946753.617136638611555, 870229.332467435859144 ], [ 7946867.453624872490764, 870131.16211150912568 ], [ 7946882.375053371302783, 870128.555409306194633 ], [ 7946907.080169374123216, 870156.002912912983447 ], [ 7946902.327617028728127, 870178.128622208256274 ], [ 7946899.848577547818422, 870185.499196935910732 ], [ 7946910.5342061445117, 870277.195589617826045 ], [ 7946923.507021870464087, 870447.012536169029772 ], [ 7946935.419868484139442, 870603.225707612466067 ], [ 7946935.317320654168725, 870618.028806687798351 ], [ 7946930.135698901489377, 870616.789650732651353 ], [ 7946921.927984426729381, 870614.815377532038838 ], [ 7946903.875191707164049, 870610.475851122755557 ], [ 7946870.330325672402978, 870602.424653131049126 ], [ 7946870.225090190768242, 870650.419828321784735 ], [ 7946858.627620397135615, 870650.536723179742694 ], [ 7946856.847061598673463, 870694.391428418457508 ], [ 7946856.672917463816702, 870698.773353911004961 ] ] ] } },
{ "type": "Feature", "properties": { "element": "relation", "id": 10306620, "leisure": "golf_course", "name": "Metacomet Country Club", "addr:city": "East Providence", "addr:housenumber": "500", "addr:postcode": "02914", "addr:state": "RI", "addr:street": "Veterans Memorial Parkway", "description": null, "golf:course": null, "golf:links": null, "golf:par": null, "phone": "+1-401-438-1122", "website": "http://www.metacometcc.org/", "opening_hours": null, "access": null, "email": "ltyrell@metacometcc.org", "fax": "+1-401-435-6468", "source": null, "old_name": null, "owner": null, "ownership": null, "wikidata": "Q6822428", "wheelchair": null, "natural": null, "type": "multipolygon", "operator": "Metacomet Country Club", "addr:country": null, "landuse": null, "wikipedia": null, "area_m2": 505011.82360844885, "lat": 41.806830432668583, "lon": -71.378872066187469, "province": "Rhode Island", "gcid": "RD00005" }, "geometry": { "type": "Polygon", "coordinates": [ [ [ 7930619.05392028298229, 897643.622319079469889 ], [ 7930608.737949629314244, 897642.117013155482709 ], [ 7930603.239272098056972, 897632.09578211652115 ], [ 7930596.884513570927083, 897603.273223586380482 ], [ 7930594.861252717673779, 897586.177321792114526 ], [ 7930588.055469572544098, 897562.859462316147983 ], [ 7930580.765124003402889, 897508.548744645435363 ], [ 7930585.348595173098147, 897470.976265241857618 ], [ 7930586.951232995837927, 897451.675459991209209 ], [ 7930590.71646320912987, 897432.817822406999767 ], [ 7930609.221986486576498, 897370.089312687050551 ], [ 7930615.715119045227766, 897355.302596731111407 ], [ 7930575.751424768939614, 897359.634067969862372 ], [ 7930436.180157124996185, 897385.232311005238444 ], [ 7930396.759698844514787, 897396.030957515817136 ], [ 7930367.163065648637712, 897408.073381741996855 ], [ 7930325.914961700327694, 897428.967288979329169 ], [ 7930197.14582272991538, 897528.141949372831732 ], [ 7930141.290691491216421, 897566.698138904292136 ], [ 7930073.685908968560398, 897615.708016770891845 ], [ 7930086.487751379609108, 897686.77337736915797 ], [ 7930088.205263192765415, 897696.343520352151245 ], [ 7930131.844795228913426, 897822.126537002623081 ], [ 7930147.717440840788186, 897867.879349187482148 ], [ 7930157.838545245118439, 897897.03683563368395 ], [ 7930314.758068565279245, 898349.366390314418823 ], [ 7930622.457430198788643, 898238.368925908114761 ], [ 7930652.422078806906939, 898227.554380560759455 ], [ 7930821.431306927464902, 898242.518839840311557 ], [ 7930838.629014522768557, 897947.212502799462527 ], [ 7930822.763726192526519, 897930.412403021939099 ], [ 7930797.392962111160159, 897902.459204135462642 ], [ 7930762.538080303929746, 897848.114128792192787 ], [ 7930772.78411234356463, 897803.519007787108421 ], [ 7930777.007976060733199, 897787.091206256300211 ], [ 7930788.385220564901829, 897777.761748459655792 ], [ 7930795.905081642791629, 897751.377847701311111 ], [ 7930806.195985329337418, 897737.132495214231312 ], [ 7930815.257491717115045, 897725.104607087559998 ], [ 7930808.181660900823772, 897680.964020614977926 ], [ 7930821.733920118771493, 897669.163477875292301 ], [ 7930807.354682115837932, 897645.654323055408895 ], [ 7930793.493713724426925, 897590.106126562692225 ], [ 7930777.384108462370932, 897584.729236726649106 ], [ 7930749.239644593559206, 897581.69324991106987 ], [ 7930728.102665835060179, 897591.107854776084423 ], [ 7930715.925302587449551, 897600.364294724538922 ], [ 7930707.784489782527089, 897608.412807369604707 ], [ 7930695.151974038220942, 897610.481598854996264 ], [ 7930675.45650737080723, 897621.116105359978974 ], [ 7930667.055050237104297, 897619.765288893133402 ], [ 7930634.484551134519279, 897624.807153090834618 ], [ 7930627.303452340885997, 897628.731762938201427 ], [ 7930621.147813349030912, 897636.316658695228398 ], [ 7930619.05392028298229, 897643.622319079469889 ] ] ] } },
{ "type": "Feature", "properties": { "element": "relation", "id": 11621156, "leisure": "golf_course", "name": "Potowomut Golf Club", "addr:city": "East Greenwich", "addr:housenumber": "439", "addr:postcode": "02818", "addr:state": "RI", "addr:street": "Ives Road", "description": null, "golf:course": null, "golf:links": null, "golf:par": null, "phone": "+1 401 885 8700", "website": "https://potowomut.com/", "opening_hours": null, "access": null, "email": "info@potowomut.com", "fax": null, "source": null, "old_name": null, "owner": null, "ownership": null, "wikidata": null, "wheelchair": null, "natural": null, "type": "multipolygon", "operator": null, "addr:country": "US", "landuse": null, "wikipedia": null, "area_m2": 502603.08510092885, "lat": 41.662317939838317, "lon": -71.427136873796641, "province": "Rhode Island", "gcid": "RD00007" }, "geometry": { "type": "Polygon", "coordinates": [ [ [ 7931821.154536256566644, 880310.064369708765298 ], [ 7931318.86975381243974, 880631.550880240276456 ], [ 7931284.65919985063374, 880684.038044463843107 ], [ 7931276.831390796229243, 880702.974043295718729 ], [ 7931260.964328030124307, 880741.345032523851842 ], [ 7931305.885903625749052, 880783.505124608520418 ], [ 7931382.966023268178105, 880822.120729762129486 ], [ 7931423.635630290955305, 880855.706989344675094 ], [ 7931453.673742684535682, 880880.509294962976128 ], [ 7931527.755303996615112, 880921.497712019365281 ], [ 7931572.590419801883399, 880966.939764870796353 ], [ 7931576.432079602964222, 881040.06298300344497 ], [ 7931628.497405336238444, 881126.851588057819754 ], [ 7931704.864376288838685, 881195.18594894465059 ], [ 7931893.248425651341677, 881301.602750960737467 ], [ 7932078.676187507808208, 880955.899187962524593 ], [ 7932186.480949871242046, 881003.934300000779331 ], [ 7932247.858166586607695, 880839.359821440186352 ], [ 7932268.72828783094883, 880765.712842976208776 ], [ 7932221.162869519554079, 880727.048301423899829 ], [ 7932031.047969652339816, 880626.845704571343958 ], [ 7932016.740084479562938, 880604.623278548009694 ], [ 7932015.6155876647681, 880587.395646485965699 ], [ 7931916.740602208301425, 880433.466300363186747 ], [ 7931912.030499500222504, 880425.779846883378923 ], [ 7931879.223097643814981, 880377.21484513534233 ], [ 7931821.154536256566644, 880310.064369708765298 ] ] ] } },
{ "type": "Feature", "properties": { "element": "relation", "id": 11756738, "leisure": "golf_course", "name": "Warwick Country Club", "addr:city": null, "addr:housenumber": null, "addr:postcode": null, "addr:state": null, "addr:street": null, "description": null, "golf:course": null, "golf:links": null, "golf:par": null, "phone": null, "website": null, "opening_hours": null, "access": null, "email": null, "fax": null, "source": null, "old_name": null, "owner": null, "ownership": null, "wikidata": null, "wheelchair": null, "natural": null, "type": "multipolygon", "operator": null, "addr:country": null, "landuse": "recreation_ground", "wikipedia": null, "area_m2": 481732.02803070925, "lat": 41.673416911011877, "lon": -71.383901189781909, "province": "Rhode Island", "gcid": "RD00010" }, "geometry": { "type": "Polygon", "coordinates": [ [ [ 7934352.51721260510385, 883089.766982228495181 ], [ 7934360.480317411012948, 883098.142219528090209 ], [ 7934376.739241704344749, 883097.579108171630651 ], [ 7934379.232792723923922, 883101.488566085230559 ], [ 7934386.308111007325351, 883100.758503502700478 ], [ 7934398.890246536582708, 883104.300730114802718 ], [ 7934403.618555099703372, 883108.373945652041584 ], [ 7934404.401535082608461, 883118.365270753856748 ], [ 7934400.496690125204623, 883132.088279303628951 ], [ 7934400.799612665548921, 883133.849380750209093 ], [ 7934403.035336774773896, 883137.006413917057216 ], [ 7934406.12163854483515, 883139.247538963798434 ], [ 7934415.449374100193381, 883115.094818936195225 ], [ 7934420.012928757816553, 883110.727938434574753 ], [ 7934424.550867213867605, 883110.169462332036346 ], [ 7934432.815476968884468, 883112.247476797550917 ], [ 7934437.476557049900293, 883116.249838441610336 ], [ 7934438.597895654849708, 883121.4950095070526 ], [ 7934434.835997190326452, 883133.835865386761725 ], [ 7934435.028473478741944, 883134.239348895382136 ], [ 7934463.176029611378908, 883150.328740346245468 ], [ 7934469.768657158128917, 883153.606156142428517 ], [ 7934494.97755435667932, 883168.509578082244843 ], [ 7934490.942289722152054, 883186.054512353148311 ], [ 7934490.971255637705326, 883189.372205405496061 ], [ 7934492.260341772809625, 883201.277301045134664 ], [ 7934498.407652467489243, 883207.82332377647981 ], [ 7934499.147558281198144, 883209.390916132833809 ], [ 7934493.389566022902727, 883227.742563718464226 ], [ 7934513.744925294071436, 883234.508118261583149 ], [ 7934516.945554787293077, 883236.89652696531266 ], [ 7934516.984990352764726, 883241.490035103168339 ], [ 7934516.701252060942352, 883242.44959799060598 ], [ 7934510.948269157670438, 883261.929805458057672 ], [ 7934509.187880015000701, 883264.238640083931386 ], [ 7934508.769254695624113, 883266.583052181173116 ], [ 7934490.759908994659781, 883302.271419132128358 ], [ 7934488.652892490848899, 883309.105549551546574 ], [ 7934487.873216575942934, 883315.582690783776343 ], [ 7934489.510062177665532, 883327.50682035414502 ], [ 7934492.695038890466094, 883330.350463650655001 ], [ 7934516.774279988370836, 883343.653594677336514 ], [ 7934597.33163436036557, 883386.726924824062735 ], [ 7934615.066219970583916, 883396.799312574323267 ], [ 7934616.63037181738764, 883397.284753626212478 ], [ 7934641.285907983779907, 883410.902026942931116 ], [ 7934643.424693134613335, 883412.524332561530173 ], [ 7934647.353076198138297, 883414.174134968779981 ], [ 7934837.366978789679706, 883517.058104281779379 ], [ 7934840.652801206335425, 883519.244983008131385 ], [ 7934845.603788809850812, 883521.369447184726596 ], [ 7934853.029233351349831, 883526.015972343273461 ], [ 7934862.80206205137074, 883530.597489117179066 ], [ 7934872.853110910393298, 883500.336911216378212 ], [ 7934884.440899394452572, 883493.842669731471688 ], [ 7934890.828120395541191, 883486.897713067010045 ], [ 7934901.845648025162518, 883473.100180171895772 ], [ 7934911.428947190754116, 883456.630813168827444 ], [ 7934915.813419491052628, 883442.07421898888424 ], [ 7934914.566475736908615, 883432.061008273623884 ], [ 7934909.613928726874292, 883422.18070205906406 ], [ 7934907.507547186687589, 883419.127082313410938 ], [ 7934894.250191742554307, 883413.334460953250527 ], [ 7934873.527002071030438, 883403.451411554124206 ], [ 7934869.908650275319815, 883391.750326196663082 ], [ 7934875.748636777512729, 883378.685085973702371 ], [ 7934906.817041076719761, 883379.999094200786203 ], [ 7934912.228870803490281, 883381.804753403645009 ], [ 7934912.527191993780434, 883380.910641889087856 ], [ 7934931.635499710217118, 883390.133836064022034 ], [ 7934944.987797431647778, 883388.045378678943962 ], [ 7934956.235375689342618, 883392.428352393675596 ], [ 7934974.231606610119343, 883401.825965286698192 ], [ 7935094.71182918548584, 883464.711938871070743 ], [ 7935250.118380072526634, 883553.992402566131204 ], [ 7935252.312747614458203, 883552.943393118679523 ], [ 7935256.051663780584931, 883547.538449867628515 ], [ 7935272.773273448459804, 883516.353197508957237 ], [ 7935321.689044448547065, 883427.712189668789506 ], [ 7935323.957742961123586, 883425.1611178223975 ], [ 7935324.587772925384343, 883422.184347910806537 ], [ 7935333.510741910897195, 883402.416754606645554 ], [ 7935335.713605457916856, 883398.837913312483579 ], [ 7935354.746694479137659, 883359.965443746652454 ], [ 7935356.204743843525648, 883358.101146198343486 ], [ 7935358.53773338906467, 883352.117879567667842 ], [ 7935373.274483572691679, 883321.736164444126189 ], [ 7935375.714857691898942, 883315.37670937879011 ], [ 7935377.365580405108631, 883313.370702233631164 ], [ 7935386.407326659187675, 883294.418187086004764 ], [ 7935388.455697516910732, 883291.030126799363643 ], [ 7935390.514890100806952, 883285.840082132257521 ], [ 7935411.317380917258561, 883242.456158066634089 ], [ 7935415.538231124170125, 883234.54597919806838 ], [ 7935456.613807470537722, 883148.194887914229184 ], [ 7935461.279673479497433, 883138.760877097956836 ], [ 7935462.90855985507369, 883136.929336743429303 ], [ 7935465.306222097948194, 883128.737830544356257 ], [ 7935452.254685751162469, 883122.406749077606946 ], [ 7935442.938959036022425, 883114.002096950542182 ], [ 7935428.733923406340182, 883104.838254037313163 ], [ 7935414.147250214591622, 883099.812693066429347 ], [ 7935402.786396011710167, 883091.355764663312584 ], [ 7935383.5555802853778, 883081.678186851553619 ], [ 7935370.408411428332329, 883083.88296579150483 ], [ 7935352.718787339515984, 883075.386340621858835 ], [ 7935342.946099296212196, 883072.815780516248196 ], [ 7935309.228371535427868, 883062.278791563119739 ], [ 7935303.65785778965801, 883061.110607019625604 ], [ 7935286.94177636411041, 883057.592457009479403 ], [ 7935278.474871824495494, 883058.705409222748131 ], [ 7935266.316216219216585, 883065.299838073085994 ], [ 7935259.077821153216064, 883081.218992714304477 ], [ 7935240.095052842050791, 883101.810746015049517 ], [ 7935222.877368098124862, 883112.048942513763905 ], [ 7935196.131065461784601, 883134.097484149504453 ], [ 7935182.180221891961992, 883133.974366879556328 ], [ 7935167.779191298410296, 883119.462479966692626 ], [ 7935198.612240160815418, 883054.09850737452507 ], [ 7935213.980801541358232, 883031.294785039033741 ], [ 7935220.89294161554426, 883026.427411634474993 ], [ 7935246.298487460240722, 883002.489228604361415 ], [ 7935238.210833324119449, 883000.28729878552258 ], [ 7935233.67193628102541, 882995.646266082301736 ], [ 7935237.502871004864573, 882982.940381580032408 ], [ 7935239.501016156747937, 882979.947488317266107 ], [ 7935236.510069508105516, 882975.677573114167899 ], [ 7935236.470143497921526, 882971.059391948860139 ], [ 7935240.287935616448522, 882961.633099737111479 ], [ 7935256.810248287394643, 882946.291211331728846 ], [ 7935261.398439066484571, 882945.992413992993534 ], [ 7935272.987240500748158, 882949.193002660758793 ], [ 7935274.768036736175418, 882946.769837272819132 ], [ 7935276.679742501117289, 882946.377722321543843 ], [ 7935277.1011399673298, 882944.543090741615742 ], [ 7935273.929572308436036, 882935.341404218692333 ], [ 7935264.579767579212785, 882928.888985900674015 ], [ 7935255.517800880596042, 882927.319279341958463 ], [ 7935246.323575261980295, 882924.784482219256461 ], [ 7935239.845548529177904, 882918.466363457962871 ], [ 7935235.777455906383693, 882913.122063332702965 ], [ 7935226.961183172650635, 882908.229222598019987 ], [ 7935222.02805700711906, 882907.710113261826336 ], [ 7935215.808733550831676, 882906.470998120959848 ], [ 7935207.176588229835033, 882904.620675285346806 ], [ 7935200.143244300037622, 882903.315966066438705 ], [ 7935193.949477479793131, 882904.096998526714742 ], [ 7935172.586153715848923, 882892.666755078360438 ], [ 7935153.180209142155945, 882891.899198388215154 ], [ 7935141.94307310692966, 882893.009076924994588 ], [ 7935126.671779569238424, 882885.29614078393206 ], [ 7935122.968411862850189, 882883.406104539055377 ], [ 7935104.595735564827919, 882884.38916465267539 ], [ 7935094.015021153725684, 882889.1960064987652 ], [ 7935089.309761982411146, 882889.16505769174546 ], [ 7935083.258998177945614, 882893.956485017668456 ], [ 7935078.658069076016545, 882894.348126902710646 ], [ 7935072.450817410834134, 882894.870307500474155 ], [ 7935070.521344185806811, 882894.226538083981723 ], [ 7935049.482426539063454, 882887.243301211856306 ], [ 7935032.367851313203573, 882889.058342094533145 ], [ 7935006.253451088443398, 882890.88809098303318 ], [ 7934984.201750001870096, 882898.569120828527957 ], [ 7934979.942466741427779, 882896.384657497517765 ], [ 7934967.066984315402806, 882901.262192171998322 ], [ 7934949.060452563688159, 882902.864684971515089 ], [ 7934937.043719630688429, 882904.73272617161274 ], [ 7934933.630983936600387, 882905.702650716528296 ], [ 7934857.36996878311038, 882935.566069030668586 ], [ 7934851.190112420357764, 882936.061239391565323 ], [ 7934849.275367327034473, 882937.57941454090178 ], [ 7934847.233465746976435, 882949.718758872710168 ], [ 7934844.32130784727633, 882953.545846118591726 ], [ 7934835.851062290370464, 882954.234225271269679 ], [ 7934830.509956015273929, 882962.291957919951528 ], [ 7934820.297200629487634, 882963.029157491866499 ], [ 7934813.797166127711535, 882970.203439894132316 ], [ 7934797.124206844717264, 882973.256935513578355 ], [ 7934790.716188549995422, 882968.853205958381295 ], [ 7934788.628998139873147, 882964.461031764280051 ], [ 7934772.3145567253232, 882963.090084033552557 ], [ 7934770.518655993044376, 882962.454623962752521 ], [ 7934771.217982299625874, 882949.273683502338827 ], [ 7934769.96745499689132, 882945.015218489337713 ], [ 7934767.313708481378853, 882942.239588307216763 ], [ 7934762.578504007309675, 882936.879245927091688 ], [ 7934757.047601810656488, 882933.822411322966218 ], [ 7934755.035520958714187, 882933.017902846913785 ], [ 7934753.304733430966735, 882933.276643287390471 ], [ 7934748.806135792285204, 882932.272773795295507 ], [ 7934745.549140004441142, 882929.45345018338412 ], [ 7934746.497178765013814, 882928.000532187987119 ], [ 7934751.229284217581153, 882926.125591285992414 ], [ 7934748.930570980533957, 882923.892528411466628 ], [ 7934747.43699926417321, 882918.183704649098217 ], [ 7934745.700672280043364, 882915.871662650257349 ], [ 7934744.977404531091452, 882913.328037868719548 ], [ 7934739.430670395493507, 882914.24053269950673 ], [ 7934742.101427225396037, 882912.198998163454235 ], [ 7934745.935641760006547, 882902.693350769579411 ], [ 7934742.527821134775877, 882899.835838596336544 ], [ 7934739.415155071765184, 882897.319141898769885 ], [ 7934732.993231906555593, 882901.999103512614965 ], [ 7934720.179709635674953, 882904.595401680562645 ], [ 7934706.992013122886419, 882903.928445525933057 ], [ 7934693.281550565734506, 882901.56031977199018 ], [ 7934666.088610380887985, 882899.953854045365006 ], [ 7934652.466522989794612, 882899.77223801985383 ], [ 7934640.033858101814985, 882898.993767495732754 ], [ 7934600.710211659781635, 882895.704140695743263 ], [ 7934587.833564138039947, 882894.050640993285924 ], [ 7934560.444781037047505, 882891.397844540886581 ], [ 7934547.082135098986328, 882889.594453747849911 ], [ 7934521.275665359571576, 882884.840146319009364 ], [ 7934508.144494935870171, 882883.732050599530339 ], [ 7934494.13566748984158, 882882.803832977544516 ], [ 7934467.382211791351438, 882882.60512964008376 ], [ 7934440.845407991670072, 882880.939899967983365 ], [ 7934429.001881866715848, 882882.236585368867964 ], [ 7934417.733932305127382, 882874.806884808000177 ], [ 7934406.142278613522649, 882868.347698628436774 ], [ 7934395.005346830002964, 882859.980254377238452 ], [ 7934389.688213909044862, 882865.816586504690349 ], [ 7934383.594788963906467, 882876.895279569085687 ], [ 7934382.544543152675033, 882884.021395859308541 ], [ 7934388.480363589711487, 882885.128649964462966 ], [ 7934387.676716852933168, 882883.697355319745839 ], [ 7934387.642803587019444, 882881.347399727907032 ], [ 7934394.763706588186324, 882870.429633647669107 ], [ 7934416.268957514315844, 882883.50323851685971 ], [ 7934420.85905584692955, 882892.377266261726618 ], [ 7934422.848817038349807, 882905.42484080279246 ], [ 7934423.451185939833522, 882918.845779516268522 ], [ 7934422.102195324376225, 882931.906698186416179 ], [ 7934419.452969841659069, 882945.624505903106183 ], [ 7934416.218847944401205, 882958.698883919976652 ], [ 7934411.698446977883577, 882971.271538635250181 ], [ 7934405.911616121418774, 882983.882252637762576 ], [ 7934391.217170455493033, 883006.475422020070255 ], [ 7934384.416877210140228, 883017.766594920307398 ], [ 7934378.782091217115521, 883029.349549700971693 ], [ 7934374.306224724277854, 883042.033945405390114 ], [ 7934366.779945578426123, 883053.894818478729576 ], [ 7934360.143066024407744, 883065.7857416709885 ], [ 7934352.282975057139993, 883075.923673246987164 ], [ 7934350.380118176341057, 883077.869998029433191 ], [ 7934352.51721260510385, 883089.766982228495181 ] ], [ [ 7934661.170059225521982, 883211.999386642128229 ], [ 7934669.385540815070271, 883227.378539856988937 ], [ 7934689.133443262428045, 883243.890594320837408 ], [ 7934698.519220303744078, 883255.625112245324999 ], [ 7934699.55865899194032, 883260.406873221043497 ], [ 7934696.192511374130845, 883263.961270410101861 ], [ 7934693.605672286823392, 883265.315796582493931 ], [ 7934691.343591966666281, 883265.397270155604929 ], [ 7934690.662241630256176, 883265.424438158981502 ], [ 7934689.96739137545228, 883265.083578194957227 ], [ 7934687.606722589582205, 883263.908298534341156 ], [ 7934681.578448482789099, 883265.883918095845729 ], [ 7934677.146622000262141, 883269.664448521099985 ], [ 7934672.938562296330929, 883269.969210348557681 ], [ 7934684.79881979059428, 883263.52898635994643 ], [ 7934684.465361104346812, 883258.401108593679965 ], [ 7934675.593047251924872, 883251.418318597134203 ], [ 7934655.468036768957973, 883243.335443703457713 ], [ 7934643.833304996602237, 883230.172229138202965 ], [ 7934634.905479956418276, 883223.219485520385206 ], [ 7934627.915161328390241, 883211.411768162623048 ], [ 7934625.089718342758715, 883200.763170811813325 ], [ 7934619.931708594784141, 883188.936596876941621 ], [ 7934625.727412538602948, 883184.253818250726908 ], [ 7934627.615882963873446, 883171.021414051763713 ], [ 7934632.983577287755907, 883177.889202502090484 ], [ 7934632.645786957815289, 883174.625981844961643 ], [ 7934651.246887614019215, 883201.248984250705689 ], [ 7934661.170059225521982, 883211.999386642128229 ] ] ] } },
{ "type": "Feature", "properties": { "element": "relation", "id": 4116773, "leisure": "golf_course", "name": "Winnapaug Country Club", "addr:city": "Westerly", "addr:housenumber": "184", "addr:postcode": "02891", "addr:state": null, "addr:street": "Shore Road", "description": null, "golf:course": null, "golf:links": null, "golf:par": null, "phone": "+1 401-596-1237", "website": "http://www.winnapaugcountryclub.com/", "opening_hours": null, "access": null, "email": null, "fax": null, "source": null, "old_name": null, "owner": null, "ownership": null, "wikidata": null, "wheelchair": null, "natural": null, "type": "multipolygon", "operator": null, "addr:country": null, "landuse": null, "wikipedia": null, "area_m2": 478420.3106239186, "lat": 41.340986553086587, "lon": -71.795633771067685, "province": "Rhode Island", "gcid": "RD00001" }, "geometry": { "type": "MultiPolygon", "coordinates": [ [ [ [ 7913449.704546988010406, 834820.035559968091547 ], [ 7913442.166141411289573, 834827.883451933041215 ], [ 7913441.328204584307969, 834830.589922070503235 ], [ 7913440.636129584163427, 834840.261081331875175 ], [ 7913442.63574062474072, 834847.58869262598455 ], [ 7913442.260866165161133, 834858.078128788620234 ], [ 7913439.309380841441453, 834878.277606467250735 ], [ 7913445.442270889878273, 834893.556736175436527 ], [ 7913441.767739553935826, 834898.910724598914385 ], [ 7913431.165619593113661, 834902.802534776274115 ], [ 7913427.759369233623147, 834906.887350644916296 ], [ 7913416.25130501948297, 834953.826963639352471 ], [ 7913406.548879567533731, 834968.527347395196557 ], [ 7913403.061781480908394, 834972.440385987516493 ], [ 7913401.964719113893807, 834992.385082011111081 ], [ 7913399.580273349769413, 834999.129332550335675 ], [ 7913390.480267014354467, 835012.124476648401469 ], [ 7913351.434895162470639, 835049.443720240145922 ], [ 7913339.645369892008603, 835064.916322374716401 ], [ 7913303.43179543223232, 835103.911099045071751 ], [ 7913297.951982310041785, 835107.440075698774308 ], [ 7913272.996888878755271, 835134.071721485815942 ], [ 7913271.253949649631977, 835134.907912663649768 ], [ 7913266.894276134669781, 835140.207766528241336 ], [ 7913265.90645238943398, 835146.7295284983702 ], [ 7913221.546668885275722, 835195.941708431113511 ], [ 7913215.144261972047389, 835199.108943502884358 ], [ 7913201.439061450771987, 835219.528375118039548 ], [ 7913203.262082104571164, 835221.383321836590767 ], [ 7913211.342451361007988, 835227.618935002014041 ], [ 7913213.798729669302702, 835228.820548408664763 ], [ 7913266.403466477058828, 835263.449719252064824 ], [ 7913270.010440862737596, 835265.293531064875424 ], [ 7913400.454431229270995, 835109.687134209088981 ], [ 7913431.277963299304247, 835074.396277950610965 ], [ 7913449.939323239028454, 835055.243650024756789 ], [ 7913451.164934562519193, 835046.316097224131227 ], [ 7913449.647091555409133, 835038.939843773841858 ], [ 7913451.548270950093865, 835033.564174355939031 ], [ 7913466.568022387102246, 835013.065078135579824 ], [ 7913473.697010315023363, 835008.960127285216004 ], [ 7913479.923738047480583, 835008.122097367886454 ], [ 7913504.157308543100953, 835019.304990340024233 ], [ 7913514.181394791230559, 835024.734121768735349 ], [ 7913524.47311882302165, 835027.973235149867833 ], [ 7913543.150234910659492, 835033.187059108633548 ], [ 7913562.811371948570013, 835038.407282739877701 ], [ 7913592.511110176332295, 835046.299634358845651 ], [ 7913633.655946476384997, 835057.590059975162148 ], [ 7913651.780430966988206, 835062.539052578620613 ], [ 7913680.564236147329211, 835070.496281399391592 ], [ 7913701.11357107758522, 835075.401380224153399 ], [ 7913740.921240939758718, 835085.250596537720412 ], [ 7913730.799038028344512, 835108.838593560736626 ], [ 7913732.381325371563435, 835114.758180809672922 ], [ 7913727.785364620387554, 835127.770095480140299 ], [ 7913723.542686418630183, 835133.96809629490599 ], [ 7913716.32713963277638, 835137.414546532090753 ], [ 7913710.854579258710146, 835148.189826214686036 ], [ 7913707.62513839546591, 835150.418188529554754 ], [ 7913693.453458685427904, 835148.491970180533826 ], [ 7913692.083624554798007, 835149.21972815413028 ], [ 7913687.69490941055119, 835163.498580486048013 ], [ 7913666.209204426966608, 835201.922434569802135 ], [ 7913666.809390624985099, 835207.969497622922063 ], [ 7913672.63728232588619, 835221.550471006892622 ], [ 7913643.412985345348716, 835278.053141525015235 ], [ 7913638.818306770175695, 835282.56133572338149 ], [ 7913627.243041113950312, 835279.42361254664138 ], [ 7913625.636422786861658, 835279.67428723257035 ], [ 7913622.334294334985316, 835283.635435249656439 ], [ 7913575.435313598252833, 835372.234656710643321 ], [ 7913539.738611383363605, 835438.579819072969258 ], [ 7913540.285941920243204, 835439.727647097781301 ], [ 7913543.732196809723973, 835442.342958719935268 ], [ 7913588.73513946775347, 835471.502008580137044 ], [ 7913590.202101146802306, 835473.216648717410862 ], [ 7913593.737917402759194, 835474.746772343758494 ], [ 7913614.543766460381448, 835488.227686838246882 ], [ 7913616.580209346488118, 835488.953251871280372 ], [ 7913618.713104439899325, 835487.929570320993662 ], [ 7913632.280661350116134, 835465.673089154530317 ], [ 7913643.090275526046753, 835438.106502228416502 ], [ 7913670.567652255296707, 835390.700895470101386 ], [ 7913671.522467145696282, 835390.237397574819624 ], [ 7913671.509749328717589, 835388.682655111886561 ], [ 7913730.120709396898746, 835280.188972332049161 ], [ 7913731.978608309291303, 835277.742936787195504 ], [ 7913733.676650485955179, 835273.633527445141226 ], [ 7913806.663896637968719, 835140.020959847606719 ], [ 7913807.547802039422095, 835139.606987945735455 ], [ 7913807.784774883650243, 835137.455365967936814 ], [ 7913808.927915901876986, 835134.569959089625627 ], [ 7913808.719089258462191, 835132.720979911740869 ], [ 7913797.926327281631529, 835126.458680783398449 ], [ 7913798.228936563245952, 835111.160385357216001 ], [ 7913794.755088413134217, 835105.301442356780171 ], [ 7913785.877001414075494, 835099.494840649887919 ], [ 7913782.932501469738781, 835092.657926191575825 ], [ 7913784.650014607235789, 835082.085864237044007 ], [ 7913791.672166298143566, 835070.508246732875705 ], [ 7913790.961578193120658, 835066.896343269385397 ], [ 7913777.171404297463596, 835060.333706475328654 ], [ 7913770.013540419749916, 835041.206056567374617 ], [ 7913770.880598368123174, 835034.97176685044542 ], [ 7913750.75934692285955, 835013.767324926331639 ], [ 7913664.424021848477423, 834987.829067354090512 ], [ 7913633.577770531177521, 834981.573006668128073 ], [ 7913632.188756479881704, 834980.150340667925775 ], [ 7913633.205553996376693, 834977.260000100359321 ], [ 7913643.783436629921198, 834971.373931923881173 ], [ 7913644.877932194620371, 834970.035335056483746 ], [ 7913642.982828240841627, 834968.205135482829064 ], [ 7913635.460214264690876, 834964.622244447469711 ], [ 7913626.36148408614099, 834971.039755143690854 ], [ 7913626.458002297207713, 834980.084139881189913 ], [ 7913607.284621299244463, 834990.734943136572838 ], [ 7913598.216553556732833, 834991.941322302445769 ], [ 7913581.457488317042589, 834982.726057150401175 ], [ 7913562.314945809543133, 834975.749030413106084 ], [ 7913544.691912318579853, 834963.586736371740699 ], [ 7913509.290520722977817, 834946.589086482767016 ], [ 7913503.873561039566994, 834939.017891322262585 ], [ 7913502.28723078686744, 834927.124940499197692 ], [ 7913511.850024381652474, 834905.861650270409882 ], [ 7913517.183336868882179, 834888.54760771850124 ], [ 7913516.435813091695309, 834883.845593232195824 ], [ 7913513.503133276477456, 834876.467677178326994 ], [ 7913524.593839604407549, 834879.749503138009459 ], [ 7913524.437361072748899, 834875.08297397615388 ], [ 7913528.29091012571007, 834861.574135866481811 ], [ 7913528.160962548106909, 834853.330513724125922 ], [ 7913520.886749252676964, 834849.489754473324865 ], [ 7913517.91339423879981, 834842.655799402855337 ], [ 7913507.807690323330462, 834831.882063739933074 ], [ 7913497.929182471707463, 834819.377545638009906 ], [ 7913486.980806152336299, 834811.660104148089886 ], [ 7913477.257444880902767, 834810.678255077451468 ], [ 7913467.266055576503277, 834812.782783006317914 ], [ 7913460.414671678096056, 834801.969266216736287 ], [ 7913449.704546988010406, 834820.035559968091547 ] ] ], [ [ [ 7912408.464182956144214, 836063.323677288834006 ], [ 7912340.783658009953797, 836179.053689115215093 ], [ 7912277.181562192738056, 836233.455970650538802 ], [ 7912272.974370609968901, 836289.169241514056921 ], [ 7912292.015781354159117, 836312.183332046028227 ], [ 7912344.165274035185575, 836325.120500536635518 ], [ 7912365.679104408249259, 836308.982519472017884 ], [ 7912476.110211631283164, 836245.567027269862592 ], [ 7912504.594266083091497, 836238.475173881743103 ], [ 7912662.616984883323312, 836241.941469974815845 ], [ 7912672.262525705620646, 836237.531487556640059 ], [ 7912680.632428419776261, 836232.135821091476828 ], [ 7912687.359494283795357, 836224.726139344274998 ], [ 7912728.639107970520854, 836177.514973355922848 ], [ 7912744.815507171675563, 836176.084758090320975 ], [ 7912791.4398253839463, 836191.304303873330355 ], [ 7912833.287036066874862, 836228.064342398196459 ], [ 7912916.033598087728024, 836265.506568556185812 ], [ 7913050.493685699999332, 836307.163734461646527 ], [ 7913088.786285195499659, 836288.377699979115278 ], [ 7913101.20154738985002, 836172.486115087289363 ], [ 7913112.794593851082027, 836116.819280771538615 ], [ 7913187.235866286791861, 836063.901724344585091 ], [ 7913239.152745176106691, 836029.116635669022799 ], [ 7913290.69759429898113, 835933.376382164191455 ], [ 7913392.788121545687318, 835879.530024441424757 ], [ 7913431.621111549437046, 835861.841453856322914 ], [ 7913461.322868069633842, 835836.107798468321562 ], [ 7913525.9252799609676, 835777.640588300302625 ], [ 7913555.507356404326856, 835724.793638744391501 ], [ 7913569.230912338010967, 835696.495182054582983 ], [ 7913564.445578738115728, 835594.339469118975103 ], [ 7913557.383869268000126, 835581.603513737209141 ], [ 7913542.738767872564495, 835576.070235043764114 ], [ 7913527.462843275628984, 835577.054174441844225 ], [ 7913501.739435176365077, 835593.984518127050251 ], [ 7913487.109912758693099, 835622.738395902328193 ], [ 7913470.065625268034637, 835688.69235599739477 ], [ 7913447.443927804008126, 835730.487266615964472 ], [ 7913316.529715326614678, 835838.24041320476681 ], [ 7913230.528272481635213, 835941.288733123801649 ], [ 7913134.13628695346415, 835987.730516705196351 ], [ 7913053.043920438736677, 836041.784540396183729 ], [ 7913001.202074253000319, 836203.904619917739183 ], [ 7912955.424038581550121, 836213.549067202489823 ], [ 7912778.135086392983794, 836083.322558352723718 ], [ 7912752.973855306394398, 836064.764887380413711 ], [ 7912723.287412076257169, 836090.832190417218953 ], [ 7912696.780973798595369, 836123.909169549122453 ], [ 7912640.907377890311182, 836164.515961767174304 ], [ 7912561.307317346334457, 836158.654200140852481 ], [ 7912512.160372626036406, 836167.190221177879721 ], [ 7912488.189690664410591, 836175.694687577430159 ], [ 7912477.90367673151195, 836168.279838025104254 ], [ 7912470.415236683562398, 836156.823965274728835 ], [ 7912470.961321995593607, 836151.878515817690641 ], [ 7912566.939572247676551, 836038.310606110375375 ], [ 7912659.243547034449875, 835970.856230490840971 ], [ 7912879.618918625637889, 835928.055447010323405 ], [ 7913001.977848384529352, 835880.832373718265444 ], [ 7913080.810743469744921, 835809.81929871160537 ], [ 7913163.494022800587118, 835748.046153143513948 ], [ 7913232.859860435128212, 835737.162915761116892 ], [ 7913271.923142943531275, 835670.197672966402024 ], [ 7913301.779855654574931, 835603.945166618563235 ], [ 7913338.876999914646149, 835575.07693422306329 ], [ 7913360.560336163267493, 835435.375190821476281 ], [ 7913382.146215369924903, 835376.112402346450835 ], [ 7913356.926452402956784, 835338.817496229894459 ], [ 7913296.849112021736801, 835298.331408256199211 ], [ 7913252.66476063337177, 835342.027796363923699 ], [ 7913176.404516820795834, 835302.983116901945323 ], [ 7913070.245651286095381, 835506.74571517854929 ], [ 7913008.218187108635902, 835557.736302842851728 ], [ 7912965.659272884950042, 835584.047833419404924 ], [ 7912952.677992990240455, 835601.553749808575958 ], [ 7912951.266385903581977, 835616.925035645253956 ], [ 7912722.332823279313743, 835779.858649187721312 ], [ 7912638.219770353287458, 835849.478567839134485 ], [ 7912600.937679503113031, 835887.324660684447736 ], [ 7912581.704487625509501, 835907.041642666328698 ], [ 7912563.647728464566171, 835925.168183919973671 ], [ 7912543.462963463738561, 835963.603859363589436 ], [ 7912408.464182956144214, 836063.323677288834006 ] ] ] ] } },
{ "type": "Feature", "properties": { "element": "relation", "id": 12040815, "leisure": "golf_course", "name": "Wannamoisett Country Club", "addr:city": "Rumford", "addr:housenumber": "96", "addr:postcode": "02916", "addr:state": null, "addr:street": "Hoyt Avenue", "description": null, "golf:course": null, "golf:links": null, "golf:par": null, "phone": "+1 401-434-1200", "website": "https://www.wannamoisett.com/", "opening_hours": null, "access": null, "email": null, "fax": null, "source": null, "old_name": null, "owner": null, "ownership": null, "wikidata": "Q7968030", "wheelchair": null, "natural": null, "type": "multipolygon", "operator": null, "addr:country": null, "landuse": null, "wikipedia": null, "area_m2": 472384.57288527139, "lat": 41.847549078003993, "lon": -71.359880441906014, "province": "Rhode Island", "gcid": "RD00012" }, "geometry": { "type": "Polygon", "coordinates": [ [ [ 7930306.795878412202001, 903096.170488917501643 ], [ 7930411.32764261495322, 903359.514670470030978 ], [ 7930578.975413512438536, 903254.124772019218653 ], [ 7930904.145119332708418, 903039.034874011063948 ], [ 7930796.886083394289017, 902842.083827876020223 ], [ 7930822.725303383544087, 902820.567375533282757 ], [ 7930791.516490116715431, 902763.583833141252398 ], [ 7930789.265011060982943, 902712.521626180037856 ], [ 7930786.115710131824017, 902676.367459289729595 ], [ 7930882.39744365029037, 902628.826310245320201 ], [ 7930704.530345185659826, 902282.447081806603819 ], [ 7930595.85203773342073, 902328.177169113885611 ], [ 7930525.400706678628922, 902386.677208564709872 ], [ 7930493.949570678174496, 902401.308249972295016 ], [ 7930513.352012773044407, 902443.944081333000213 ], [ 7930317.452804322354496, 902528.856700914446265 ], [ 7930249.56989929266274, 902568.406904492527246 ], [ 7930211.364218370988965, 902613.921885164920241 ], [ 7930188.598172615282238, 902653.950579744763672 ], [ 7930148.151513278484344, 902726.019947559572756 ], [ 7930306.795878412202001, 903096.170488917501643 ] ], [ [ 7930562.885606120340526, 903101.007819368271157 ], [ 7930564.379462545737624, 903097.051147326594219 ], [ 7930565.470445725135505, 903093.650037777842954 ], [ 7930566.563504500314593, 903090.649185003712773 ], [ 7930567.763132612220943, 903087.248046545311809 ], [ 7930569.269808560609818, 903083.767866430105641 ], [ 7930571.623133742250502, 903078.512174546485767 ], [ 7930573.052691530436277, 903076.265461937058717 ], [ 7930574.381754379719496, 903073.452423054957762 ], [ 7930576.572873745113611, 903070.552032954292372 ], [ 7930577.821876374073327, 903068.547699582995847 ], [ 7930581.140174200758338, 903065.091562162851915 ], [ 7930583.330246632918715, 903063.413731685373932 ], [ 7930586.212573920376599, 903060.829017918091267 ], [ 7930588.491716086864471, 903058.938784041441977 ], [ 7930591.173905042000115, 903056.953149260254577 ], [ 7930594.200400879606605, 903054.804057649336755 ], [ 7930597.499291191808879, 903052.733861405868083 ], [ 7930600.354760077781975, 903051.096711175050586 ], [ 7930603.468597467988729, 903048.686207763850689 ], [ 7930608.485896180383861, 903046.621032493887469 ], [ 7930613.764653031714261, 903046.374661498470232 ], [ 7930617.665653355419636, 903047.677939672023058 ], [ 7930625.201137098483741, 903051.055137543939054 ], [ 7930628.400337074883282, 903053.564819974824786 ], [ 7930631.344830988906324, 903055.129737223032862 ], [ 7930634.380299480631948, 903056.422348741907626 ], [ 7930636.805810202844441, 903058.673554476816207 ], [ 7930639.831729909405112, 903060.834761001402512 ], [ 7930641.738255240954459, 903063.772253532893956 ], [ 7930643.557440785691142, 903066.971161278430372 ], [ 7930644.941340278834105, 903070.605830676387995 ], [ 7930646.51169516518712, 903073.709499147953466 ], [ 7930647.722318826243281, 903076.995685489615425 ], [ 7930648.932940240949392, 903080.281871647341177 ], [ 7930649.278037301264703, 903083.557374881347641 ], [ 7930649.283331488259137, 903087.009944576770067 ], [ 7930648.767409621737897, 903090.288377044256777 ], [ 7930648.416612694039941, 903093.91257056593895 ], [ 7930648.161296781152487, 903097.278069940861315 ], [ 7930645.915199741721153, 903100.559640784747899 ], [ 7930644.703387362882495, 903104.186762938508764 ], [ 7930643.407876467332244, 903108.064406337682158 ], [ 7930638.731220252811909, 903111.684198084753007 ], [ 7930636.567962607368827, 903114.690741786034778 ], [ 7930634.492909729480743, 903117.460376888513565 ], [ 7930631.290909227915108, 903118.400537253590301 ], [ 7930627.826898505911231, 903120.124941727844998 ], [ 7930623.757980326190591, 903121.925735885975882 ], [ 7930620.731488102115691, 903124.074799976777285 ], [ 7930618.477266025729477, 903127.353653666097671 ], [ 7930616.399953196756542, 903130.970095863565803 ], [ 7930613.544501565396786, 903132.607226308900863 ], [ 7930611.212496491149068, 903135.27890697773546 ], [ 7930608.096443203277886, 903136.828973174095154 ], [ 7930605.583029146306217, 903139.149454152211547 ], [ 7930602.813516792841256, 903141.396482889773324 ], [ 7930599.960309181362391, 903143.894034325610846 ], [ 7930596.496322873048484, 903145.618453884264454 ], [ 7930593.118841823190451, 903145.349738067016006 ], [ 7930590.090135344304144, 903146.638398676179349 ], [ 7930585.673308909870684, 903148.613564497092739 ], [ 7930582.381764737889171, 903148.954748660093173 ], [ 7930579.099766685627401, 903148.42734822886996 ], [ 7930574.510268839076161, 903145.743796811206266 ], [ 7930571.995222659781575, 903142.893628175370395 ], [ 7930569.567508447915316, 903139.78204607963562 ], [ 7930566.968760988675058, 903137.182401605183259 ], [ 7930565.322856684215367, 903134.332013477804139 ], [ 7930562.981070823036134, 903131.830326956463978 ], [ 7930561.335162149742246, 903128.97993957134895 ], [ 7930560.559799132868648, 903125.258020842913538 ], [ 7930560.041400831192732, 903121.634057631483302 ], [ 7930559.254250669851899, 903117.920309286564589 ], [ 7930559.25706092454493, 903114.470472348388284 ], [ 7930560.381485627032816, 903111.104754110565409 ], [ 7930560.724090781994164, 903107.477843759581447 ], [ 7930562.885606120340526, 903101.007819368271157 ] ] ] } },
{ "type": "Feature", "properties": { "element": "relation", "id": 4124326, "leisure": "golf_course", "name": "Agawam Hunt", "addr:city": null, "addr:housenumber": null, "addr:postcode": null, "addr:state": null, "addr:street": null, "description": null, "golf:course": null, "golf:links": null, "golf:par": null, "phone": "+1 401-434-3254", "website": "https://www.agawamhunt.org/", "opening_hours": null, "access": null, "email": null, "fax": null, "source": null, "old_name": null, "owner": null, "ownership": null, "wikidata": null, "wheelchair": null, "natural": null, "type": "multipolygon", "operator": null, "addr:country": null, "landuse": null, "wikipedia": null, "area_m2": 470405.66607980954, "lat": 41.832298614850373, "lon": -71.355404830085163, "province": "Rhode Island", "gcid": "RD00003" }, "geometry": { "type": "MultiPolygon", "coordinates": [ [ [ [ 7931796.319417272694409, 900610.849721111357212 ], [ 7931732.760084782727063, 900535.79543472500518 ], [ 7931650.104321452789009, 900493.003949001431465 ], [ 7931502.693916354328394, 900509.290146491024643 ], [ 7931469.276551526039839, 900520.201376235112548 ], [ 7931434.962453007698059, 900540.331230551470071 ], [ 7931437.98571480344981, 900564.736829590052366 ], [ 7931532.008600598201156, 900597.735941578634083 ], [ 7931588.282184731215239, 900626.201163918245584 ], [ 7931597.638696897774935, 900645.881226822733879 ], [ 7931547.017670839093626, 900737.28793754382059 ], [ 7931508.435172272846103, 900823.73123395582661 ], [ 7931489.990994565188885, 900899.670931275002658 ], [ 7931494.380962194874883, 900967.364269490353763 ], [ 7931503.930494548752904, 900982.289054671768099 ], [ 7931566.209057859145105, 900974.120368131902069 ], [ 7931620.814426568336785, 900976.502913274802268 ], [ 7931665.983749110251665, 900983.652515045367181 ], [ 7931732.126590428873897, 900997.423703788779676 ], [ 7931797.909084188751876, 900983.247255135327578 ], [ 7931810.155587558634579, 900967.334603420458734 ], [ 7931841.04550651460886, 900839.666932630352676 ], [ 7931832.467789659276605, 900676.745238812640309 ], [ 7931826.232534108683467, 900647.75358853302896 ], [ 7931796.319417272694409, 900610.849721111357212 ] ] ], [ [ [ 7931735.399375135079026, 901246.64315771497786 ], [ 7931750.693371383473277, 901240.770865994039923 ], [ 7931760.649495148099959, 901239.217956142500043 ], [ 7931766.173640767112374, 901239.598826822359115 ], [ 7931775.521398017182946, 901243.497812270652503 ], [ 7931794.203447356820107, 901254.560938759241253 ], [ 7931804.439947773702443, 901232.575988541357219 ], [ 7931795.381851540878415, 901206.915880460757762 ], [ 7931782.840370790101588, 901169.943809750955552 ], [ 7931793.941086915321648, 901165.237397202756256 ], [ 7931769.927497822791338, 901081.938764492981136 ], [ 7931761.496212847530842, 901084.158779255114496 ], [ 7931753.287782261148095, 901064.789142993744463 ], [ 7931667.947196959517896, 901087.05831837374717 ], [ 7931662.14369523152709, 901088.570217170752585 ], [ 7931642.555869502015412, 901093.686194337904453 ], [ 7931648.002801328897476, 901110.88545300764963 ], [ 7931648.904207695275545, 901114.177723442669958 ], [ 7931667.48574292846024, 901182.024558019358665 ], [ 7931670.75213551800698, 901194.82600566232577 ], [ 7931676.281736298464239, 901217.901849556714296 ], [ 7931679.53332713060081, 901229.148342232219875 ], [ 7931681.413139224052429, 901235.068393268622458 ], [ 7931682.195354506373405, 901242.050576946232468 ], [ 7931681.911328829824924, 901252.006563731003553 ], [ 7931680.223616357892752, 901260.742675636895001 ], [ 7931719.739958384074271, 901245.478802040684968 ], [ 7931730.338894559070468, 901247.991507871076465 ], [ 7931735.399375135079026, 901246.64315771497786 ] ] ], [ [ [ 7930911.766201304271817, 901349.143052043393254 ], [ 7930906.154430081136525, 901354.909180373884737 ], [ 7930897.475844049826264, 901362.726522277574986 ], [ 7930893.515068059787154, 901365.447827115189284 ], [ 7930868.958225661888719, 901393.256562893744558 ], [ 7930867.829924766905606, 901393.787833314854652 ], [ 7930866.754810070618987, 901395.705159578006715 ], [ 7930858.112402737140656, 901405.447770649101585 ], [ 7930865.840344928205013, 901418.721164906863123 ], [ 7930869.125064221210778, 901420.544891035649925 ], [ 7930877.023425405845046, 901433.063952915370464 ], [ 7930884.708399570547044, 901442.290826090145856 ], [ 7930886.70329034421593, 901446.6745834806934 ], [ 7930890.833388788625598, 901451.22668887116015 ], [ 7930899.920219082385302, 901464.68769953539595 ], [ 7930901.351834282279015, 901467.829847327899188 ], [ 7930903.572954676114023, 901471.102527354378253 ], [ 7930911.053176344372332, 901480.91494285967201 ], [ 7930912.607517689466476, 901484.340267838444561 ], [ 7930918.041644599288702, 901490.708413073793054 ], [ 7930918.806094519793987, 901493.65192335145548 ], [ 7930921.027190409600735, 901496.924607990309596 ], [ 7930923.306077715940773, 901499.102591651957482 ], [ 7930923.686277152970433, 901502.22046494949609 ], [ 7930929.233302577398717, 901511.774626635480672 ], [ 7930933.596292031928897, 901516.767848980613053 ], [ 7930935.478244910016656, 901520.920173626858741 ], [ 7930937.881917727179825, 901523.212505406234413 ], [ 7930938.291588231921196, 901526.594511136878282 ], [ 7930947.035952460020781, 901541.757581747602671 ], [ 7930949.883110163733363, 901543.616849382407963 ], [ 7930955.471428917720914, 901546.161755252629519 ], [ 7930958.557939189486206, 901550.232134419493377 ], [ 7930973.64131685718894, 901563.117386024910957 ], [ 7930975.312152303755283, 901563.130651999264956 ], [ 7930978.221320991404355, 901562.310391663108021 ], [ 7930991.734196750447154, 901560.975995003711432 ], [ 7931002.207588395103812, 901565.758335786871612 ], [ 7931004.80697404500097, 901569.145343051757663 ], [ 7931008.722992395050824, 901568.455603524111211 ], [ 7931012.535586036741734, 901568.482063085306436 ], [ 7931043.912811233662069, 901562.302543513011187 ], [ 7931054.007697043940425, 901556.399605336599052 ], [ 7931063.81463569495827, 901546.344000330660492 ], [ 7931074.202072036452591, 901542.221945757977664 ], [ 7931081.556813906878233, 901546.228961058426648 ], [ 7931089.829127615317702, 901616.039581004530191 ], [ 7931094.306545587256551, 901644.732001543045044 ], [ 7931100.065002214163542, 901689.375996025744826 ], [ 7931104.063822997733951, 901715.244568254332989 ], [ 7931113.244569758884609, 901760.729225603397936 ], [ 7931123.224146846681833, 901805.935902788769454 ], [ 7931123.740559467114508, 901809.837969864718616 ], [ 7931126.789012717083097, 901822.965343912132084 ], [ 7931127.380397569388151, 901824.095312805380672 ], [ 7931130.498374107293785, 901824.059365976136178 ], [ 7931135.847025786526501, 901819.84039992140606 ], [ 7931146.311398860067129, 901819.038004926405847 ], [ 7931151.964846441522241, 901819.110556836705655 ], [ 7931159.556385166943073, 901821.973931253887713 ], [ 7931162.597792536020279, 901833.767024480272084 ], [ 7931164.874344171956182, 901835.544803298078477 ], [ 7931169.841092560440302, 901835.206308357883245 ], [ 7931178.069536793977022, 901837.301697975490242 ], [ 7931182.922991083934903, 901841.042389334645122 ], [ 7931183.420142812654376, 901847.359822314698249 ], [ 7931190.441422322764993, 901850.032721021212637 ], [ 7931198.795542511157691, 901856.819966048002243 ], [ 7931221.436888467520475, 901872.800746410619467 ], [ 7931240.757026797160506, 901861.104897036217153 ], [ 7931242.026031997054815, 901848.390696531627327 ], [ 7931248.13371402118355, 901833.878517037257552 ], [ 7931254.402611222118139, 901825.632097546011209 ], [ 7931261.141044199466705, 901818.826115308329463 ], [ 7931280.261567128822207, 901806.373358722776175 ], [ 7931293.19916320219636, 901798.224013799335808 ], [ 7931298.749555321410298, 901793.10381965059787 ], [ 7931305.619947313331068, 901793.897972243372351 ], [ 7931310.408440131694078, 901788.971235162112862 ], [ 7931316.563908386975527, 901786.051218988839537 ], [ 7931320.333460856229067, 901782.358187663834542 ], [ 7931328.820304618217051, 901772.406850977800786 ], [ 7931330.251613832078874, 901765.304843803402036 ], [ 7931337.540961454622447, 901766.33588580833748 ], [ 7931338.611570307984948, 901765.083118645939976 ], [ 7931342.904562599025667, 901763.671971284318715 ], [ 7931352.36948730237782, 901757.704399851616472 ], [ 7931359.963256540708244, 901751.293227059300989 ], [ 7931368.798025237396359, 901744.691280308179557 ], [ 7931380.851576305925846, 901737.941876929719001 ], [ 7931390.35592751391232, 901731.721102073788643 ], [ 7931392.596476528793573, 901730.54443787317723 ], [ 7931436.073828352615237, 901744.661027724388987 ], [ 7931439.569510199129581, 901738.454675388988107 ], [ 7931444.149606614373624, 901735.940713765565306 ], [ 7931448.610759877599776, 901735.869387583807111 ], [ 7931457.668240902945399, 901736.704322722740471 ], [ 7931463.893248909153044, 901739.050916245672852 ], [ 7931468.573347507975996, 901737.430139188654721 ], [ 7931470.55420551635325, 901739.496745734009892 ], [ 7931474.355583094991744, 901736.928435020148754 ], [ 7931474.253295978531241, 901730.730673609767109 ], [ 7931476.869051340967417, 901724.908391826786101 ], [ 7931479.573809123598039, 901722.857593859545887 ], [ 7931483.58345206361264, 901716.387057593557984 ], [ 7931487.357795896008611, 901714.306188811082393 ], [ 7931492.400639742612839, 901714.635128932539374 ], [ 7931497.981115347705781, 901715.712868743110448 ], [ 7931503.737311347387731, 901717.890729205217212 ], [ 7931503.593163320794702, 901715.747662667185068 ], [ 7931494.354771738871932, 901711.388976167887449 ], [ 7931491.072441452182829, 901708.257767152041197 ], [ 7931490.981736955232918, 901703.299004714936018 ], [ 7931493.344740925356746, 901692.488016752991825 ], [ 7931493.759998114779592, 901686.015146484598517 ], [ 7931497.316434424370527, 901678.678703859914094 ], [ 7931501.883970918133855, 901675.010178210679442 ], [ 7931507.520697794854641, 901673.805954412091523 ], [ 7931511.192741440609097, 901667.234694946091622 ], [ 7931513.203016244806349, 901665.121345811523497 ], [ 7931525.558899478986859, 901656.43875830527395 ], [ 7931531.856196690350771, 901648.298714752309024 ], [ 7931530.81985229998827, 901642.321583835873753 ], [ 7931520.593981822021306, 901633.600514857564121 ], [ 7931511.18831171374768, 901631.232408044394106 ], [ 7931500.467025754973292, 901632.638701409101486 ], [ 7931494.875417760573328, 901638.992344995960593 ], [ 7931493.686929302290082, 901638.619409903418273 ], [ 7931495.738876655697823, 901631.991120602469891 ], [ 7931500.349944695830345, 901627.731658916454762 ], [ 7931518.670204701833427, 901618.002700258046389 ], [ 7931513.890038430690765, 901617.59202086366713 ], [ 7931508.688543637283146, 901615.623767566867173 ], [ 7931506.572967801243067, 901612.821908069308847 ], [ 7931505.763122845441103, 901606.193923139479011 ], [ 7931509.15814870223403, 901601.80660608690232 ], [ 7931518.578161336481571, 901599.795927114319056 ], [ 7931523.548131532967091, 901600.451670388691127 ], [ 7931539.352794364094734, 901600.744115835987031 ], [ 7931553.855626799166203, 901600.189847119618207 ], [ 7931562.309440433979034, 901602.615308872889727 ], [ 7931566.033820654265583, 901605.724749640095979 ], [ 7931565.540461461059749, 901608.393458628095686 ], [ 7931568.338976331055164, 901609.449756810907274 ], [ 7931596.115931331180036, 901614.34874480869621 ], [ 7931619.738331373780966, 901616.152051004581153 ], [ 7931634.883835469372571, 901608.038551562931389 ], [ 7931636.475453075021505, 901609.45444218814373 ], [ 7931641.402017466723919, 901612.299694086425006 ], [ 7931662.511906430125237, 901618.179921358823776 ], [ 7931668.703136398456991, 901615.235731204971671 ], [ 7931671.669798232614994, 901603.730282187461853 ], [ 7931670.828039243817329, 901597.333716876339167 ], [ 7931682.229145392775536, 901591.807600502856076 ], [ 7931688.915755638852715, 901585.565673718694597 ], [ 7931695.26099634822458, 901585.385472243651748 ], [ 7931698.516915483400226, 901579.220056714024395 ], [ 7931705.821734812110662, 901574.867953437380493 ], [ 7931709.552878297865391, 901569.963316720444709 ], [ 7931717.154101417399943, 901558.275069675873965 ], [ 7931725.150950381532311, 901548.89874111302197 ], [ 7931727.897596091963351, 901544.040468162856996 ], [ 7931757.477275084704161, 901531.814319520723075 ], [ 7931760.779074599966407, 901528.0861248774454 ], [ 7931767.055461326614022, 901513.073024166747928 ], [ 7931769.162995642051101, 901509.720697883050889 ], [ 7931780.557603258639574, 901497.277932026423514 ], [ 7931786.93657629750669, 901487.106579670216888 ], [ 7931790.072822650894523, 901484.388688552659005 ], [ 7931804.008592303842306, 901474.829618052579463 ], [ 7931814.805123744532466, 901462.659234192688018 ], [ 7931827.357049504294991, 901450.385286832693964 ], [ 7931835.619588015601039, 901439.862564522773027 ], [ 7931838.946501363068819, 901434.677493508439511 ], [ 7931843.830766195431352, 901420.930712785571814 ], [ 7931843.425552773289382, 901413.444747556000948 ], [ 7931838.854750453494489, 901405.6322091659531 ], [ 7931834.731924037449062, 901402.982777554541826 ], [ 7931828.221483328379691, 901402.138935578521341 ], [ 7931821.434101386927068, 901403.939312651287764 ], [ 7931815.4237076099962, 901407.452526729088277 ], [ 7931812.502523453906178, 901410.448171710595489 ], [ 7931811.101713484153152, 901408.623728464357555 ], [ 7931806.423055194318295, 901404.710802072193474 ], [ 7931807.976568249054253, 901402.880745709408075 ], [ 7931819.713597503490746, 901396.025879330933094 ], [ 7931825.776245868764818, 901391.028535898309201 ], [ 7931834.144500487484038, 901381.219232283066958 ], [ 7931835.077486428432167, 901375.609448787756264 ], [ 7931833.741877064108849, 901365.487482890021056 ], [ 7931831.611491427756846, 901363.407090101391077 ], [ 7931836.017457721754909, 901361.307290730066597 ], [ 7931844.883942840620875, 901350.901578919030726 ], [ 7931846.174899987876415, 901344.600080632604659 ], [ 7931845.205364937894046, 901334.358254255261272 ], [ 7931833.255712237209082, 901320.495167155750096 ], [ 7931831.67204749956727, 901317.483413583599031 ], [ 7931829.843913116492331, 901311.653179922141135 ], [ 7931828.985106819309294, 901305.117587933782488 ], [ 7931826.015541954897344, 901298.881660321261734 ], [ 7931816.396068006753922, 901286.148589232936502 ], [ 7931812.17158663738519, 901282.448023590259254 ], [ 7931802.224980834871531, 901279.826183333061635 ], [ 7931795.228124959394336, 901275.586607749108225 ], [ 7931780.180923317559063, 901263.837004594504833 ], [ 7931764.266590499319136, 901253.408247355371714 ], [ 7931758.13788291439414, 901251.638593289069831 ], [ 7931746.448579028248787, 901252.442750545218587 ], [ 7931737.193225241266191, 901257.535773767158389 ], [ 7931719.078855706378818, 901265.723011633846909 ], [ 7931708.347424095496535, 901269.596202137414366 ], [ 7931699.1230264371261, 901272.374572845175862 ], [ 7931693.360029204748571, 901274.687014495022595 ], [ 7931689.241998396813869, 901277.985119025688618 ], [ 7931686.889241997152567, 901281.231340942904353 ], [ 7931686.586529389955103, 901285.877109475899488 ], [ 7931689.863834627903998, 901296.260322132147849 ], [ 7931689.77446929179132, 901302.273104188963771 ], [ 7931685.174774579703808, 901314.492364804260433 ], [ 7931682.114451736211777, 901318.446662868373096 ], [ 7931676.062002763152122, 901322.248710531741381 ], [ 7931674.087971283122897, 901327.098844153806567 ], [ 7931664.19959790725261, 901331.701833706814796 ], [ 7931651.398827312514186, 901338.407378124073148 ], [ 7931635.693515161052346, 901344.590359529014677 ], [ 7931607.204030917957425, 901359.082955517806113 ], [ 7931594.456798244267702, 901364.111138872802258 ], [ 7931585.623371452093124, 901356.993659049738199 ], [ 7931577.626390652731061, 901362.604170292150229 ], [ 7931576.631802818737924, 901361.569468874018639 ], [ 7931570.461285900324583, 901358.272344617173076 ], [ 7931558.087300652638078, 901356.438208091538399 ], [ 7931540.286920219659805, 901356.072465091943741 ], [ 7931516.412038693204522, 901351.255091967526823 ], [ 7931499.92501977365464, 901349.669362619053572 ], [ 7931482.259911959990859, 901352.55797360977158 ], [ 7931472.377401405014098, 901360.50532473064959 ], [ 7931465.306531593203545, 901367.030859034042805 ], [ 7931442.628272836096585, 901373.620965267997235 ], [ 7931422.641150469891727, 901375.382664629723877 ], [ 7931411.015956718474627, 901369.112760240212083 ], [ 7931410.737740059383214, 901353.059809324331582 ], [ 7931406.931789475493133, 901349.814312000758946 ], [ 7931398.973510173149407, 901348.208711322396994 ], [ 7931385.002361811697483, 901348.444793121889234 ], [ 7931378.239028976298869, 901352.397016492206603 ], [ 7931365.230495834723115, 901355.03755913535133 ], [ 7931356.462085103616118, 901353.742575482930988 ], [ 7931343.225752003490925, 901354.381686630193144 ], [ 7931329.642571924254298, 901354.432680674362928 ], [ 7931316.362101794220507, 901356.098491358105093 ], [ 7931307.015402421355247, 901357.456022765021771 ], [ 7931293.758510789833963, 901354.443516361527145 ], [ 7931279.495938252657652, 901355.200036996975541 ], [ 7931267.923734630458057, 901353.840283534489572 ], [ 7931258.661203408613801, 901345.865660920273513 ], [ 7931241.573136788792908, 901349.46842616982758 ], [ 7931235.234544025734067, 901348.815910460427403 ], [ 7931224.785800590179861, 901345.991015022620559 ], [ 7931217.459602976217866, 901349.161981414537877 ], [ 7931208.14544718246907, 901330.526342375669628 ], [ 7931201.110585701651871, 901321.467630276456475 ], [ 7931188.073509263806045, 901322.730698776431382 ], [ 7931177.835719579830766, 901323.475907675456256 ], [ 7931168.615082066506147, 901324.754691878799349 ], [ 7931162.179185265675187, 901328.513778795022517 ], [ 7931153.549791423603892, 901332.278712680097669 ], [ 7931141.229985327459872, 901332.994409622158855 ], [ 7931127.461766002699733, 901332.705562558025122 ], [ 7931056.844740863889456, 901331.915765356272459 ], [ 7931043.506862606853247, 901292.44103964464739 ], [ 7931005.842429503798485, 901291.277807077858597 ], [ 7930988.293604793027043, 901291.869693012908101 ], [ 7930984.619829749688506, 901291.562757130246609 ], [ 7930972.172042333520949, 901287.646815211046487 ], [ 7930956.636517879553139, 901312.547836277633905 ], [ 7930945.417147381231189, 901325.449779025744647 ], [ 7930911.766201304271817, 901349.143052043393254 ] ], [ [ 7931582.386121802963316, 901368.009169694036245 ], [ 7931582.578842520713806, 901372.663031863979995 ], [ 7931577.176346451044083, 901376.742863983847201 ], [ 7931566.765377897769213, 901381.474043466616422 ], [ 7931553.085538022220135, 901384.71329089673236 ], [ 7931543.920361778698862, 901385.174470448866487 ], [ 7931534.548924179747701, 901384.355804563499987 ], [ 7931526.121285561472178, 901382.338863296434283 ], [ 7931523.110823000781238, 901378.366109731607139 ], [ 7931531.374124970287085, 901369.248074091505259 ], [ 7931545.933286619372666, 901362.076429749839008 ], [ 7931552.077630791813135, 901361.332357233390212 ], [ 7931571.699578288011253, 901360.962702354416251 ], [ 7931577.626390652731061, 901362.604170292150229 ], [ 7931582.386121802963316, 901368.009169694036245 ] ] ] ] } },
{ "type": "Feature", "properties": { "element": "way", "id": 29871703, "leisure": "golf_course", "name": "Pawtucket Country Club", "addr:city": "Pawtucket", "addr:housenumber": "900", "addr:postcode": "02861", "addr:state": null, "addr:street": "Armistice Boulevard", "description": null, "golf:course": "18_hole", "golf:links": null, "golf:par": "69", "phone": "+1 401-725-2918", "website": "https://www.pawtucketcountryclub.com/", "opening_hours": null, "access": null, "email": null, "fax": null, "source": "MassGIS OpenSpace (http://www.mass.gov/mgis/osp.htm)", "old_name": null, "owner": "Pawtucket Golf Club", "ownership": "private", "wikidata": null, "wheelchair": null, "natural": null, "type": null, "operator": null, "addr:country": null, "landuse": null, "wikipedia": null, "area_m2": 456586.19473515183, "lat": 41.877388480054101, "lon": -71.337272772107212, "province": "Rhode Island", "gcid": "RD00020" }, "geometry": { "type": "Polygon", "coordinates": [ [ [ 7930885.537731284275651, 906944.22970853606239 ], [ 7930873.205732574686408, 907018.8265714016743 ], [ 7931165.044134484604001, 907254.920538528356701 ], [ 7931224.343128629028797, 907176.527331398334354 ], [ 7931222.996679590083659, 907128.749200333142653 ], [ 7931211.649036726914346, 907117.68934712302871 ], [ 7931241.63080239854753, 907061.296011609723791 ], [ 7931313.596678425557911, 906935.73015605728142 ], [ 7931346.153086906298995, 906892.607696188148111 ], [ 7931380.167535098269582, 906930.936395650263876 ], [ 7931393.028399709612131, 906934.281699287006631 ], [ 7931433.976193432696164, 906983.260106431087479 ], [ 7931463.87586463149637, 907010.163924144115299 ], [ 7931494.179241953417659, 906959.931875835871324 ], [ 7931564.580968745052814, 906844.255405882373452 ], [ 7931514.467540811747313, 906821.050584661541507 ], [ 7931489.705429377034307, 906810.866677921498194 ], [ 7931516.853018444031477, 906743.801952561130747 ], [ 7931541.726874684914947, 906692.164547499036416 ], [ 7931563.608095854520798, 906650.556187849957496 ], [ 7931574.63280453812331, 906634.532435276545584 ], [ 7931610.165226953104138, 906620.204781453125179 ], [ 7931615.117246076464653, 906614.463368108728901 ], [ 7931642.608116578310728, 906594.067714150063694 ], [ 7931666.216674832627177, 906493.707977723330259 ], [ 7931718.26753959339112, 906352.90430209855549 ], [ 7931724.626767665147781, 906336.058222175575793 ], [ 7931566.444208103232086, 906291.840026544872671 ], [ 7931534.383996728807688, 906283.283914332045242 ], [ 7931540.118328684940934, 906225.582461755489931 ], [ 7931506.446399675682187, 906223.873411131789908 ], [ 7931462.858199052512646, 906220.72470804839395 ], [ 7931405.569904696196318, 906215.355421834858134 ], [ 7931398.663978800177574, 906215.007239289581776 ], [ 7931271.24405332095921, 906219.323653117986396 ], [ 7931195.802632229402661, 906224.025264426367357 ], [ 7931125.581044015474617, 906232.955304989824072 ], [ 7931115.42549204826355, 906273.013399350922555 ], [ 7931114.316071318462491, 906277.981846100185066 ], [ 7931109.569539498537779, 906290.74207899835892 ], [ 7931106.137565284967422, 906326.280274727614596 ], [ 7931110.039797281846404, 906337.937098227441311 ], [ 7931121.340638576075435, 906346.898093758616596 ], [ 7931141.768693756312132, 906354.867365998914465 ], [ 7931181.850833524018526, 906375.36617986112833 ], [ 7931208.607408015057445, 906383.974973074626178 ], [ 7931215.655645274557173, 906389.443690911401063 ], [ 7931218.367552062496543, 906394.430870309006423 ], [ 7931220.295121730305254, 906406.444531320361421 ], [ 7931219.673643422313035, 906415.716947783250362 ], [ 7931218.198667027056217, 906424.61917912424542 ], [ 7931207.287851565517485, 906441.686447159620002 ], [ 7931194.237256677821279, 906461.28294299566187 ], [ 7931178.259776311926544, 906483.787137716542929 ], [ 7931150.797223773784935, 906525.103675127960742 ], [ 7931136.769375163130462, 906551.492492034798488 ], [ 7931123.323461808264256, 906564.479189722565934 ], [ 7931103.649325255304575, 906574.741408189991489 ], [ 7931089.814200840890408, 906586.944162856088951 ], [ 7931079.682474976405501, 906605.579447562107816 ], [ 7931070.530037907883525, 906623.234594541136175 ], [ 7931055.142452221363783, 906647.873090857174248 ], [ 7931046.382489392533898, 906697.392861444037408 ], [ 7931034.306643441319466, 906719.893946510041133 ], [ 7931019.112239393405616, 906743.955219059949741 ], [ 7930996.513468251563609, 906764.886629918124527 ], [ 7930979.566555141471326, 906784.475381078897044 ], [ 7930971.196992662735283, 906801.738359298091382 ], [ 7930958.148514457046986, 906831.04525046935305 ], [ 7930941.978904386050999, 906856.075765395071357 ], [ 7930928.34048805758357, 906871.588899778667837 ], [ 7930912.566139074042439, 906889.620407245820388 ], [ 7930898.484137290157378, 906915.578975918469951 ], [ 7930885.537731284275651, 906944.22970853606239 ] ] ] } },
{ "type": "Feature", "properties": { "element": "way", "id": 380875578, "leisure": "golf_course", "name": "Country View Golf Club", "addr:city": "Harrisville", "addr:housenumber": "49", "addr:postcode": "02830", "addr:state": null, "addr:street": "Club Lane", "description": null, "golf:course": null, "golf:links": null, "golf:par": null, "phone": "+1 401 568 7157", "website": "https://www.countryviewgolf.net/", "opening_hours": null, "access": null, "email": null, "fax": null, "source": null, "old_name": null, "owner": null, "ownership": null, "wikidata": null, "wheelchair": null, "natural": null, "type": null, "operator": null, "addr:country": null, "landuse": null, "wikipedia": null, "area_m2": 448256.11024545034, "lat": 41.943968015234184, "lon": -71.606003283611656, "province": "Rhode Island", "gcid": "RD00049" }, "geometry": { "type": "Polygon", "coordinates": [ [ [ 7907309.317416512407362, 906148.112040648236871 ], [ 7907380.106014110147953, 906304.267676376039162 ], [ 7907353.671778694726527, 906318.393482951913029 ], [ 7907306.059302859008312, 906360.562107520876452 ], [ 7907304.028498535044491, 906365.488500104052946 ], [ 7907308.967175366356969, 906372.677165503846481 ], [ 7907312.829583727754653, 906372.512672054814175 ], [ 7907313.428363183513284, 906382.681695101549849 ], [ 7907314.38519352208823, 906387.989075012505054 ], [ 7907319.578689835034311, 906394.186080769868568 ], [ 7907324.15146266669035, 906408.421521398006007 ], [ 7907375.41057526320219, 906517.089941536309198 ], [ 7907358.080740367993712, 906547.936512214131653 ], [ 7907345.185499234125018, 906582.711337516084313 ], [ 7907345.512195618823171, 906592.500524666160345 ], [ 7907338.831199214793742, 906614.289044032804668 ], [ 7907320.154760517179966, 906622.899078095331788 ], [ 7907311.041548461653292, 906621.911848636809736 ], [ 7907284.714037823490798, 906593.418678968213499 ], [ 7907238.654105419293046, 906565.464430208550766 ], [ 7907191.751490467227995, 906551.337821967434138 ], [ 7907168.691760489717126, 906553.813202479854226 ], [ 7907149.181366212666035, 906535.29247611365281 ], [ 7907122.329176109284163, 906477.740652572130784 ], [ 7907098.983760116621852, 906484.147014351096004 ], [ 7906987.317620566114783, 906563.172663405071944 ], [ 7906961.006172571331263, 906586.730836250353605 ], [ 7907016.284064117819071, 906664.38765023322776 ], [ 7907034.809224724769592, 906713.475781859597191 ], [ 7907059.191404634155333, 906810.907245368696749 ], [ 7907068.590174311771989, 906834.42067298758775 ], [ 7907034.911773663014174, 906987.132225060369819 ], [ 7907004.520672660320997, 907138.545791649725288 ], [ 7907001.374150378629565, 907172.654824956087396 ], [ 7907030.113070919178426, 907435.193614461226389 ], [ 7907027.43097017146647, 907458.070401484845206 ], [ 7907020.218748890794814, 907479.199253441998735 ], [ 7906993.51806472055614, 907525.469440568471327 ], [ 7906895.636802602559328, 907698.879516739398241 ], [ 7906881.620906170457602, 907733.197950740344822 ], [ 7906842.411093058995903, 907719.251314586959779 ], [ 7906789.513607535511255, 907649.776500307954848 ], [ 7906767.508515791967511, 907612.546703100437298 ], [ 7906768.541154636070132, 907586.298293812898919 ], [ 7906768.653012834489346, 907545.496940775541589 ], [ 7906734.213831175118685, 907423.046509633306414 ], [ 7906727.914722879417241, 907388.687881619669497 ], [ 7906739.740270126610994, 907377.395401339046657 ], [ 7906762.763249663636088, 907374.061698995064944 ], [ 7906800.280873975716531, 907381.683832813287154 ], [ 7906859.829441072419286, 907423.644224683754146 ], [ 7906874.711079094558954, 907423.330763110425323 ], [ 7906884.753729947842658, 907397.201078368583694 ], [ 7906872.894737801514566, 907334.890414292458445 ], [ 7906863.871619451791048, 907200.394217899302021 ], [ 7906861.408649600110948, 907060.470939320744947 ], [ 7906862.937883907929063, 907018.238648939412087 ], [ 7906875.599113321863115, 907000.090653373394161 ], [ 7906900.627214130014181, 906999.327621850417927 ], [ 7906910.33010763861239, 906991.601361351786181 ], [ 7906923.544150454923511, 906971.750219739042222 ], [ 7906936.644445395097136, 906856.887895577587187 ], [ 7906926.022909074090421, 906783.587238458218053 ], [ 7906913.264842647127807, 906745.659583363449201 ], [ 7906885.911641990765929, 906707.197901465697214 ], [ 7906819.506910180673003, 906639.724971858086064 ], [ 7906786.059997582808137, 906548.915861489018425 ], [ 7906752.313977369107306, 906489.36017582914792 ], [ 7906748.608972881920636, 906458.696646426571533 ], [ 7906771.513653072528541, 906396.450322263874114 ], [ 7906784.934597130864859, 906358.343649911461398 ], [ 7906791.215569242835045, 906320.517675215844065 ], [ 7906811.457712206989527, 906303.925364854978397 ], [ 7906857.472353724762797, 906288.699464176315814 ], [ 7906880.599624870344996, 906277.808447877410799 ], [ 7906891.50401215068996, 906251.961326180258766 ], [ 7906885.140860305167735, 906203.330703784245998 ], [ 7906899.897692074067891, 906174.475068322848529 ], [ 7906905.283556290902197, 906130.660813212394714 ], [ 7906886.842762535437942, 906069.502906150883064 ], [ 7906873.828639796003699, 906037.401280564954504 ], [ 7906873.851167724467814, 906019.569117914186791 ], [ 7906888.7042096266523, 906004.571788768051192 ], [ 7906905.042776639573276, 905976.720756482798606 ], [ 7906914.611888424493372, 905973.699479394359514 ], [ 7906940.095237476751208, 905963.137640073429793 ], [ 7907020.219793495722115, 906039.231480154208839 ], [ 7907034.94126492459327, 906073.625107067404315 ], [ 7907052.496229222044349, 906074.82061348319985 ], [ 7907168.635842448100448, 906009.969217400066555 ], [ 7907173.121085898950696, 905994.889437504811212 ], [ 7907175.217568259686232, 905993.731486441800371 ], [ 7907181.675843624398112, 905990.156179460929707 ], [ 7907188.681294167414308, 905986.289926037192345 ], [ 7907201.119103500619531, 905998.489459127886221 ], [ 7907219.077405927702785, 906026.131235096137971 ], [ 7907227.829490910284221, 906040.366798287257552 ], [ 7907257.561054466292262, 906088.67971664853394 ], [ 7907309.317416512407362, 906148.112040648236871 ] ] ] } },
{ "type": "Feature", "properties": { "element": "way", "id": 308666847, "leisure": "golf_course", "name": "Beaver River Golf Club", "addr:city": "West Kingston", "addr:housenumber": "343", "addr:postcode": "02892", "addr:state": null, "addr:street": "Kingstown Road", "description": null, "golf:course": "18", "golf:links": null, "golf:par": "70", "phone": "+1 401-539-2100", "website": "https://beaverrivergolf.com/", "opening_hours": null, "access": null, "email": null, "fax": null, "source": null, "old_name": null, "owner": null, "ownership": null, "wikidata": null, "wheelchair": null, "natural": null, "type": null, "operator": null, "addr:country": null, "landuse": null, "wikipedia": null, "area_m2": 400251.47356360266, "lat": 41.495125633835166, "lon": -71.637954904964332, "province": "Rhode Island", "gcid": "RD00042" }, "geometry": { "type": "Polygon", "coordinates": [ [ [ 7920827.816558847203851, 856609.794904408510774 ], [ 7920843.511722821742296, 856614.683907588478178 ], [ 7920850.161889041773975, 856624.250616195145994 ], [ 7920867.107086402364075, 856699.724908305332065 ], [ 7920890.649819567799568, 856727.609333699569106 ], [ 7920919.635051518678665, 856761.949708034284413 ], [ 7920940.130107729695737, 856786.226553674321622 ], [ 7920970.398855220526457, 856816.750258806161582 ], [ 7921034.247435711324215, 856881.154049127362669 ], [ 7921045.33358654845506, 856894.422975971829146 ], [ 7921048.616197820752859, 856898.338546846993268 ], [ 7921018.713930930010974, 856922.433843620121479 ], [ 7920988.252044112421572, 856948.17403472866863 ], [ 7920930.946114900521934, 856995.031354453414679 ], [ 7920895.175579003989697, 857025.334661128465086 ], [ 7920852.132097648456693, 857058.863776815589517 ], [ 7920817.012818408198655, 857078.285789506975561 ], [ 7920792.068237919360399, 857089.211297009605914 ], [ 7920762.205748734995723, 857102.018309802748263 ], [ 7920720.747397071681917, 857113.672282360494137 ], [ 7920678.766517056152225, 857121.714274428319186 ], [ 7920489.991892682388425, 857140.575990725308657 ], [ 7920484.747596447356045, 857095.593784280586988 ], [ 7920478.581693542189896, 857042.676931851077825 ], [ 7920381.64795121178031, 857049.927895255386829 ], [ 7920360.489677180536091, 857051.902228970546275 ], [ 7920332.377135773189366, 857054.530863744206727 ], [ 7920310.066845371387899, 857032.893557518720627 ], [ 7920288.250834841281176, 857011.746142159216106 ], [ 7920183.743785204365849, 856903.010266295168549 ], [ 7920101.649922481738031, 856884.905426844488829 ], [ 7920040.251077386550605, 856885.519700867123902 ], [ 7920025.819039726629853, 856865.895508566405624 ], [ 7920030.944530163891613, 856850.321709014475346 ], [ 7920035.972909847274423, 856835.042980429716408 ], [ 7920096.023944234475493, 856743.284081320278347 ], [ 7920142.644472670741379, 856656.031746653374285 ], [ 7920185.566923260688782, 856634.473826407920569 ], [ 7920329.266377869062126, 856601.473721395712346 ], [ 7920351.328450473956764, 856591.583388989791274 ], [ 7920369.494946967810392, 856579.029949191957712 ], [ 7920426.76539858430624, 856468.512525171041489 ], [ 7920463.710533419623971, 856440.857382385060191 ], [ 7920531.773625558242202, 856403.446498851757497 ], [ 7920596.031749789603055, 856389.688544502481818 ], [ 7920609.463416812010109, 856397.332279209513217 ], [ 7920627.786024086177349, 856424.647199124097824 ], [ 7920646.465135919861495, 856459.759482214227319 ], [ 7920651.758255092427135, 856469.714878548402339 ], [ 7920636.242821268737316, 856503.260937947314233 ], [ 7920584.056866365484893, 856519.635326684452593 ], [ 7920558.022741770371795, 856568.397311916574836 ], [ 7920544.989567498676479, 856613.189854799304157 ], [ 7920577.712090696208179, 856634.052365639247 ], [ 7920619.532491530291736, 856662.828252155799419 ], [ 7920671.978565474040806, 856646.491908772848547 ], [ 7920698.638947539962828, 856639.872998800128698 ], [ 7920726.06194556131959, 856633.95345327956602 ], [ 7920747.503394151106477, 856628.608503922820091 ], [ 7920805.743949291296303, 856614.095990887843072 ], [ 7920827.816558847203851, 856609.794904408510774 ] ] ] } },
{ "type": "Feature", "properties": { "element": "relation", "id": 11638934, "leisure": "golf_course", "name": "Goddard Memorial State Golf Course", "addr:city": null, "addr:housenumber": null, "addr:postcode": null, "addr:state": null, "addr:street": null, "description": null, "golf:course": "9", "golf:links": null, "golf:par": "36", "phone": "+1-401-884-9834", "website": "https://riparks.ri.gov/parks/goddard-memorial-state-golf-course", "opening_hours": null, "access": null, "email": null, "fax": null, "source": null, "old_name": null, "owner": null, "ownership": null, "wikidata": null, "wheelchair": null, "natural": null, "type": "multipolygon", "operator": null, "addr:country": null, "landuse": null, "wikipedia": null, "area_m2": 345833.79880421056, "lat": 41.657326462235197, "lon": -71.435635551472004, "province": "Rhode Island", "gcid": "RD00008" }, "geometry": { "type": "Polygon", "coordinates": [ [ [ 7930859.49056489020586, 880017.843652959913015 ], [ 7930856.570710591040552, 880063.164105205796659 ], [ 7930855.949608104303479, 880074.999880532268435 ], [ 7930856.147461312822998, 880079.293860698584467 ], [ 7930864.580298419110477, 880083.686209044419229 ], [ 7930870.377052239142358, 880089.939656182192266 ], [ 7930872.180342050269246, 880101.697539559565485 ], [ 7930874.339907919056714, 880113.586058893240988 ], [ 7930876.154879859648645, 880120.392760573420674 ], [ 7930877.692333466373384, 880126.586193731054664 ], [ 7930885.232977824285626, 880137.86604511924088 ], [ 7930884.763282045722008, 880144.49423922970891 ], [ 7930875.535954414866865, 880150.656286537181586 ], [ 7930879.649293774738908, 880156.289171290118247 ], [ 7930885.646487944759429, 880166.910192415118217 ], [ 7930889.428542511537671, 880171.681746726855636 ], [ 7930939.189482176676393, 880219.880756097845733 ], [ 7931001.985183872282505, 880278.57161281676963 ], [ 7931047.866891004145145, 880313.111950058490038 ], [ 7931059.430423229001462, 880322.265734440647066 ], [ 7931073.186632283963263, 880306.888912947382778 ], [ 7931077.451331212185323, 880305.375968953594565 ], [ 7931081.970398522913456, 880305.474176004063338 ], [ 7931088.927987480536103, 880309.957716014701873 ], [ 7931092.708832371979952, 880316.425219270400703 ], [ 7931096.65963089466095, 880324.730211245361716 ], [ 7931111.272923209704459, 880344.978725846856833 ], [ 7931124.205588347278535, 880361.021431078668684 ], [ 7931133.949682096019387, 880379.165322536136955 ], [ 7931136.57076710741967, 880381.745690540410578 ], [ 7931143.753660272806883, 880382.766658966895193 ], [ 7931148.560222934931517, 880383.63905535871163 ], [ 7931157.097850192338228, 880382.554492409341037 ], [ 7931205.632912850007415, 880373.867802140302956 ], [ 7931220.605695346370339, 880355.382598331663758 ], [ 7931225.624952813610435, 880348.899135999847203 ], [ 7931234.488192681223154, 880327.860014144796878 ], [ 7931237.097446925938129, 880313.765796573832631 ], [ 7931231.226877013221383, 880298.533969894051552 ], [ 7931228.512537876144052, 880289.380239703692496 ], [ 7931231.17856871522963, 880278.091426758095622 ], [ 7931232.571576502174139, 880270.6557352906093 ], [ 7931232.080173837020993, 880260.145714195910841 ], [ 7931228.646814974956214, 880248.838507894892246 ], [ 7931220.242333619855344, 880229.58934697881341 ], [ 7931216.066097426228225, 880217.538243440911174 ], [ 7931217.208461780101061, 880210.527985741849989 ], [ 7931220.531796768307686, 880205.345914165023714 ], [ 7931228.337081953883171, 880198.51727873692289 ], [ 7931242.204682739451528, 880195.559476080816239 ], [ 7931248.476926758885384, 880195.877668523229659 ], [ 7931259.243422780185938, 880191.863798849284649 ], [ 7931275.350606015883386, 880191.54127311706543 ], [ 7931294.356777855195105, 880184.090324732009321 ], [ 7931308.761128073558211, 880176.598343815654516 ], [ 7931330.272389186546206, 880170.138546315487474 ], [ 7931344.472664246335626, 880161.40350648202002 ], [ 7931362.417089903727174, 880156.543452364392579 ], [ 7931377.269129555672407, 880149.891125007998198 ], [ 7931406.931739712134004, 880146.459017313551158 ], [ 7931424.171944124624133, 880145.217509548645467 ], [ 7931437.917913024313748, 880143.746149953920394 ], [ 7931452.890888100489974, 880148.38957833731547 ], [ 7931456.183629652485251, 880152.938274611253291 ], [ 7931464.323589076288044, 880155.45324548240751 ], [ 7931481.783616518601775, 880165.564688674174249 ], [ 7931496.253718635067344, 880191.158416668884456 ], [ 7931500.205121367238462, 880205.303831121418625 ], [ 7931510.931073252111673, 880225.1930748145096 ], [ 7931525.197733544744551, 880243.861810030881315 ], [ 7931538.619330313056707, 880252.81130087794736 ], [ 7931555.972664893604815, 880269.139273980166763 ], [ 7931579.066252641379833, 880309.961314411368221 ], [ 7931601.348009115085006, 880351.010087070520967 ], [ 7931618.099618939682841, 880381.046904844231904 ], [ 7931630.000961150974035, 880382.633318942505866 ], [ 7931675.608470018021762, 880389.986245039850473 ], [ 7931720.015382238663733, 880361.392362262122333 ], [ 7931740.614424796774983, 880347.712443044874817 ], [ 7931750.687489033676684, 880338.11347155412659 ], [ 7931765.157282125204802, 880311.210576524958014 ], [ 7931772.300187919288874, 880291.634240524843335 ], [ 7931775.687713001854718, 880279.846312867011875 ], [ 7931717.972353429533541, 880236.743836079724133 ], [ 7931679.912511970847845, 880206.108660644851625 ], [ 7931661.423757059499621, 880186.967075162101537 ], [ 7931647.179388049989939, 880167.166400865186006 ], [ 7931499.929236856289208, 879920.894157134462148 ], [ 7931425.050744486041367, 879796.919679206330329 ], [ 7931384.558432184159756, 879731.118564355652779 ], [ 7931349.455267118290067, 879679.129826555494219 ], [ 7931322.923043957911432, 879641.660555238369852 ], [ 7931294.284122624434531, 879606.507369034457952 ], [ 7931290.704914420843124, 879602.735896108672023 ], [ 7931284.367692124098539, 879609.302191882859915 ], [ 7931294.468142510391772, 879622.149257574230433 ], [ 7931293.21307163964957, 879627.123117769602686 ], [ 7931285.288893656805158, 879623.493155240081251 ], [ 7931281.498820713721216, 879621.311365640256554 ], [ 7931277.673332447186112, 879617.542770417872816 ], [ 7931270.7465829718858, 879608.211131894960999 ], [ 7931265.218671334907413, 879600.84724422544241 ], [ 7931249.43416032474488, 879582.825833013281226 ], [ 7931234.787067794241011, 879569.059895290527493 ], [ 7931222.173531903885305, 879557.921179206576198 ], [ 7931207.390038072131574, 879541.068971707019955 ], [ 7931193.64253818616271, 879528.995780855417252 ], [ 7931172.412889644503593, 879514.312287339009345 ], [ 7931160.693208357319236, 879501.278248475398868 ], [ 7931148.972893540747464, 879487.262683353386819 ], [ 7931142.560148237273097, 879482.585051426663995 ], [ 7931109.055378392338753, 879496.796614793594927 ], [ 7931108.614552546292543, 879504.40386718371883 ], [ 7931108.536608869209886, 879510.920291469898075 ], [ 7931108.095774324610829, 879518.527537608984858 ], [ 7931107.262420819140971, 879523.217644840944558 ], [ 7931106.856583492830396, 879528.534592480864376 ], [ 7931105.796262725256383, 879533.633810284547508 ], [ 7931104.390235493890941, 879538.133401407394558 ], [ 7931102.675433557480574, 879543.014888696372509 ], [ 7931098.218591519631445, 879552.31497089099139 ], [ 7931094.052064436487854, 879560.742392712738365 ], [ 7931091.583156390115619, 879565.978775622788817 ], [ 7931088.577871600165963, 879570.915565210860223 ], [ 7931086.145256297662854, 879576.04286446236074 ], [ 7931083.758163692429662, 879581.306460627354681 ], [ 7931082.125180700793862, 879586.215154869947582 ], [ 7931081.14667229168117, 879591.34157293708995 ], [ 7931081.458645816892385, 879596.41268017841503 ], [ 7931083.555146466009319, 879607.044772328343242 ], [ 7931084.668011073954403, 879614.078472782857716 ], [ 7931087.153155565261841, 879621.084079375956208 ], [ 7931088.775318524800241, 879628.771828750614077 ], [ 7931089.560290274210274, 879634.606061263475567 ], [ 7931090.67312490567565, 879641.639753330033273 ], [ 7931092.035802502185106, 879656.389272377360612 ], [ 7931092.249357256107032, 879664.214179842267185 ], [ 7931092.054495620541275, 879672.993601055350155 ], [ 7931092.12162222340703, 879679.073635333683342 ], [ 7931091.38912613876164, 879685.372266568709165 ], [ 7931092.154757008887827, 879692.411601289641112 ], [ 7931092.750476187095046, 879697.940561397466809 ], [ 7931096.61154543235898, 879711.461620867718011 ], [ 7931098.522674304433167, 879716.095501951873302 ], [ 7931101.269703888334334, 879720.401705000083894 ], [ 7931103.871569983661175, 879725.144232945516706 ], [ 7931106.038671473041177, 879727.670389733742923 ], [ 7931108.236896596848965, 879730.594595234841108 ], [ 7931172.387906918302178, 879794.220073416363448 ], [ 7931175.888928309082985, 879798.171424019150436 ], [ 7931179.254001935012639, 879802.804474536329508 ], [ 7931181.919107692316175, 879807.083491461817175 ], [ 7931184.912030844017863, 879812.561967595480382 ], [ 7931187.841585449874401, 879818.503981573041528 ], [ 7931190.080394951626658, 879824.337336950469762 ], [ 7931190.002169279381633, 879830.85365122416988 ], [ 7931189.088037628680468, 879837.69762364635244 ], [ 7931187.128282846882939, 879843.587934697046876 ], [ 7931184.659253807738423, 879848.824186802376062 ], [ 7931181.653882283717394, 879853.760837720241398 ], [ 7931178.793680275790393, 879858.261169352103025 ], [ 7931174.007643649354577, 879864.18038274673745 ], [ 7931169.630042601376772, 879869.145096855703741 ], [ 7931163.762112678959966, 879874.219739826861769 ], [ 7931158.403464145958424, 879879.948440163396299 ], [ 7931153.319177996367216, 879883.842073651496321 ], [ 7931151.881114479154348, 879884.80535601824522 ], [ 7931148.782451190054417, 879886.936536515131593 ], [ 7931139.399256210774183, 879893.373760254587978 ], [ 7931125.490467933937907, 879901.588587196078151 ], [ 7931118.36726779397577, 879904.428308514878154 ], [ 7931108.917867272160947, 879907.705649408977479 ], [ 7931103.348363939672709, 879909.971911673434079 ], [ 7931093.654177303425968, 879914.258209783583879 ], [ 7931084.212738176807761, 879918.71341190347448 ], [ 7931074.684098153375089, 879923.212303332984447 ], [ 7930978.052232196554542, 879965.694498106837273 ], [ 7930925.184253589250147, 879987.238903119694442 ], [ 7930875.162011682987213, 880010.336016737855971 ], [ 7930859.49056489020586, 880017.843652959913015 ] ] ] } },
{ "type": "Feature", "properties": { "element": "relation", "id": 11649908, "leisure": "golf_course", "name": "Wood River Golf", "addr:city": null, "addr:housenumber": null, "addr:postcode": null, "addr:state": null, "addr:street": null, "description": null, "golf:course": "18", "golf:links": null, "golf:par": "69", "phone": "+1-401-364-0700", "website": "http://www.woodrivergolf.com/", "opening_hours": null, "access": null, "email": null, "fax": null, "source": null, "old_name": null, "owner": null, "ownership": null, "wikidata": null, "wheelchair": null, "natural": null, "type": "multipolygon", "operator": null, "addr:country": null, "landuse": null, "wikipedia": null, "area_m2": 336747.2550598685, "lat": 41.450071969143963, "lon": -71.722597634985888, "province": "Rhode Island", "gcid": "RD00009" }, "geometry": { "type": "MultiPolygon", "coordinates": [ [ [ [ 7915565.778937039896846, 849341.643731127027422 ], [ 7915551.523771458305418, 849342.820843904744834 ], [ 7915537.734142750501633, 849344.635029532480985 ], [ 7915519.996578671038151, 849346.511655479669571 ], [ 7915492.338695341721177, 849338.342369332443923 ], [ 7915477.895729165524244, 849333.281415147706866 ], [ 7915457.799663076177239, 849330.315854722633958 ], [ 7915441.832685329951346, 849329.042829961981624 ], [ 7915429.809055583551526, 849325.719646194949746 ], [ 7915417.662710400298238, 849321.714383198413998 ], [ 7915399.320247588679194, 849317.652469945140183 ], [ 7915380.331498485058546, 849314.31135704414919 ], [ 7915358.615947477519512, 849313.201273831073195 ], [ 7915343.199576910585165, 849314.724982889834791 ], [ 7915330.397394352592528, 849311.219537425786257 ], [ 7915315.629896451719105, 849307.288021624088287 ], [ 7915303.451355024240911, 849305.827908490784466 ], [ 7915289.216754355467856, 849307.666397454682738 ], [ 7915284.465813037008047, 849321.078556554857641 ], [ 7915281.930635448545218, 849324.365438872482628 ], [ 7915273.439380295574665, 849325.167462707962841 ], [ 7915260.178004330955446, 849339.217912384774536 ], [ 7915249.963936500251293, 849337.880925726145506 ], [ 7915251.162590179592371, 849341.313602034933865 ], [ 7915252.173390860669315, 849352.048171719536185 ], [ 7915249.659884802997112, 849363.638150475919247 ], [ 7915235.01292431447655, 849381.388537327293307 ], [ 7915214.970215085893869, 849422.888273159973323 ], [ 7915200.164247460663319, 849430.558696655090898 ], [ 7915165.861274287104607, 849417.367195133119822 ], [ 7915156.087582848034799, 849413.825137154199183 ], [ 7915148.29147919639945, 849408.363674745894969 ], [ 7915130.710824530571699, 849430.869030674453825 ], [ 7915101.852806103415787, 849474.941829033195972 ], [ 7915048.493695562705398, 849556.60662174411118 ], [ 7915033.710713525302708, 849583.589173860382289 ], [ 7915012.108460498042405, 849619.369848983362317 ], [ 7915018.68697882629931, 849625.570569713134319 ], [ 7915004.719555620104074, 849649.174971076194197 ], [ 7915028.598945308476686, 849663.80641633970663 ], [ 7915040.72876893542707, 849675.810771723743528 ], [ 7915044.165241370908916, 849692.850336251314729 ], [ 7915040.369740481488407, 849707.435154814273119 ], [ 7915038.474691541865468, 849715.025156238581985 ], [ 7915041.497115734964609, 849718.147102097515017 ], [ 7915048.997416828759015, 849719.86626609088853 ], [ 7915059.089492189697921, 849716.512678854633123 ], [ 7915067.570659947581589, 849698.195259786676615 ], [ 7915075.766864942386746, 849686.808637986890972 ], [ 7915086.536920964717865, 849671.154779526405036 ], [ 7915108.94033333286643, 849649.418879658915102 ], [ 7915126.052992071956396, 849637.599646109156311 ], [ 7915136.207332417368889, 849638.505276128649712 ], [ 7915136.452832596376538, 849646.263951980974525 ], [ 7915133.130350374616683, 849653.955399558413774 ], [ 7915114.801018005236983, 849665.400088543072343 ], [ 7915095.990642916411161, 849685.152542178053409 ], [ 7915074.894068921916187, 849710.10211967676878 ], [ 7915067.153231855481863, 849723.018568275962025 ], [ 7915069.920319347642362, 849729.811167543753982 ], [ 7915079.17893545050174, 849736.563334200531244 ], [ 7915095.864569952711463, 849735.721847065258771 ], [ 7915106.779559584334493, 849725.965028853155673 ], [ 7915131.09638811275363, 849706.370205861050636 ], [ 7915161.402961210347712, 849674.532484277617186 ], [ 7915179.485685971565545, 849653.136800782289356 ], [ 7915199.894006670452654, 849640.520637796260417 ], [ 7915207.090494862757623, 849642.527958651538938 ], [ 7915215.88430068269372, 849649.503461999353021 ], [ 7915227.357376457192004, 849660.203133206814528 ], [ 7915251.054771136492491, 849663.379760739393532 ], [ 7915282.770755341276526, 849660.634307850152254 ], [ 7915297.974560137838125, 849662.008340754080564 ], [ 7915304.430613465607166, 849666.691848484799266 ], [ 7915308.732328665442765, 849672.582790832500905 ], [ 7915311.688584965653718, 849682.356345234438777 ], [ 7915312.794306079857051, 849699.443898337427527 ], [ 7915317.607191492803395, 849718.981818753760308 ], [ 7915315.178351940587163, 849735.649637273512781 ], [ 7915314.796678503975272, 849756.246253028977662 ], [ 7915319.082858386449516, 849768.272343405056745 ], [ 7915323.358590892516077, 849778.551050083246082 ], [ 7915319.519514719955623, 849784.426038178149611 ], [ 7915310.088236750103533, 849789.376415407750756 ], [ 7915304.614370596595109, 849795.902441704180092 ], [ 7915298.61441985797137, 849803.866778760682791 ], [ 7915301.1086491253227, 849822.027025408111513 ], [ 7915312.053661311045289, 849833.47436139266938 ], [ 7915325.226796735078096, 849837.428771145176142 ], [ 7915347.768832014873624, 849833.009313091635704 ], [ 7915375.307441910728812, 849838.281444579362869 ], [ 7915387.022032545879483, 849839.541634637396783 ], [ 7915401.822603641077876, 849844.368790251668543 ], [ 7915412.945632992312312, 849854.021783562842757 ], [ 7915419.184192204847932, 849861.007969759870321 ], [ 7915428.34732258040458, 849862.824680341407657 ], [ 7915438.750285130925477, 849860.469876778777689 ], [ 7915448.778756443411112, 849856.199909572023898 ], [ 7915459.027799317613244, 849855.732433690223843 ], [ 7915467.711645294912159, 849859.039191592019051 ], [ 7915479.239606168121099, 849868.679766193963587 ], [ 7915490.581756271421909, 849869.297334309201688 ], [ 7915507.324425092898309, 849860.361455839592963 ], [ 7915519.4417645605281, 849860.143193722702563 ], [ 7915532.051544450223446, 849863.731802907772362 ], [ 7915549.789190298877656, 849875.359727797098458 ], [ 7915564.168365862220526, 849887.170533311087638 ], [ 7915584.742621080949903, 849896.955074562691152 ], [ 7915601.734925893135369, 849902.295461930800229 ], [ 7915615.910773220472038, 849904.108707248233259 ], [ 7915623.454154050908983, 849898.164443376474082 ], [ 7915624.374728581868112, 849882.237361561506987 ], [ 7915616.659337341785431, 849864.775049035437405 ], [ 7915611.954998229630291, 849851.969519187696278 ], [ 7915622.102501111105084, 849833.217580192256719 ], [ 7915625.718469714745879, 849815.933529862668365 ], [ 7915628.414565402083099, 849781.804097303654999 ], [ 7915632.450892872177064, 849772.966056050267071 ], [ 7915631.840198619291186, 849752.092128590680659 ], [ 7915626.209866158664227, 849731.631545202806592 ], [ 7915621.391560021787882, 849717.032522237859666 ], [ 7915618.733258599415421, 849697.400906791444868 ], [ 7915619.816674811765552, 849676.973319257609546 ], [ 7915624.887746880762279, 849656.75081549026072 ], [ 7915635.658498004078865, 849631.844582624733448 ], [ 7915639.813980368897319, 849629.258568964432925 ], [ 7915644.188500858843327, 849625.448462630622089 ], [ 7915653.155495502986014, 849609.797300304751843 ], [ 7915662.175587760284543, 849604.797185802832246 ], [ 7915673.247055678628385, 849595.818848407827318 ], [ 7915679.377081302925944, 849578.898532574530691 ], [ 7915669.154349820688367, 849559.269810717087239 ], [ 7915657.551502536050975, 849536.03978081420064 ], [ 7915657.72767548635602, 849516.210872601252049 ], [ 7915660.275582173839211, 849492.121154832653701 ], [ 7915664.349443292245269, 849468.240968963131309 ], [ 7915663.456850095652044, 849455.146757047157735 ], [ 7915668.60300843976438, 849444.201663246378303 ], [ 7915678.325158631429076, 849433.085267121903598 ], [ 7915678.781689736992121, 849419.76716699032113 ], [ 7915677.952054757624865, 849408.982599640730768 ], [ 7915669.336352153681219, 849403.602810190059245 ], [ 7915658.915130245499313, 849403.953268481884152 ], [ 7915648.695309678092599, 849407.942589994519949 ], [ 7915638.319018154405057, 849415.078004099894315 ], [ 7915634.073304736986756, 849427.057074153795838 ], [ 7915620.15218245703727, 849429.300227684900165 ], [ 7915612.951536739245057, 849428.33265053993091 ], [ 7915604.000484636053443, 849424.865619295742363 ], [ 7915599.893515199422836, 849421.048678696155548 ], [ 7915600.061109338887036, 849409.501059473492205 ], [ 7915605.848881742917001, 849391.705396842677146 ], [ 7915608.651276594959199, 849379.931425965856761 ], [ 7915608.095628225244582, 849361.860973468516022 ], [ 7915603.427104466594756, 849349.721207957249135 ], [ 7915597.94979737047106, 849347.332341326866299 ], [ 7915584.78968237247318, 849344.084380764514208 ], [ 7915565.778937039896846, 849341.643731127027422 ] ] ], [ [ [ 7914614.287084858864546, 849955.740270752459764 ], [ 7914619.514867474325001, 849965.22786732390523 ], [ 7914630.888018803671002, 849995.027507875580341 ], [ 7914635.451030185446143, 850003.679703113157302 ], [ 7914642.228379321284592, 850003.599352745804936 ], [ 7914645.595181800425053, 849997.605894380249083 ], [ 7914643.897299590520561, 849956.60141817945987 ], [ 7914650.351263111457229, 849946.496809095609933 ], [ 7914657.458660900592804, 849936.872717213351279 ], [ 7914664.499642644077539, 849924.86535929562524 ], [ 7914673.070409785956144, 849908.745212792418897 ], [ 7914683.784452801570296, 849882.997218867298216 ], [ 7914691.474079599604011, 849855.301523548085243 ], [ 7914692.474230643361807, 849836.955121960956603 ], [ 7914698.121053712442517, 849819.053364127874374 ], [ 7914697.40341925714165, 849808.73033049562946 ], [ 7914695.019655072130263, 849797.48597281659022 ], [ 7914696.017584472894669, 849790.074439552146941 ], [ 7914696.977071372792125, 849779.332076364196837 ], [ 7914706.635486228391528, 849779.469040498137474 ], [ 7914713.295441523194313, 849792.344602311961353 ], [ 7914715.071209442801774, 849805.945054597686976 ], [ 7914720.100997554138303, 849808.77988672349602 ], [ 7914728.544405927881598, 849810.928767522331327 ], [ 7914738.407836764119565, 849810.273143639788032 ], [ 7914746.578637960366905, 849808.081992452964187 ], [ 7914751.727242649532855, 849797.985576824750751 ], [ 7914753.843473322689533, 849788.85745727783069 ], [ 7914762.650227134115994, 849770.683090921491385 ], [ 7914765.946424879133701, 849753.004105929285288 ], [ 7914768.179124039597809, 849739.905581055209041 ], [ 7914772.571226547472179, 849721.495713733136654 ], [ 7914769.671888213604689, 849710.239760163240135 ], [ 7914770.641014379449189, 849698.21677835797891 ], [ 7914784.105216489173472, 849688.713516858406365 ], [ 7914790.849933075718582, 849680.920245827175677 ], [ 7914786.954814672470093, 849671.118227539584041 ], [ 7914783.321695532649755, 849658.180680898949504 ], [ 7914786.341682204976678, 849647.628933612722903 ], [ 7914792.24430369772017, 849643.907374549657106 ], [ 7914800.677664119750261, 849643.751997627783567 ], [ 7914807.189005000516772, 849634.780184817500412 ], [ 7914813.00726000405848, 849615.020929365884513 ], [ 7914831.325705366209149, 849591.509843023028225 ], [ 7914855.319482221268117, 849572.813301913440228 ], [ 7914872.722321042791009, 849567.725102850235999 ], [ 7914887.514861202798784, 849551.499753416515887 ], [ 7914895.112143878825009, 849540.715951388236135 ], [ 7914907.568090871907771, 849535.653896376024932 ], [ 7914906.702987164258957, 849527.643867881968617 ], [ 7914883.6489931140095, 849522.281830691266805 ], [ 7914837.584167593158782, 849504.390665218234062 ], [ 7914807.628481976687908, 849492.868028909899294 ], [ 7914789.146498149260879, 849490.348726836964488 ], [ 7914769.281220278702676, 849480.31584754306823 ], [ 7914750.493533335626125, 849471.193200578447431 ], [ 7914734.052868285216391, 849463.917428346350789 ], [ 7914718.533197784796357, 849455.805079472716898 ], [ 7914702.893867647275329, 849452.618865794036537 ], [ 7914685.859375607222319, 849459.753893817774951 ], [ 7914670.894832609221339, 849465.326684974133968 ], [ 7914650.965596068650484, 849479.990673852153122 ], [ 7914636.598911516368389, 849492.165770890191197 ], [ 7914623.483492631465197, 849504.387495973613113 ], [ 7914608.017725961282849, 849524.534444342367351 ], [ 7914587.430223952978849, 849551.638096990529448 ], [ 7914573.453011762350798, 849578.255160261876881 ], [ 7914568.24548913538456, 849595.235299625433981 ], [ 7914564.206444026902318, 849610.818018082063645 ], [ 7914564.185747671872377, 849622.533982131164521 ], [ 7914564.156890604645014, 849638.001451841089875 ], [ 7914565.808788088150322, 849654.540293403435498 ], [ 7914567.461182355880737, 849663.679926082491875 ], [ 7914566.282339759171009, 849679.097607514355332 ], [ 7914565.273184719495475, 849701.255730011966079 ], [ 7914561.84125012345612, 849730.697621434461325 ], [ 7914560.654005109332502, 849748.643550707027316 ], [ 7914561.363663126714528, 849769.003243542741984 ], [ 7914560.204598430544138, 849783.192106268834323 ], [ 7914561.568118691444397, 849796.911620496306568 ], [ 7914564.201588472351432, 849807.17192859435454 ], [ 7914567.338128148578107, 849818.09357523592189 ], [ 7914568.420640931464732, 849830.473672490101308 ], [ 7914572.025323200970888, 849850.728236733470112 ], [ 7914576.638511028140783, 849865.040131859481335 ], [ 7914580.832201909273863, 849874.431063399650156 ], [ 7914585.487253009341657, 849889.337978956755251 ], [ 7914595.800713466480374, 849907.552014396991581 ], [ 7914604.067691748961806, 849924.114654364064336 ], [ 7914611.344605918973684, 849942.920298816170543 ], [ 7914614.287084858864546, 849955.740270752459764 ] ] ] ] } },
{ "type": "Feature", "properties": { "element": "way", "id": 241681289, "leisure": "golf_course", "name": "West Warwick Country Club", "addr:city": null, "addr:housenumber": null, "addr:postcode": null, "addr:state": null, "addr:street": null, "description": null, "golf:course": "9", "golf:links": null, "golf:par": "35", "phone": "+1-401-821-9789", "website": "https://www.wwccgolf.com/", "opening_hours": null, "access": null, "email": null, "fax": null, "source": null, "old_name": null, "owner": null, "ownership": null, "wikidata": null, "wheelchair": null, "natural": null, "type": null, "operator": null, "addr:country": null, "landuse": null, "wikipedia": null, "area_m2": 330894.35469047842, "lat": 41.72442917486385, "lon": -71.51400038845253, "province": "Rhode Island", "gcid": "RD00040" }, "geometry": { "type": "Polygon", "coordinates": [ [ [ 7922526.188717872835696, 884833.402623864356428 ], [ 7922490.631025240756571, 884820.30071729188785 ], [ 7922476.72169219981879, 884788.234632342588156 ], [ 7922456.788838541135192, 884761.618164035491645 ], [ 7922422.90891439653933, 884754.072712553199381 ], [ 7922367.902790093794465, 884788.170771497767419 ], [ 7922337.361029439605772, 884864.719955353997648 ], [ 7922330.472920842468739, 884882.388758502434939 ], [ 7922320.593401279300451, 884908.702930661384016 ], [ 7922311.941670786589384, 884939.769976371433586 ], [ 7922309.40583810582757, 884952.077075115870684 ], [ 7922308.334104237146676, 884959.554662396200001 ], [ 7922305.999411802738905, 884975.93552781874314 ], [ 7922303.631394095718861, 884992.499038607347757 ], [ 7922270.608821405097842, 885059.29110726621002 ], [ 7922255.240029238164425, 885084.791090212762356 ], [ 7922249.621710686013103, 885096.875786625314504 ], [ 7922240.893001304939389, 885115.665691703092307 ], [ 7922215.410301802679896, 885178.151871697045863 ], [ 7922248.146017212420702, 885190.208705983590335 ], [ 7922243.494971672073007, 885202.16589291440323 ], [ 7922230.232237614691257, 885230.397255819756538 ], [ 7922205.848177175968885, 885221.410203759092838 ], [ 7922081.37643669731915, 885532.959593485575169 ], [ 7922194.48667333368212, 885591.621965296100825 ], [ 7922274.165818634442985, 885559.951839948538691 ], [ 7922291.893820509314537, 885541.15426398254931 ], [ 7922308.664383476600051, 885547.195652079768479 ], [ 7922327.198805914260447, 885580.563715265132487 ], [ 7922323.743636579252779, 885643.398830792400986 ], [ 7922329.484127038158476, 885661.159896535798907 ], [ 7922333.189277038909495, 885669.409155671019107 ], [ 7922338.718452624045312, 885675.684293318074197 ], [ 7922350.17161966022104, 885707.759191729128361 ], [ 7922351.979970113374293, 885740.039751109201461 ], [ 7922346.916547434404492, 885769.631472380831838 ], [ 7922352.449880309402943, 885774.443211424164474 ], [ 7922383.206270698457956, 885784.635612031444907 ], [ 7922417.324472227133811, 885607.548356841783971 ], [ 7922455.919557973742485, 885508.708186505362391 ], [ 7922497.60003968141973, 885397.766848823521286 ], [ 7922534.074179120361805, 885337.156341937370598 ], [ 7922546.642070824280381, 885317.048265485092998 ], [ 7922552.098755835555494, 885309.558986505959183 ], [ 7922560.905734358355403, 885312.731830906122923 ], [ 7922563.349366076290607, 885307.875913575291634 ], [ 7922579.905196342617273, 885314.294709907844663 ], [ 7922597.081518149003386, 885319.224319884553552 ], [ 7922620.044576584361494, 885324.207402823958546 ], [ 7922647.507657110691071, 885328.091213649138808 ], [ 7922671.670385555364192, 885331.014528813771904 ], [ 7922698.238513800315559, 885336.805355976801366 ], [ 7922704.885508738458157, 885305.146779519040138 ], [ 7922687.601732449606061, 885273.777195667847991 ], [ 7922692.154345058836043, 885260.806779022328556 ], [ 7922728.114789620041847, 885159.336015393026173 ], [ 7922760.280221244320273, 885076.376880450639874 ], [ 7922749.824242090806365, 885033.952802718151361 ], [ 7922734.710096661932766, 885016.147161743603647 ], [ 7922696.844868935644627, 885001.854944626335055 ], [ 7922735.912360784597695, 884905.044509836472571 ], [ 7922683.771401052363217, 884888.503450303338468 ], [ 7922601.298052368685603, 884848.073729251511395 ], [ 7922567.45878528803587, 884835.698085984680802 ], [ 7922547.491243571974337, 884836.066885895561427 ], [ 7922526.188717872835696, 884833.402623864356428 ] ] ] } },
{ "type": "Feature", "properties": { "element": "way", "id": 241681289, "leisure": "golf_course", "name": "West Warwick Country Club", "addr:city": null, "addr:housenumber": null, "addr:postcode": null, "addr:state": null, "addr:street": null, "description": null, "golf:course": "9", "golf:links": null, "golf:par": "35", "phone": "+1-401-821-9789", "website": "https://www.wwccgolf.com/", "opening_hours": null, "access": null, "email": null, "fax": null, "source": null, "old_name": null, "owner": null, "ownership": null, "wikidata": null, "wheelchair": null, "natural": null, "type": null, "operator": null, "addr:country": null, "landuse": null, "wikipedia": null, "area_m2": 330894.35469047842, "lat": 41.72442917486385, "lon": -71.51400038845253, "province": "Rhode Island", "gcid": "RD00039" }, "geometry": { "type": "Polygon", "coordinates": [ [ [ 7922526.188717872835696, 884833.402623864356428 ], [ 7922490.631025240756571, 884820.30071729188785 ], [ 7922476.72169219981879, 884788.234632342588156 ], [ 7922456.788838541135192, 884761.618164035491645 ], [ 7922422.90891439653933, 884754.072712553199381 ], [ 7922367.902790093794465, 884788.170771497767419 ], [ 7922337.361029439605772, 884864.719955353997648 ], [ 7922330.472920842468739, 884882.388758502434939 ], [ 7922320.593401279300451, 884908.702930661384016 ], [ 7922311.941670786589384, 884939.769976371433586 ], [ 7922309.40583810582757, 884952.077075115870684 ], [ 7922308.334104237146676, 884959.554662396200001 ], [ 7922305.999411802738905, 884975.93552781874314 ], [ 7922303.631394095718861, 884992.499038607347757 ], [ 7922270.608821405097842, 885059.29110726621002 ], [ 7922255.240029238164425, 885084.791090212762356 ], [ 7922249.621710686013103, 885096.875786625314504 ], [ 7922240.893001304939389, 885115.665691703092307 ], [ 7922215.410301802679896, 885178.151871697045863 ], [ 7922248.146017212420702, 885190.208705983590335 ], [ 7922243.494971672073007, 885202.16589291440323 ], [ 7922230.232237614691257, 885230.397255819756538 ], [ 7922205.848177175968885, 885221.410203759092838 ], [ 7922081.37643669731915, 885532.959593485575169 ], [ 7922194.48667333368212, 885591.621965296100825 ], [ 7922274.165818634442985, 885559.951839948538691 ], [ 7922291.893820509314537, 885541.15426398254931 ], [ 7922308.664383476600051, 885547.195652079768479 ], [ 7922327.198805914260447, 885580.563715265132487 ], [ 7922323.743636579252779, 885643.398830792400986 ], [ 7922329.484127038158476, 885661.159896535798907 ], [ 7922333.189277038909495, 885669.409155671019107 ], [ 7922338.718452624045312, 885675.684293318074197 ], [ 7922350.17161966022104, 885707.759191729128361 ], [ 7922351.979970113374293, 885740.039751109201461 ], [ 7922346.916547434404492, 885769.631472380831838 ], [ 7922352.449880309402943, 885774.443211424164474 ], [ 7922383.206270698457956, 885784.635612031444907 ], [ 7922417.324472227133811, 885607.548356841783971 ], [ 7922455.919557973742485, 885508.708186505362391 ], [ 7922497.60003968141973, 885397.766848823521286 ], [ 7922534.074179120361805, 885337.156341937370598 ], [ 7922546.642070824280381, 885317.048265485092998 ], [ 7922552.098755835555494, 885309.558986505959183 ], [ 7922560.905734358355403, 885312.731830906122923 ], [ 7922563.349366076290607, 885307.875913575291634 ], [ 7922579.905196342617273, 885314.294709907844663 ], [ 7922597.081518149003386, 885319.224319884553552 ], [ 7922620.044576584361494, 885324.207402823958546 ], [ 7922647.507657110691071, 885328.091213649138808 ], [ 7922671.670385555364192, 885331.014528813771904 ], [ 7922698.238513800315559, 885336.805355976801366 ], [ 7922704.885508738458157, 885305.146779519040138 ], [ 7922687.601732449606061, 885273.777195667847991 ], [ 7922692.154345058836043, 885260.806779022328556 ], [ 7922728.114789620041847, 885159.336015393026173 ], [ 7922760.280221244320273, 885076.376880450639874 ], [ 7922749.824242090806365, 885033.952802718151361 ], [ 7922734.710096661932766, 885016.147161743603647 ], [ 7922696.844868935644627, 885001.854944626335055 ], [ 7922735.912360784597695, 884905.044509836472571 ], [ 7922683.771401052363217, 884888.503450303338468 ], [ 7922601.298052368685603, 884848.073729251511395 ], [ 7922567.45878528803587, 884835.698085984680802 ], [ 7922547.491243571974337, 884836.066885895561427 ], [ 7922526.188717872835696, 884833.402623864356428 ] ] ] } },
{ "type": "Feature", "properties": { "element": "way", "id": 289927950, "leisure": "golf_course", "name": "Jamestown Golf Course", "addr:city": "Jamestown", "addr:housenumber": "245", "addr:postcode": "02835", "addr:state": null, "addr:street": "Canonicus Avenue", "description": null, "golf:course": "9", "golf:links": null, "golf:par": "36", "phone": "+1 401-423-9930", "website": "http://jamestowngolf.com/", "opening_hours": null, "access": null, "email": null, "fax": null, "source": null, "old_name": null, "owner": null, "ownership": null, "wikidata": null, "wheelchair": null, "natural": null, "type": null, "operator": null, "addr:country": null, "landuse": null, "wikipedia": null, "area_m2": 312349.37694551144, "lat": 41.505079177095269, "lon": -71.370358932274328, "province": "Rhode Island", "gcid": "RD00041" }, "geometry": { "type": "Polygon", "coordinates": [ [ [ 7941924.888213895261288, 865239.689707776997238 ], [ 7941873.463314761407673, 865186.050045808311552 ], [ 7941816.971953621134162, 865119.779410043731332 ], [ 7941796.966954139992595, 865076.350265783257782 ], [ 7941910.012400443665683, 864745.282088338863105 ], [ 7941971.249888082034886, 864769.216859173029661 ], [ 7942000.058702578768134, 864779.367419046815485 ], [ 7941986.761545976623893, 864826.35735008539632 ], [ 7941994.223781284876168, 864839.704234735574573 ], [ 7942013.888648764230311, 864865.991310938261449 ], [ 7942030.195682833902538, 864882.533522900659591 ], [ 7942040.020490895956755, 864885.825500010978431 ], [ 7942047.444246299564838, 864881.014008269179612 ], [ 7942051.45317945163697, 864874.57735042180866 ], [ 7942048.905602443963289, 864852.900593062397093 ], [ 7942065.213736778125167, 864804.841668597888201 ], [ 7942150.557537839747965, 864835.722625695634633 ], [ 7942149.384752416983247, 864840.874296493828297 ], [ 7942222.578901797533035, 864869.034699507057667 ], [ 7942233.144942205399275, 864881.332091056276113 ], [ 7942237.73184488620609, 864895.041665195021778 ], [ 7942235.515496858395636, 864909.463704525493085 ], [ 7942234.538852717727423, 864915.857432965189219 ], [ 7942232.265157114714384, 864930.696978149469942 ], [ 7942230.492060588672757, 864942.234586525708437 ], [ 7942235.918881591409445, 864958.589855634607375 ], [ 7942246.665660944767296, 864969.116098591592163 ], [ 7942263.919979048892856, 865004.448982947506011 ], [ 7942300.046731065958738, 865076.38313204003498 ], [ 7942310.296118955127895, 865095.307034549769014 ], [ 7942313.315308749675751, 865102.404211835935712 ], [ 7942314.708040705882013, 865107.381465254351497 ], [ 7942315.229485997930169, 865112.783442940097302 ], [ 7942315.024061700329185, 865115.856422822922468 ], [ 7942298.30746753513813, 865198.663092778995633 ], [ 7942286.476326094008982, 865262.468364417087287 ], [ 7942454.279155381023884, 865326.60429854458198 ], [ 7942605.992822924628854, 865383.189639518968761 ], [ 7942584.731086963787675, 865442.620577964931726 ], [ 7942551.931658824905753, 865526.278316935990006 ], [ 7942542.329699493944645, 865549.950923122465611 ], [ 7942529.128465129062533, 865580.851558328140527 ], [ 7942227.259973414242268, 865482.519889283459634 ], [ 7942219.651489412412047, 865482.150526012759656 ], [ 7942214.667537179775536, 865485.362379451282322 ], [ 7942213.156516740098596, 865491.444114065729082 ], [ 7942211.553766952827573, 865505.063970580231398 ], [ 7942202.948956307955086, 865514.587022344581783 ], [ 7942190.561871102079749, 865513.155773555859923 ], [ 7942177.572482628747821, 865507.084090647753328 ], [ 7942130.837673610076308, 865476.002505655866116 ], [ 7942075.750803787261248, 865437.984681921079755 ], [ 7942053.034406582824886, 865421.339682623744011 ], [ 7942038.314924569800496, 865406.35798866301775 ], [ 7942029.747777813114226, 865393.321237944532186 ], [ 7942008.07499557826668, 865365.247421205043793 ], [ 7941989.001928520388901, 865344.215470411349088 ], [ 7941975.093897396698594, 865328.195000325329602 ], [ 7941954.497973224148154, 865292.63342898292467 ], [ 7941959.071802594698966, 865269.756312655750662 ], [ 7941951.211756777018309, 865262.110783744137734 ], [ 7941924.888213895261288, 865239.689707776997238 ] ] ] } },
{ "type": "Feature", "properties": { "element": "way", "id": 1217811724, "leisure": "golf_course", "name": "The Preserve Golf Course", "addr:city": "Wyoming", "addr:housenumber": "87", "addr:postcode": "02898", "addr:state": null, "addr:street": "Kingstown Road", "description": null, "golf:course": "18", "golf:links": null, "golf:par": "54", "phone": "+1 401-539-4653", "website": "https://www.thepreserveri.com/", "opening_hours": null, "access": "private", "email": null, "fax": null, "source": null, "old_name": null, "owner": null, "ownership": null, "wikidata": null, "wheelchair": null, "natural": null, "type": null, "operator": null, "addr:country": null, "landuse": null, "wikipedia": null, "area_m2": 292735.35385890666, "lat": 41.492608313042673, "lon": -71.682466000066128, "province": "Rhode Island", "gcid": "RD00058" }, "geometry": { "type": "Polygon", "coordinates": [ [ [ 7916560.436432554386556, 855575.869836179539561 ], [ 7916539.966922959312797, 855607.707007692195475 ], [ 7916523.800910303369164, 855600.485306567978114 ], [ 7916507.160994365811348, 855595.566402933094651 ], [ 7916486.76017255615443, 855581.831747648306191 ], [ 7916476.337373663671315, 855575.502996699418873 ], [ 7916452.883941665291786, 855562.219397470355034 ], [ 7916437.395039912313223, 855551.853753705509007 ], [ 7916428.441063282079995, 855546.625011304393411 ], [ 7916423.127468866296113, 855537.795988080091774 ], [ 7916427.407089030370116, 855523.264338498935103 ], [ 7916434.256459806114435, 855519.845743444748223 ], [ 7916442.633054013364017, 855521.869502282235771 ], [ 7916453.165764487348497, 855517.298850229941308 ], [ 7916452.755438536405563, 855509.619552762713283 ], [ 7916454.964061813428998, 855498.428426237311214 ], [ 7916463.613508242182434, 855483.260708966758102 ], [ 7916477.303178477101028, 855466.829365773592144 ], [ 7916488.245939701795578, 855456.628940596245229 ], [ 7916517.883662108331919, 855442.927294505294412 ], [ 7916554.006734414026141, 855431.270457206293941 ], [ 7916589.749064311385155, 855427.844799898564816 ], [ 7916665.502348463982344, 855400.342968142591417 ], [ 7916700.742654299363494, 855392.514405480120331 ], [ 7916736.952316837385297, 855387.862377428915352 ], [ 7916771.308940147049725, 855379.925623690709472 ], [ 7916796.973104290664196, 855364.992674490902573 ], [ 7916812.042890476062894, 855357.782718909438699 ], [ 7916828.283122383058071, 855356.685399491805583 ], [ 7916856.29006065428257, 855347.983787930570543 ], [ 7916867.788639847189188, 855344.57851599669084 ], [ 7916882.475065702572465, 855334.433143441565335 ], [ 7916894.204387905076146, 855321.536384775303304 ], [ 7916898.3197160679847, 855309.227260439191014 ], [ 7916898.446141997352242, 855293.34345305711031 ], [ 7916885.483973718248308, 855268.765094017144293 ], [ 7916872.876319902017713, 855249.983046405017376 ], [ 7916838.450044320896268, 855239.440371315460652 ], [ 7916794.965122877620161, 855229.059785674791783 ], [ 7916751.046286054886878, 855224.991939953528345 ], [ 7916713.121271437034011, 855218.726676321122795 ], [ 7916676.082195260562003, 855214.339054039213806 ], [ 7916653.00090697593987, 855206.626806840766221 ], [ 7916648.350677998736501, 855204.760769702028483 ], [ 7916640.308618944138288, 855197.251742129214108 ], [ 7916639.871289880946279, 855184.246975371148437 ], [ 7916617.449020417407155, 855083.901453970465809 ], [ 7916608.862170565873384, 855070.618676780723035 ], [ 7916608.970292623154819, 855063.605961170513183 ], [ 7916618.163035639561713, 855054.937855456955731 ], [ 7916631.622515270486474, 855048.16724016610533 ], [ 7916653.78140517603606, 855044.325748271774501 ], [ 7916689.292808965779841, 855050.318384885322303 ], [ 7916718.167921476997435, 855059.799828489776701 ], [ 7916753.551284031942487, 855063.63153711752966 ], [ 7916783.626898986287415, 855069.595889412332326 ], [ 7916836.12054480239749, 855085.877134531270713 ], [ 7916901.183018481358886, 855112.353960111737251 ], [ 7916952.954840472899377, 855135.435730579774827 ], [ 7917022.969565222971141, 855160.973244330845773 ], [ 7917128.898129565641284, 855157.760810939129442 ], [ 7917162.194541816599667, 855089.322916893754154 ], [ 7917174.249090519733727, 855064.543271169066429 ], [ 7917176.490048747509718, 855059.938441073987633 ], [ 7917180.573248906061053, 855051.554574514739215 ], [ 7917190.025118257850409, 855032.120778019074351 ], [ 7917197.419181786477566, 855025.744785471819341 ], [ 7917211.409321170300245, 855021.244645565748215 ], [ 7917233.456985400989652, 855012.064002538099885 ], [ 7917260.150689331814647, 855001.769282510504127 ], [ 7917300.781102888286114, 854993.182126273866743 ], [ 7917344.953755083493888, 855005.499666223768145 ], [ 7917349.367512633092701, 855017.20751087134704 ], [ 7917351.774207649752498, 855034.360015875194222 ], [ 7917346.991503281518817, 855053.050654186401516 ], [ 7917342.957626371644437, 855066.827978796791285 ], [ 7917338.043492214754224, 855077.324735505972058 ], [ 7917330.756556731648743, 855094.296523239463568 ], [ 7917323.166259305551648, 855108.116688694804907 ], [ 7917318.350052256137133, 855126.493473121896386 ], [ 7917315.522984917275608, 855154.061838513240218 ], [ 7917318.237494800239801, 855169.58350322721526 ], [ 7917317.352064600214362, 855183.062763362191617 ], [ 7917316.53967899736017, 855207.768600006587803 ], [ 7917315.301612302660942, 855234.102777698077261 ], [ 7917313.073119543492794, 855247.928035433404148 ], [ 7917312.229980560019612, 855260.779274747241288 ], [ 7917306.54726711474359, 855273.227623162791133 ], [ 7917303.695071683265269, 855289.17326234979555 ], [ 7917299.619015598669648, 855304.15976411383599 ], [ 7917295.087542239576578, 855314.600414666812867 ], [ 7917289.780936568044126, 855327.317602904047817 ], [ 7917286.812934104353189, 855338.986363302916288 ], [ 7917278.522924868389964, 855357.154367263894528 ], [ 7917269.786877512931824, 855375.987258745823056 ], [ 7917257.479375835508108, 855411.486149495933205 ], [ 7917238.543726811185479, 855455.658948092255741 ], [ 7917227.837652005255222, 855473.420730915851891 ], [ 7917216.713093834929168, 855488.852989553008229 ], [ 7917211.312132665887475, 855499.141136365011334 ], [ 7917204.032828662544489, 855506.69289528299123 ], [ 7917195.296264866366982, 855520.039313009474427 ], [ 7917187.743544141761959, 855530.807474822271615 ], [ 7917183.080883668735623, 855546.582045177929103 ], [ 7917175.864746903069317, 855572.708090248052031 ], [ 7917168.977308702655137, 855585.026925307698548 ], [ 7917162.375288555398583, 855604.487905345857143 ], [ 7917157.712330589070916, 855618.239838188514113 ], [ 7917151.543211041018367, 855633.749590396881104 ], [ 7917137.804951312951744, 855669.807389361783862 ], [ 7917115.851044472306967, 855741.714384654071182 ], [ 7917109.930171648971736, 855752.449241973925382 ], [ 7917090.532257746905088, 855743.812746325973421 ], [ 7917073.092201873660088, 855739.222499607130885 ], [ 7917047.9877037294209, 855737.758276036009192 ], [ 7917036.92587449029088, 855738.254499841481447 ], [ 7917023.237321985885501, 855779.983989120926708 ], [ 7916999.696494739502668, 855773.898683525621891 ], [ 7916981.324107797816396, 855767.37966741528362 ], [ 7916971.05741707701236, 855757.056109389290214 ], [ 7916963.981594634242356, 855743.227109701372683 ], [ 7916963.109133169054985, 855731.496185051742941 ], [ 7916966.518154291436076, 855716.848091628868133 ], [ 7916973.035204172134399, 855699.418143753428012 ], [ 7916978.479837663471699, 855684.227580965030938 ], [ 7916992.43850164860487, 855660.219515032600611 ], [ 7917000.606376370415092, 855645.414737216662616 ], [ 7917010.356523355469108, 855625.570928914006799 ], [ 7917021.656386436894536, 855612.097606536000967 ], [ 7917026.039873897098005, 855601.329977738671005 ], [ 7917035.390597334131598, 855586.417136738542467 ], [ 7917041.071435317397118, 855570.868078837636858 ], [ 7917049.649810749106109, 855540.648092303890735 ], [ 7917065.880874866619706, 855464.535567832179368 ], [ 7917061.933627518825233, 855461.749470220413059 ], [ 7917057.220697212032974, 855462.708384256344289 ], [ 7917048.519995520822704, 855466.826317583676428 ], [ 7917043.054468722082675, 855470.880570424720645 ], [ 7917036.889882102608681, 855472.488981763832271 ], [ 7917024.360323700122535, 855472.018942499067634 ], [ 7917016.580964638851583, 855471.280419247690588 ], [ 7917005.943220872431993, 855470.12383995950222 ], [ 7916988.135024566203356, 855472.279940676409751 ], [ 7916970.534616908989847, 855473.886697977781296 ], [ 7916949.610252605751157, 855476.714908881578594 ], [ 7916926.61377277970314, 855481.139411002863199 ], [ 7916908.286346034146845, 855481.938367308583111 ], [ 7916895.798245724290609, 855482.063512320630252 ], [ 7916886.918154319748282, 855482.126256439834833 ], [ 7916780.53996142745018, 855503.673204166349024 ], [ 7916704.406868930906057, 855509.649577943608165 ], [ 7916594.346518278121948, 855527.640797203872353 ], [ 7916586.660698018968105, 855531.692842525430024 ], [ 7916581.783249137923121, 855536.897162685636431 ], [ 7916560.436432554386556, 855575.869836179539561 ] ] ] } },
{ "type": "Feature", "properties": { "element": "way", "id": 154206946, "leisure": "golf_course", "name": "East Greenwich Golf Club", "addr:city": "East Greenwich", "addr:housenumber": "1646", "addr:postcode": "02818", "addr:state": null, "addr:street": "Division Road", "description": null, "golf:course": "9", "golf:links": null, "golf:par": "36", "phone": "+1 401-884-5656", "website": "http://www.eastgreenwichgolfclub.com/", "opening_hours": null, "access": null, "email": null, "fax": null, "source": null, "old_name": null, "owner": null, "ownership": null, "wikidata": null, "wheelchair": null, "natural": null, "type": null, "operator": null, "addr:country": null, "landuse": null, "wikipedia": null, "area_m2": 282280.78400408308, "lat": 41.658200017059762, "lon": -71.50958412289836, "province": "Rhode Island", "gcid": "RD00034" }, "geometry": { "type": "Polygon", "coordinates": [ [ [ 7924773.869749390520155, 878355.210688719060272 ], [ 7924956.126790488138795, 878463.834428708069026 ], [ 7925103.791295381262898, 878547.654446021188051 ], [ 7925143.774103169329464, 878497.278304582461715 ], [ 7925174.892352706752717, 878458.084762847516686 ], [ 7925230.793652703985572, 878387.661567540373653 ], [ 7925314.926230031065643, 878281.665334994439036 ], [ 7925417.820148320868611, 878031.894155584275723 ], [ 7925445.914509424008429, 877954.347108254209161 ], [ 7925454.322043114341795, 877866.483133359346539 ], [ 7925443.725944328121841, 877827.836658713407815 ], [ 7925406.112343296408653, 877792.273115731310099 ], [ 7925362.509024290367961, 877760.913353238254786 ], [ 7925372.864719619974494, 877730.519817373715341 ], [ 7925386.586214805021882, 877708.496348006185144 ], [ 7925411.265617415308952, 877713.152272093575448 ], [ 7925450.125526068732142, 877730.489906329661608 ], [ 7925466.600668955594301, 877720.218672956340015 ], [ 7925470.921035776846111, 877696.689803903922439 ], [ 7925423.040233189240098, 877642.196679917164147 ], [ 7925404.808201937004924, 877613.566398193128407 ], [ 7925370.439281323924661, 877589.555076888296753 ], [ 7925344.698492611758411, 877579.933455268386751 ], [ 7925326.102281220257282, 877583.834186232183129 ], [ 7925276.297977918758988, 877569.725389902014285 ], [ 7925167.771702449768782, 877842.14832126069814 ], [ 7925102.852337976917624, 878031.177545556332916 ], [ 7925073.404569892212749, 878113.91899772407487 ], [ 7925062.111714355647564, 878145.636159845627844 ], [ 7924997.009667385369539, 878195.161294265184551 ], [ 7924853.702395120635629, 878242.724091467447579 ], [ 7924773.869749390520155, 878355.210688719060272 ] ] ] } },
{ "type": "Feature", "properties": { "element": "way", "id": 154206946, "leisure": "golf_course", "name": "East Greenwich Golf Club", "addr:city": "East Greenwich", "addr:housenumber": "1646", "addr:postcode": "02818", "addr:state": null, "addr:street": "Division Road", "description": null, "golf:course": "9", "golf:links": null, "golf:par": "36", "phone": "+1 401-884-5656", "website": "http://www.eastgreenwichgolfclub.com/", "opening_hours": null, "access": null, "email": null, "fax": null, "source": null, "old_name": null, "owner": null, "ownership": null, "wikidata": null, "wheelchair": null, "natural": null, "type": null, "operator": null, "addr:country": null, "landuse": null, "wikipedia": null, "area_m2": 282280.78400408308, "lat": 41.658200017059762, "lon": -71.50958412289836, "province": "Rhode Island", "gcid": "RD00035" }, "geometry": { "type": "Polygon", "coordinates": [ [ [ 7924773.869749390520155, 878355.210688719060272 ], [ 7924956.126790488138795, 878463.834428708069026 ], [ 7925103.791295381262898, 878547.654446021188051 ], [ 7925143.774103169329464, 878497.278304582461715 ], [ 7925174.892352706752717, 878458.084762847516686 ], [ 7925230.793652703985572, 878387.661567540373653 ], [ 7925314.926230031065643, 878281.665334994439036 ], [ 7925417.820148320868611, 878031.894155584275723 ], [ 7925445.914509424008429, 877954.347108254209161 ], [ 7925454.322043114341795, 877866.483133359346539 ], [ 7925443.725944328121841, 877827.836658713407815 ], [ 7925406.112343296408653, 877792.273115731310099 ], [ 7925362.509024290367961, 877760.913353238254786 ], [ 7925372.864719619974494, 877730.519817373715341 ], [ 7925386.586214805021882, 877708.496348006185144 ], [ 7925411.265617415308952, 877713.152272093575448 ], [ 7925450.125526068732142, 877730.489906329661608 ], [ 7925466.600668955594301, 877720.218672956340015 ], [ 7925470.921035776846111, 877696.689803903922439 ], [ 7925423.040233189240098, 877642.196679917164147 ], [ 7925404.808201937004924, 877613.566398193128407 ], [ 7925370.439281323924661, 877589.555076888296753 ], [ 7925344.698492611758411, 877579.933455268386751 ], [ 7925326.102281220257282, 877583.834186232183129 ], [ 7925276.297977918758988, 877569.725389902014285 ], [ 7925167.771702449768782, 877842.14832126069814 ], [ 7925102.852337976917624, 878031.177545556332916 ], [ 7925073.404569892212749, 878113.91899772407487 ], [ 7925062.111714355647564, 878145.636159845627844 ], [ 7924997.009667385369539, 878195.161294265184551 ], [ 7924853.702395120635629, 878242.724091467447579 ], [ 7924773.869749390520155, 878355.210688719060272 ] ] ] } },
{ "type": "Feature", "properties": { "element": "way", "id": 149470741, "leisure": "golf_course", "name": "Mulligan's Island Golf and Entertainment", "addr:city": null, "addr:housenumber": null, "addr:postcode": null, "addr:state": null, "addr:street": null, "description": null, "golf:course": "9_hole;8_hole", "golf:links": "Short Course; Pitch and Putt", "golf:par": "27;24", "phone": "+1-401-464-8855", "website": "https://www.mulligansisland.com/", "opening_hours": null, "access": null, "email": null, "fax": null, "source": null, "old_name": null, "owner": null, "ownership": null, "wikidata": null, "wheelchair": null, "natural": null, "type": null, "operator": null, "addr:country": null, "landuse": null, "wikipedia": null, "area_m2": 261201.92482329672, "lat": 41.740416054536198, "lon": -71.470581312194611, "province": "Rhode Island", "gcid": "RD00033" }, "geometry": { "type": "Polygon", "coordinates": [ [ [ 7925330.101290909573436, 888554.468156545422971 ], [ 7925291.948488907888532, 888318.941669405438006 ], [ 7925281.018187468871474, 888270.077006343752146 ], [ 7925428.422386156395078, 888160.916914711240679 ], [ 7925498.606542583554983, 888223.893561857286841 ], [ 7925587.803717985749245, 888072.505831438582391 ], [ 7925679.380994375795126, 888086.808842898346484 ], [ 7925765.925185804255307, 887999.064148816280067 ], [ 7925811.996801381930709, 887971.214781550690532 ], [ 7925588.704552279785275, 887773.492154479492456 ], [ 7925546.087406287901103, 887750.450181141495705 ], [ 7925532.086092738434672, 887774.338816292118281 ], [ 7925520.469101294875145, 887792.577807142399251 ], [ 7925497.936688578687608, 887787.104191945400089 ], [ 7925482.198437717743218, 887778.922830802388489 ], [ 7925474.372486137785017, 887771.056684480048716 ], [ 7925466.869393555447459, 887761.69951689010486 ], [ 7925459.131100250408053, 887750.811285933479667 ], [ 7925450.910693218931556, 887742.11192341754213 ], [ 7925433.423523074015975, 887734.82711165305227 ], [ 7925413.97745655477047, 887731.529191326815635 ], [ 7925396.876605057157576, 887734.168200999498367 ], [ 7925321.236307788640261, 887897.460229202639312 ], [ 7925263.829978042282164, 887924.200227922294289 ], [ 7925211.546334074810147, 887955.123764486052096 ], [ 7925200.173653276637197, 887962.062550453003496 ], [ 7925168.867340406402946, 887992.62709225108847 ], [ 7925114.219433885067701, 887946.971693813800812 ], [ 7925072.40299931447953, 887991.60273193847388 ], [ 7925111.749057996086776, 888033.689987607765943 ], [ 7925132.89853298291564, 888059.189335719216615 ], [ 7925163.155311404727399, 888110.185030929744244 ], [ 7925178.420552565716207, 888149.906562101095915 ], [ 7925186.61453993152827, 888194.072318063117564 ], [ 7925194.007143470458686, 888236.991233304142952 ], [ 7925199.031087554991245, 888263.613594355527312 ], [ 7925201.125274013727903, 888288.790797889232635 ], [ 7925201.56777566857636, 888341.085493431426585 ], [ 7925207.272619225084782, 888523.335503389127553 ], [ 7925221.953427938744426, 888608.327294504269958 ], [ 7925243.710787015035748, 888703.951054219622165 ], [ 7925260.541310231201351, 888765.018041958566755 ], [ 7925275.412403644993901, 888817.213267525658011 ], [ 7925282.786199810914695, 888836.261947121471167 ], [ 7925308.620854856446385, 888831.451919209677726 ], [ 7925373.023213083855808, 888819.45080344285816 ], [ 7925330.101290909573436, 888554.468156545422971 ] ] ] } },
{ "type": "Feature", "properties": { "element": "relation", "id": 11833408, "leisure": "golf_course", "name": "Weekapaug Golf Club", "addr:city": "Westerly", "addr:housenumber": "265", "addr:postcode": "02891", "addr:state": null, "addr:street": "Shore Road", "description": null, "golf:course": null, "golf:links": null, "golf:par": null, "phone": "+1 401-322-7870", "website": "https://www.weekapauggolfclub.com/", "opening_hours": null, "access": null, "email": null, "fax": null, "source": null, "old_name": null, "owner": null, "ownership": null, "wikidata": null, "wheelchair": null, "natural": null, "type": "multipolygon", "operator": null, "addr:country": null, "landuse": null, "wikipedia": null, "area_m2": 252334.41302915468, "lat": 41.339096043864295, "lon": -71.776216084256959, "province": "Rhode Island", "gcid": "RD00011" }, "geometry": { "type": "Polygon", "coordinates": [ [ [ 7914535.005807023495436, 835972.318121773190796 ], [ 7914531.183888855390251, 835979.767534104175866 ], [ 7914516.503393720835447, 835993.372616238426417 ], [ 7914510.556787404231727, 836001.484603200107813 ], [ 7914501.698439428582788, 836004.732196062803268 ], [ 7914495.161923416890204, 836011.464210376143456 ], [ 7914492.073500998318195, 836018.68081205803901 ], [ 7914493.90304625313729, 836026.074837930500507 ], [ 7914488.394329740665853, 836033.796856313943863 ], [ 7914484.15259778779, 836044.682840812485665 ], [ 7914483.62912798114121, 836055.002927006222308 ], [ 7914466.313566280528903, 836063.288861011620611 ], [ 7914463.060347689315677, 836059.972600610461086 ], [ 7914455.870895985513926, 836054.70391060365364 ], [ 7914445.531429646536708, 836058.824407917447388 ], [ 7914436.828241091221571, 836056.707590609323233 ], [ 7914430.81581187993288, 836056.778319072443992 ], [ 7914425.961784196086228, 836061.770452085882425 ], [ 7914422.509796009398997, 836069.764709384180605 ], [ 7914422.584450056776404, 836076.633741953410208 ], [ 7914426.079101515933871, 836087.733621682040393 ], [ 7914432.928563485853374, 836097.228147007524967 ], [ 7914431.031130656599998, 836106.723706685006618 ], [ 7914432.174272263422608, 836112.306412441655993 ], [ 7914435.360962955281138, 836117.139448194764555 ], [ 7914437.387555318884552, 836121.387487466912717 ], [ 7914436.716760268434882, 836125.759668568149209 ], [ 7914431.992626157589257, 836122.726018457207829 ], [ 7914419.221730185672641, 836123.726083475165069 ], [ 7914413.754368934780359, 836125.901082993950695 ], [ 7914406.728762211278081, 836134.968830729834735 ], [ 7914408.314824104309082, 836144.924156123306602 ], [ 7914417.430104619823396, 836163.578491285443306 ], [ 7914425.597418225370347, 836169.542217628099024 ], [ 7914421.048843281343579, 836184.301373760215938 ], [ 7914423.309581339359283, 836185.597318967804313 ], [ 7914433.845029927790165, 836187.973669474944472 ], [ 7914470.561740795150399, 836194.858608793467283 ], [ 7914532.515587255358696, 836197.015823318623006 ], [ 7914569.781723333522677, 836200.906979947350919 ], [ 7914594.245934681966901, 836207.290075998753309 ], [ 7914618.943087394349277, 836214.888180765789002 ], [ 7914632.952881056815386, 836220.714176080189645 ], [ 7914635.722614642232656, 836221.849466316401958 ], [ 7914658.662382921203971, 836233.065125002991408 ], [ 7914683.542518398724496, 836246.417220632079989 ], [ 7914752.51361171156168, 836286.13589842710644 ], [ 7914756.744102955795825, 836288.221132090315223 ], [ 7914799.876845002174377, 836312.881730403285474 ], [ 7914914.53597704321146, 836379.383454794529825 ], [ 7914921.875529434531927, 836384.023624203633517 ], [ 7914926.529889082536101, 836386.320258073974401 ], [ 7914950.692258112132549, 836400.190446245484054 ], [ 7914953.326195318251848, 836399.646060436498374 ], [ 7914981.133459368720651, 836351.723003721330315 ], [ 7914988.388195710256696, 836334.444086476229131 ], [ 7915002.534474344924092, 836290.075619272887707 ], [ 7915008.063022180460393, 836277.575064155738801 ], [ 7915013.805953210219741, 836275.284705629572272 ], [ 7915025.837108882144094, 836279.398984008003026 ], [ 7915036.216767866164446, 836270.325547868851572 ], [ 7915045.516906829550862, 836253.521289153490216 ], [ 7915047.012297566048801, 836249.30950827524066 ], [ 7915044.70183795876801, 836247.076277983374894 ], [ 7915049.593381774611771, 836233.228677765466273 ], [ 7915051.404654577374458, 836219.670522428583354 ], [ 7915054.927345952950418, 836210.960441790521145 ], [ 7915057.956649923697114, 836205.68721353309229 ], [ 7915056.917275291867554, 836200.961878579575568 ], [ 7915051.726109674200416, 836195.921347986441106 ], [ 7915049.627673700451851, 836182.648052115924656 ], [ 7915056.715829977765679, 836167.834425852634013 ], [ 7915064.450745733454823, 836149.924813624005765 ], [ 7915074.288130619563162, 836150.220618581864983 ], [ 7915075.312953928485513, 836147.308794504962862 ], [ 7915024.798744983971119, 836139.750560396816581 ], [ 7914988.756025814451277, 836131.858768159523606 ], [ 7914977.981527473777533, 836128.955000933259726 ], [ 7914973.755389841273427, 836124.229999574366957 ], [ 7914971.317059565335512, 836122.778839113656431 ], [ 7914957.666202585212886, 836122.920781889464706 ], [ 7914932.2051195288077, 836115.701526798773557 ], [ 7914913.013231887482107, 836107.878239429090172 ], [ 7914897.59738443326205, 836108.364201500546187 ], [ 7914883.968727194704115, 836105.169898722320795 ], [ 7914877.230639134533703, 836099.442306123208255 ], [ 7914872.732303583994508, 836091.527068309485912 ], [ 7914861.707651526667178, 836086.567097023595124 ], [ 7914856.539125079289079, 836077.294059494975954 ], [ 7914857.382445998489857, 836054.151799016166478 ], [ 7914855.084854567423463, 836047.464656938333064 ], [ 7914866.410383395850658, 836032.981751994229853 ], [ 7914870.676225529052317, 836010.206873758230358 ], [ 7914876.993946687318385, 835994.89897988550365 ], [ 7914888.975267732515931, 835983.913479215931147 ], [ 7914894.526671014726162, 835984.164983830880374 ], [ 7914899.512652071192861, 835975.278829319868237 ], [ 7914895.13231791369617, 835973.120348573196679 ], [ 7914890.993856435641646, 835968.908709045965225 ], [ 7914892.268737439066172, 835952.994554236531258 ], [ 7914894.781582901254296, 835948.267200692091137 ], [ 7914897.901021890342236, 835945.203990563750267 ], [ 7914898.152914266102016, 835938.538338755257428 ], [ 7914907.714293523691595, 835895.117857753299177 ], [ 7914910.388058297336102, 835884.785428476054221 ], [ 7914908.105608228594065, 835881.543814779724926 ], [ 7914907.627272889949381, 835877.922628953121603 ], [ 7914918.983827060088515, 835849.711410605814308 ], [ 7914928.150635553523898, 835813.951681880746037 ], [ 7914913.615321701392531, 835813.780738714616746 ], [ 7914907.803324774838984, 835810.694032448809594 ], [ 7914905.708167282864451, 835808.555517646949738 ], [ 7914907.517576140351593, 835800.811800034716725 ], [ 7914903.417293631471694, 835791.621314915828407 ], [ 7914903.744359789416194, 835776.790517898276448 ], [ 7914903.380686787888408, 835774.466751192230731 ], [ 7914887.303950570523739, 835772.36260178592056 ], [ 7914885.422880838625133, 835745.652350875549018 ], [ 7914876.965808907523751, 835742.137416108045727 ], [ 7914872.98736618552357, 835735.228049061261117 ], [ 7914872.71833570767194, 835728.004452084656805 ], [ 7914877.060225389897823, 835720.446246095467359 ], [ 7914874.831298016011715, 835706.367197554558516 ], [ 7914876.471433957107365, 835697.380873484071344 ], [ 7914875.275194794870913, 835693.888523288536817 ], [ 7914870.44556057266891, 835689.862986844498664 ], [ 7914868.946159616112709, 835685.314488266594708 ], [ 7914870.892386211082339, 835673.072356570977718 ], [ 7914876.883138793520629, 835664.659752454608679 ], [ 7914869.186968059279025, 835663.901321880053729 ], [ 7914860.819996492005885, 835655.388210335746408 ], [ 7914859.328031525015831, 835644.166827693581581 ], [ 7914858.96904101036489, 835641.493263943586498 ], [ 7914864.662954417988658, 835622.225573363248259 ], [ 7914858.894523141905665, 835617.020998826250434 ], [ 7914846.213196216151118, 835612.125728107988834 ], [ 7914843.59934960026294, 835592.517657668329775 ], [ 7914846.703263618052006, 835587.098956091329455 ], [ 7914848.692074218764901, 835584.477846287656575 ], [ 7914848.981132072396576, 835581.022633060347289 ], [ 7914846.576411026529968, 835565.468699641991407 ], [ 7914849.906491131521761, 835557.737254346255213 ], [ 7914866.22995426133275, 835553.052515415940434 ], [ 7914867.174983249977231, 835550.998925495892763 ], [ 7914865.491250395774841, 835534.38426790991798 ], [ 7914866.186363838613033, 835524.992144918534905 ], [ 7914869.707493888214231, 835512.792117096018046 ], [ 7914871.220352934673429, 835499.221019473392516 ], [ 7914874.782845001667738, 835486.307593366131186 ], [ 7914875.239879025146365, 835470.937651974149048 ], [ 7914873.655936549417675, 835469.693142035976052 ], [ 7914856.904885292053223, 835463.698216026648879 ], [ 7914851.719496810808778, 835464.281338250730187 ], [ 7914839.038040432147682, 835468.690447925589979 ], [ 7914835.249828024767339, 835474.442866601515561 ], [ 7914838.333657855167985, 835485.348514411132783 ], [ 7914839.560025153681636, 835499.451274578925222 ], [ 7914847.127601822838187, 835509.629333793651313 ], [ 7914852.103430372662842, 835524.496997714508325 ], [ 7914851.515475955791771, 835534.651027946267277 ], [ 7914847.094697333872318, 835549.10118277836591 ], [ 7914834.959215473383665, 835547.061765727121383 ], [ 7914822.834825083613396, 835549.738704010844231 ], [ 7914794.39897046238184, 835558.461323769763112 ], [ 7914777.372471849434078, 835570.076384224928916 ], [ 7914765.654109078459442, 835607.473995555192232 ], [ 7914755.408796052448452, 835621.111106973141432 ], [ 7914743.03197780251503, 835630.429363919887692 ], [ 7914722.196523007936776, 835651.242730960715562 ], [ 7914701.49063069652766, 835665.205127726309001 ], [ 7914693.680127875879407, 835675.555158917792141 ], [ 7914683.378635412082076, 835681.820237658452243 ], [ 7914676.442381258122623, 835692.540740364231169 ], [ 7914675.681111076846719, 835704.091745877638459 ], [ 7914672.296594362705946, 835715.064204892143607 ], [ 7914670.924075934104621, 835751.650440738536417 ], [ 7914668.979881951585412, 835758.187060485128313 ], [ 7914670.782248036935925, 835781.927233989816159 ], [ 7914662.712544835172594, 835786.643954736646265 ], [ 7914658.240559577010572, 835790.912918503861874 ], [ 7914651.254759524948895, 835802.344038743060082 ], [ 7914640.516407235525548, 835809.108386992476881 ], [ 7914626.863316422328353, 835808.390515654347837 ], [ 7914615.729792478494346, 835811.670005133841187 ], [ 7914612.36242837458849, 835818.650165126658976 ], [ 7914611.040552973747253, 835827.473823208827525 ], [ 7914598.747535474598408, 835833.463681872468442 ], [ 7914587.111608016304672, 835833.223281865939498 ], [ 7914583.619431052356958, 835843.966641996055841 ], [ 7914584.769603383727372, 835848.885447659995407 ], [ 7914586.354833407327533, 835855.630342904478312 ], [ 7914586.545565913431346, 835856.443772040307522 ], [ 7914586.33203072566539, 835859.220933042932302 ], [ 7914586.152931109070778, 835861.585334270261228 ], [ 7914585.646431487984955, 835863.079534762073308 ], [ 7914584.097223371267319, 835867.625115496106446 ], [ 7914583.321379344910383, 835869.915672187693417 ], [ 7914581.757865313440561, 835874.505035103298724 ], [ 7914579.494264802895486, 835887.915247496217489 ], [ 7914583.459732189774513, 835901.095414461567998 ], [ 7914582.591084316372871, 835906.045083703007549 ], [ 7914582.303457906469703, 835907.707716113422066 ], [ 7914581.088387177325785, 835921.206121394876391 ], [ 7914577.278556644916534, 835933.75974240899086 ], [ 7914570.880782593041658, 835935.037072119303048 ], [ 7914561.449793142266572, 835945.317805407103151 ], [ 7914555.012435244396329, 835957.558001693338156 ], [ 7914550.893655558116734, 835969.380686886142939 ], [ 7914549.374031310901046, 835971.125332698225975 ], [ 7914542.209388948976994, 835979.360245939344168 ], [ 7914538.53056657128036, 835976.983064608648419 ], [ 7914535.005807023495436, 835972.318121773190796 ] ] ] } },
{ "type": "Feature", "properties": { "element": "way", "id": 77709865, "leisure": "golf_course", "name": "Coventry Pines Golf Course", "addr:city": null, "addr:housenumber": null, "addr:postcode": null, "addr:state": null, "addr:street": null, "description": null, "golf:course": "9", "golf:links": null, "golf:par": "36", "phone": null, "website": "https://coventrypines.com/", "opening_hours": null, "access": null, "email": null, "fax": null, "source": null, "old_name": null, "owner": null, "ownership": null, "wikidata": null, "wheelchair": null, "natural": null, "type": null, "operator": null, "addr:country": null, "landuse": null, "wikipedia": null, "area_m2": 246991.05706845011, "lat": 41.669910917407464, "lon": -71.631622479508763, "province": "Rhode Island", "gcid": "RD00023" }, "geometry": { "type": "Polygon", "coordinates": [ [ [ 7914435.297949777916074, 876077.169625921174884 ], [ 7914450.395181342959404, 876076.210432589519769 ], [ 7914467.365874552167952, 876079.317203264683485 ], [ 7914481.943865930661559, 876077.20686143822968 ], [ 7914489.995521320030093, 876067.138695616275072 ], [ 7914494.279886085540056, 876062.752483321819454 ], [ 7914504.095679358579218, 876060.720050965435803 ], [ 7914505.941246414557099, 876053.461382095701993 ], [ 7914515.947398075833917, 876058.401925823651254 ], [ 7914525.34960993565619, 876057.322532219812274 ], [ 7914538.647309468127787, 876060.974911671597511 ], [ 7914567.482023963704705, 876057.290174868889153 ], [ 7914573.03606375772506, 876052.244973125867546 ], [ 7914604.576604472473264, 876066.660616881679744 ], [ 7914611.3001898964867, 876065.752222354989499 ], [ 7914622.002620662562549, 876061.881943847052753 ], [ 7914635.040429202839732, 876038.243281930685043 ], [ 7914651.373874515295029, 876027.937236172147095 ], [ 7914662.832858016714454, 876017.333132883533835 ], [ 7914666.511253117583692, 876012.142319011501968 ], [ 7914673.135035965591669, 875997.731316199991852 ], [ 7914676.679426206275821, 875988.841494651976973 ], [ 7914677.500400524586439, 875979.8173135695979 ], [ 7914679.51355279609561, 875965.739691123366356 ], [ 7914681.958095744252205, 875944.482248300686479 ], [ 7914703.710434014908969, 875904.603549096733332 ], [ 7914697.719834757037461, 875895.32112256065011 ], [ 7914685.013039318844676, 875884.250732386950403 ], [ 7914673.901013440452516, 875873.766028646845371 ], [ 7914658.887052644975483, 875861.875507204793394 ], [ 7914657.026599415577948, 875857.136027006898075 ], [ 7914638.656586561352015, 875810.351015648338944 ], [ 7914636.225346796214581, 875806.077127404976636 ], [ 7914631.025479137897491, 875798.967353976331651 ], [ 7914622.72984432708472, 875792.302622562274337 ], [ 7914610.613447396084666, 875790.902971307281405 ], [ 7914600.236068294383585, 875784.194257091730833 ], [ 7914596.7958510722965, 875775.763873550109565 ], [ 7914597.781253972090781, 875767.314208393916488 ], [ 7914600.073003907687962, 875749.467648808378726 ], [ 7914602.80249612685293, 875740.406215179245919 ], [ 7914607.021629539318383, 875731.726338247768581 ], [ 7914613.138787704519928, 875726.321800434496254 ], [ 7914622.05055620521307, 875724.391006121877581 ], [ 7914632.068771006539464, 875725.934823509305716 ], [ 7914640.333443256095052, 875728.752924641594291 ], [ 7914647.778593149967492, 875731.579549457412213 ], [ 7914657.924377328716218, 875733.480082735419273 ], [ 7914667.261782833375037, 875735.961619932670146 ], [ 7914691.474378872662783, 875740.1462177708745 ], [ 7914703.764612993225455, 875746.91616693418473 ], [ 7914725.197242617607117, 875761.61015896871686 ], [ 7914744.183692955411971, 875779.819306345190853 ], [ 7914758.664672223851085, 875789.719189159572124 ], [ 7914775.034253195859492, 875801.572299917694181 ], [ 7914788.363915239460766, 875813.755692005157471 ], [ 7914796.589941166341305, 875822.092155625578016 ], [ 7914814.222918374463916, 875838.210041973739862 ], [ 7914823.920352314598858, 875853.84477176098153 ], [ 7914830.300305747427046, 875859.189210769720376 ], [ 7914838.151434672996402, 875865.357007442507893 ], [ 7914850.033879091963172, 875870.746578247286379 ], [ 7914864.10377905331552, 875868.3364387890324 ], [ 7914879.693097723647952, 875869.331294374540448 ], [ 7914900.035617798566818, 875880.968396348878741 ], [ 7914913.602139213122427, 875888.050375840160996 ], [ 7914933.159086443483829, 875892.86937856907025 ], [ 7914951.161033908836544, 875894.997886914759874 ], [ 7914963.436296362429857, 875906.689401124604046 ], [ 7914975.507382206618786, 875924.401279877405614 ], [ 7914996.531579945236444, 875942.39934697188437 ], [ 7915031.635814252309501, 875965.313242751173675 ], [ 7915059.026823618449271, 875983.266465673688799 ], [ 7915077.760654853656888, 875990.00557911908254 ], [ 7915094.171625360846519, 875995.035680539906025 ], [ 7915115.589357683435082, 875999.439652892295271 ], [ 7915132.366769154556096, 876005.340943544637412 ], [ 7915146.697517372667789, 876020.929391928017139 ], [ 7915163.546915878541768, 876046.751266910228878 ], [ 7915176.262862985953689, 876059.968346466310322 ], [ 7915197.577602243050933, 876077.688046613708138 ], [ 7915205.123230007477105, 876083.707537628244609 ], [ 7915207.020420597866178, 876093.954090446233749 ], [ 7915229.637469051405787, 876159.09764154907316 ], [ 7915089.223583124577999, 876200.129813259467483 ], [ 7915044.238997306674719, 876212.398214509245008 ], [ 7914904.149611934088171, 876247.005240310449153 ], [ 7914864.773565359413624, 876255.143309197854251 ], [ 7914816.868547724559903, 876258.899396821856499 ], [ 7914696.071710334159434, 876262.686143062543124 ], [ 7914613.846410693600774, 876267.970091959927231 ], [ 7914561.539784122258425, 876269.722003864590079 ], [ 7914534.290901994332671, 876268.180031828582287 ], [ 7914518.795277236029506, 876267.373850949108601 ], [ 7914498.257500392384827, 876265.815108068753034 ], [ 7914429.339451166801155, 876257.971747717820108 ], [ 7914422.212551862001419, 876257.295212483033538 ], [ 7914398.497063108719885, 876253.758704143576324 ], [ 7914362.268774528056383, 876250.47126417607069 ], [ 7914341.200178222730756, 876248.568909703288227 ], [ 7914317.49243759457022, 876245.918745611794293 ], [ 7914294.490407899022102, 876245.231590634677559 ], [ 7914258.961830163374543, 876245.745225883554667 ], [ 7914257.51176221575588, 876240.172967120539397 ], [ 7914257.67581609915942, 876234.272892290260643 ], [ 7914260.590224925428629, 876207.313522794283926 ], [ 7914262.781555449590087, 876184.920493645127863 ], [ 7914267.718104129657149, 876174.528613603673875 ], [ 7914279.168790338560939, 876169.706167711876333 ], [ 7914298.476520177908242, 876168.220817308407277 ], [ 7914313.898924817331135, 876166.32768258266151 ], [ 7914330.41442146897316, 876166.488732489291579 ], [ 7914377.419883359223604, 876174.304337868932635 ], [ 7914390.134657533839345, 876174.847954651340842 ], [ 7914407.274634624831378, 876174.07725535472855 ], [ 7914412.619273669086397, 876167.958614812232554 ], [ 7914413.31000286899507, 876156.132488708011806 ], [ 7914410.702406552620232, 876143.438218883238733 ], [ 7914409.346768658608198, 876133.031960937194526 ], [ 7914405.179500282742083, 876125.984074290841818 ], [ 7914394.077623669989407, 876127.568965242709965 ], [ 7914381.07739338837564, 876121.195077440701425 ], [ 7914375.574043140746653, 876111.480575842782855 ], [ 7914370.123502745293081, 876103.066277203615755 ], [ 7914371.579742586240172, 876092.690287907607853 ], [ 7914380.563727717846632, 876084.502278999425471 ], [ 7914395.018012329004705, 876072.790458626579493 ], [ 7914411.544103167951107, 876071.514977153390646 ], [ 7914435.297949777916074, 876077.169625921174884 ] ] ] } },
{ "type": "Feature", "properties": { "element": "way", "id": 141111886, "leisure": "golf_course", "name": "Midville Country Club", "addr:city": null, "addr:housenumber": null, "addr:postcode": null, "addr:state": null, "addr:street": null, "description": null, "golf:course": "9", "golf:links": null, "golf:par": "35", "phone": "+1-401-828-9215", "website": "https://midvillegolfclub.com/", "opening_hours": null, "access": null, "email": null, "fax": null, "source": null, "old_name": null, "owner": null, "ownership": null, "wikidata": null, "wheelchair": null, "natural": null, "type": null, "operator": null, "addr:country": null, "landuse": null, "wikipedia": null, "area_m2": 242447.93191042487, "lat": 41.722446496692029, "lon": -71.500356792290646, "province": "Rhode Island", "gcid": "RD00027" }, "geometry": { "type": "Polygon", "coordinates": [ [ [ 7923316.694647590629756, 885700.164313507732004 ], [ 7923333.692386394366622, 885652.893414073158056 ], [ 7923373.548649735748768, 885547.049557955469936 ], [ 7923406.609136979095638, 885463.589476989582181 ], [ 7923456.419695985503495, 885331.637096696998924 ], [ 7923411.474554790183902, 885316.323115276638418 ], [ 7923427.28643626626581, 885266.418257831130177 ], [ 7923471.166195251047611, 885282.23858498968184 ], [ 7923482.412436401471496, 885254.065371643286198 ], [ 7923495.060005178675056, 885234.468517442699522 ], [ 7923499.381537382490933, 885226.796878290828317 ], [ 7923518.807695232331753, 885186.565125526394695 ], [ 7923514.908099822700024, 885184.81204784149304 ], [ 7923473.021262540481985, 885166.589302110951394 ], [ 7923482.606020998209715, 885143.809621503110975 ], [ 7923468.920985382050276, 885125.554800649173558 ], [ 7923476.713187826797366, 885108.536967819556594 ], [ 7923479.029422019608319, 885100.648345571476966 ], [ 7923480.703141393139958, 885092.837257998995483 ], [ 7923481.886034053750336, 885083.05946467583999 ], [ 7923481.495421601459384, 885072.856812280137092 ], [ 7923510.756621910259128, 885042.52035056380555 ], [ 7923523.720788518898189, 885029.08179048448801 ], [ 7923542.66098172776401, 885025.579126118216664 ], [ 7923571.147976725362241, 885030.653913904447109 ], [ 7923585.520545860752463, 885040.516670603770763 ], [ 7923592.127290682867169, 885042.586257038172334 ], [ 7923611.838938391767442, 885042.584361735265702 ], [ 7923635.515327997505665, 885036.124314839486033 ], [ 7923666.480783313512802, 885027.843779949937016 ], [ 7923727.320355488918722, 885022.398976122960448 ], [ 7923803.111564258113503, 885027.397641026414931 ], [ 7923859.861756529659033, 885020.501159687992185 ], [ 7924065.740344386547804, 885188.330135594587773 ], [ 7924086.312500288709998, 885199.984503951389343 ], [ 7924088.967867867089808, 885222.937458691187203 ], [ 7924085.43310559168458, 885249.128245127853006 ], [ 7924057.213972359895706, 885246.6091737174429 ], [ 7924036.969404092058539, 885244.798019386827946 ], [ 7923970.834800745360553, 885241.290717053227127 ], [ 7923915.372256526723504, 885230.003126127645373 ], [ 7923910.698765601031482, 885217.072124004829675 ], [ 7923905.554187754169106, 885208.706807672977448 ], [ 7923888.814589096233249, 885205.080222786869854 ], [ 7923880.806058569811285, 885202.533189150504768 ], [ 7923821.423786164261401, 885184.328907161951065 ], [ 7923803.498231888748705, 885181.02364695770666 ], [ 7923787.061800104565918, 885185.64620903134346 ], [ 7923768.51495941914618, 885219.171420504339039 ], [ 7923754.55599177069962, 885261.373450422193855 ], [ 7923746.88828269392252, 885311.436910655349493 ], [ 7923692.843709245324135, 885292.89712425135076 ], [ 7923596.669911132194102, 885539.397081074304879 ], [ 7923624.577339223586023, 885552.913321433588862 ], [ 7923658.052795179188251, 885635.410316245630383 ], [ 7923652.573402179405093, 885736.443060946650803 ], [ 7923633.332567579112947, 885770.366590319667011 ], [ 7923542.434778476133943, 885793.832391528878361 ], [ 7923511.970546890050173, 885796.345441251061857 ], [ 7923416.644927129149437, 885750.267521034460515 ], [ 7923409.309563721530139, 885746.84242065390572 ], [ 7923395.87768011726439, 885768.914701679255813 ], [ 7923390.984612867236137, 885761.844134893268347 ], [ 7923383.596894129179418, 885751.985075859352946 ], [ 7923375.330805823206902, 885744.474074666388333 ], [ 7923365.893528368324041, 885737.349586642812937 ], [ 7923340.889085719361901, 885719.240030015353113 ], [ 7923318.731506694108248, 885704.798600003588945 ], [ 7923316.694647590629756, 885700.164313507732004 ] ] ] } },
{ "type": "Feature", "properties": { "element": "way", "id": 1245155294, "leisure": "golf_course", "name": "Lincoln Country Club", "addr:city": null, "addr:housenumber": null, "addr:postcode": null, "addr:state": null, "addr:street": null, "description": null, "golf:course": null, "golf:links": null, "golf:par": null, "phone": null, "website": null, "opening_hours": null, "access": null, "email": null, "fax": null, "source": null, "old_name": null, "owner": null, "ownership": null, "wikidata": null, "wheelchair": null, "natural": null, "type": null, "operator": null, "addr:country": null, "landuse": null, "wikipedia": null, "area_m2": 235210.16164034573, "lat": 41.915517929079058, "lon": -71.427496749861064, "province": "Rhode Island", "gcid": "RD00059" }, "geometry": { "type": "Polygon", "coordinates": [ [ [ 7922447.670505442656577, 908651.376358027337119 ], [ 7922439.540201783180237, 908644.907154889777303 ], [ 7922345.287304195575416, 908608.367845251224935 ], [ 7922266.276970623061061, 908574.169289160054177 ], [ 7922187.454314080998302, 908562.756624172907323 ], [ 7922194.74387579318136, 908555.624458994017914 ], [ 7922228.878837341442704, 908477.524575313553214 ], [ 7922238.826709143817425, 908471.664288718719035 ], [ 7922254.190262618474662, 908438.616939876228571 ], [ 7922259.244264859706163, 908418.326968946726993 ], [ 7922251.286747037433088, 908397.082166815642267 ], [ 7922253.79157349281013, 908373.536021721083671 ], [ 7922270.537504395470023, 908340.706583581864834 ], [ 7922296.013669395819306, 908313.686489187646657 ], [ 7922312.351287875324488, 908303.915283837821335 ], [ 7922318.302994987927377, 908301.346840638201684 ], [ 7922328.524504529312253, 908303.272707958240062 ], [ 7922339.604524955153465, 908305.823111499426886 ], [ 7922353.936757080256939, 908300.611413914943114 ], [ 7922400.015217805281281, 908296.40759691176936 ], [ 7922423.961368980817497, 908280.747891010250896 ], [ 7922448.806910331360996, 908264.504327741218731 ], [ 7922486.54872103780508, 908235.771486313315108 ], [ 7922515.151131148450077, 908213.482554286951199 ], [ 7922683.669311822392046, 908048.421524571953341 ], [ 7922777.056261382065713, 908136.873601034516469 ], [ 7922876.117463046684861, 908048.975531919393688 ], [ 7922953.070847223512828, 908137.841054420219734 ], [ 7922925.377882186323404, 908161.786733998684213 ], [ 7922921.154091125354171, 908164.917925705667585 ], [ 7922681.69233918748796, 908372.733957052230835 ], [ 7922742.92937508970499, 908418.529207323212177 ], [ 7922850.021815869957209, 908479.604338349075988 ], [ 7922787.699997041374445, 908533.461506186518818 ], [ 7922719.648864602670074, 908575.405078446958214 ], [ 7922654.76550552342087, 908607.538262856658548 ], [ 7922579.228998560458422, 908628.079351432621479 ], [ 7922516.263598007149994, 908634.015658745076507 ], [ 7922447.670505442656577, 908651.376358027337119 ] ] ] } },
{ "type": "Feature", "properties": { "element": "way", "id": 857689301, "leisure": "golf_course", "name": "Rolling Greens Golf Course", "addr:city": null, "addr:housenumber": null, "addr:postcode": null, "addr:state": null, "addr:street": null, "description": null, "golf:course": "9", "golf:links": null, "golf:par": "35", "phone": "+1-401-294-9859", "website": "https://rollinggreensri.com/", "opening_hours": null, "access": null, "email": null, "fax": null, "source": null, "old_name": null, "owner": null, "ownership": null, "wikidata": null, "wheelchair": null, "natural": null, "type": null, "operator": null, "addr:country": null, "landuse": null, "wikipedia": null, "area_m2": 234092.4329501449, "lat": 41.580599496549404, "lon": -71.512835950654775, "province": "Rhode Island", "gcid": "RD00052" }, "geometry": { "type": "Polygon", "coordinates": [ [ [ 7927693.366097014397383, 869275.506073720753193 ], [ 7927687.369034110568464, 869291.35299204941839 ], [ 7927680.213765060529113, 869306.961496124975383 ], [ 7927677.978930745273829, 869318.784786188043654 ], [ 7927669.856491181999445, 869343.983293908182532 ], [ 7927663.919987250119448, 869357.039416569285095 ], [ 7927657.503747380338609, 869364.460347357206047 ], [ 7927654.829960882663727, 869370.140966893639416 ], [ 7927653.68863073643297, 869377.8680534302257 ], [ 7927652.586320295929909, 869385.971532450057566 ], [ 7927649.427069775760174, 869393.19956675125286 ], [ 7927647.787143027409911, 869398.423136393539608 ], [ 7927646.247504054568708, 869403.728398214560002 ], [ 7927637.300267492420971, 869419.336672288831323 ], [ 7927621.378777467645705, 869444.84633234096691 ], [ 7927608.976849567145109, 869459.624829936772585 ], [ 7927569.1771858362481, 869452.325105388648808 ], [ 7927558.862348785623908, 869463.688081802334636 ], [ 7927538.175796646624804, 869523.868038357701153 ], [ 7927530.060228509828448, 869560.275213184766471 ], [ 7927527.400346482172608, 869570.745941738132387 ], [ 7927514.059443928301334, 869588.908423576969653 ], [ 7927490.654287529177964, 869626.1615558876656 ], [ 7927463.917029497213662, 869666.635694716125727 ], [ 7927454.399442862719297, 869690.28103757975623 ], [ 7927447.893515016883612, 869713.155421074479818 ], [ 7927445.818724693730474, 869726.994111993350089 ], [ 7927444.508421055041254, 869735.258681556209922 ], [ 7927441.866101679392159, 869751.853308828081936 ], [ 7927440.983235100284219, 869757.400308540090919 ], [ 7927440.658821993507445, 869771.831069842912257 ], [ 7927438.917501660063863, 869804.401285457424819 ], [ 7927442.887868985533714, 869837.083106499630958 ], [ 7927446.513687709346414, 869850.545103013981134 ], [ 7927448.847573781386018, 869861.592125665862113 ], [ 7927449.193838011473417, 869872.18649955606088 ], [ 7927449.428783564828336, 869884.379534874111414 ], [ 7927449.417644541710615, 869895.970072457101196 ], [ 7927452.06360324844718, 869909.616227916441858 ], [ 7927457.495720855891705, 869917.873596834018826 ], [ 7927465.825413649901748, 869922.656961696222425 ], [ 7927473.631485033780336, 869921.197123328689486 ], [ 7927482.662436665967107, 869913.625196154695004 ], [ 7927496.189277652651072, 869903.108884956222028 ], [ 7927525.619227014482021, 869891.211114974226803 ], [ 7927546.318877516314387, 869878.758683831430972 ], [ 7927557.611151309683919, 869870.155191893223673 ], [ 7927569.161646416410804, 869855.749240735545754 ], [ 7927596.420411861501634, 869838.080074486322701 ], [ 7927629.279792700894177, 869824.290184166282415 ], [ 7927655.086941528134048, 869815.202397344168276 ], [ 7927666.237961967475712, 869812.076788913458586 ], [ 7927685.997666284441948, 869809.078107606619596 ], [ 7927710.007893593050539, 869809.365999850910157 ], [ 7927738.840354517102242, 869810.391909626312554 ], [ 7927761.903023488819599, 869807.034230624791235 ], [ 7927782.799743216484785, 869804.558047967031598 ], [ 7927799.988533060066402, 869798.393607079051435 ], [ 7927813.983559810556471, 869785.864120692946017 ], [ 7927840.703497597947717, 869740.950848327483982 ], [ 7927872.33549393992871, 869674.76694290805608 ], [ 7927895.198846095241606, 869618.325395201332867 ], [ 7927908.816740367561579, 869590.356610633898526 ], [ 7927931.710899951867759, 869556.302716487552971 ], [ 7927941.092690706253052, 869548.883554133120924 ], [ 7927950.751911358907819, 869546.693410324398428 ], [ 7927969.97580245975405, 869542.790684200823307 ], [ 7927975.579606167040765, 869536.203302621375769 ], [ 7927983.436492850072682, 869523.202259000390768 ], [ 7928001.46777365822345, 869489.329700256697834 ], [ 7928005.977847448550165, 869479.290273988619447 ], [ 7928008.197925543412566, 869472.756613595411181 ], [ 7928010.123265187256038, 869468.512075972743332 ], [ 7928012.011304744519293, 869463.831121694296598 ], [ 7928021.254149302840233, 869441.378650333266705 ], [ 7928024.838065291754901, 869427.518645416945219 ], [ 7928021.934694468975067, 869421.758496564812958 ], [ 7928013.692415561527014, 869409.818694286979735 ], [ 7927990.747721875086427, 869384.294831577688456 ], [ 7927924.891650011762977, 869316.659068661276251 ], [ 7927904.005253203213215, 869292.169291929341853 ], [ 7927888.622027122415602, 869274.022574339527637 ], [ 7927886.54736783914268, 869267.737553835380822 ], [ 7927886.305083566345274, 869259.382202053908259 ], [ 7927893.637904671952128, 869239.616225912701339 ], [ 7927896.068847207352519, 869234.339724760502577 ], [ 7927901.214875211939216, 869226.909827031660825 ], [ 7927918.004386342130601, 869208.86022962257266 ], [ 7927926.299729430116713, 869199.723730877973139 ], [ 7927892.584479165263474, 869167.796159328892827 ], [ 7927893.147707022726536, 869163.378810945898294 ], [ 7927901.55229220725596, 869155.998902104329318 ], [ 7927868.825118064880371, 869133.607025808654726 ], [ 7927853.050745917484164, 869154.331567299086601 ], [ 7927838.701838579028845, 869177.672956102993339 ], [ 7927825.945377511903644, 869202.111468135379255 ], [ 7927817.906748928129673, 869204.269651160575449 ], [ 7927802.777002315968275, 869196.941834616940469 ], [ 7927757.836397552862763, 869173.714065545238554 ], [ 7927722.817976322025061, 869155.931177320424467 ], [ 7927714.285709233023226, 869165.619367688894272 ], [ 7927703.863928037695587, 869187.269574988167733 ], [ 7927705.909760450944304, 869203.855286057107151 ], [ 7927707.969637949950993, 869210.789507533423603 ], [ 7927708.233248976990581, 869235.059614703990519 ], [ 7927703.527812180109322, 869250.110891623888165 ], [ 7927693.366097014397383, 869275.506073720753193 ] ] ] } },
{ "type": "Feature", "properties": { "element": "relation", "id": 16603382, "leisure": "golf_course", "name": "Glocester Country Club", "addr:city": "Chepachet", "addr:housenumber": "156", "addr:postcode": "02814", "addr:state": null, "addr:street": "Putnam Pike", "description": null, "golf:course": "9", "golf:links": null, "golf:par": "35", "phone": "+1 401 949 3330", "website": "https://glocestercc.com/", "opening_hours": null, "access": null, "email": null, "fax": null, "source": null, "old_name": null, "owner": null, "ownership": null, "wikidata": null, "wheelchair": null, "natural": null, "type": "multipolygon", "operator": null, "addr:country": null, "landuse": null, "wikipedia": null, "area_m2": 216776.40025825141, "lat": 41.885797088380826, "lon": -71.590763126333215, "province": "Rhode Island", "gcid": "RD00017" }, "geometry": { "type": "MultiPolygon", "coordinates": [ [ [ [ 7910287.161438304930925, 900825.397164427209646 ], [ 7910320.808462675660849, 900825.148123383987695 ], [ 7910357.912147276103497, 900822.775519760791212 ], [ 7910434.780691714957356, 900817.579275186639279 ], [ 7910471.077375310473144, 900808.701974361669272 ], [ 7910483.915223835967481, 900798.768406067509204 ], [ 7910529.506557156331837, 900751.220418407581747 ], [ 7910542.787008855491877, 900735.895186556968838 ], [ 7910569.591584699228406, 900734.235267203766853 ], [ 7910571.055784711614251, 900696.183799005579203 ], [ 7910570.498748189769685, 900677.258515485096723 ], [ 7910569.904221357777715, 900674.269204260781407 ], [ 7910569.005201952531934, 900669.547072226647288 ], [ 7910568.040593475103378, 900664.585649236105382 ], [ 7910566.135957919992507, 900657.681637697853148 ], [ 7910562.577651146799326, 900649.92952823266387 ], [ 7910551.735851020552218, 900629.423315233550966 ], [ 7910545.539235820062459, 900618.769097568932921 ], [ 7910540.794989858753979, 900611.653341299854219 ], [ 7910533.309450024738908, 900602.193955220747739 ], [ 7910521.369766961783171, 900589.366160315927118 ], [ 7910515.695638627745211, 900583.370296497829258 ], [ 7910511.46836503315717, 900578.903912362176925 ], [ 7910516.422529643401504, 900571.942174374591559 ], [ 7910524.301353337243199, 900560.855310834944248 ], [ 7910531.894133661873639, 900550.16977420123294 ], [ 7910548.388257768005133, 900526.969515788368881 ], [ 7910559.634964367374778, 900511.154128374997526 ], [ 7910560.462469883263111, 900509.988387833815068 ], [ 7910553.96373070217669, 900506.271584827452898 ], [ 7910545.369917016476393, 900502.770154602825642 ], [ 7910537.971006214618683, 900498.139618584886193 ], [ 7910534.54969925340265, 900495.063724040053785 ], [ 7910530.31805598270148, 900489.761598013807088 ], [ 7910530.08888360671699, 900487.690901505295187 ], [ 7910530.519570849835873, 900486.249093075748533 ], [ 7910533.803503430448472, 900483.608837759587914 ], [ 7910539.662293713539839, 900479.436430522240698 ], [ 7910544.55567957367748, 900475.259766961913556 ], [ 7910546.859677033498883, 900471.618973935488611 ], [ 7910545.526022030040622, 900466.789665374904871 ], [ 7910542.737863673828542, 900463.136806485708803 ], [ 7910539.446222539059818, 900460.708274040836841 ], [ 7910527.109774958342314, 900457.978804393671453 ], [ 7910520.368641929700971, 900457.241156219039112 ], [ 7910515.251033348962665, 900458.12756231194362 ], [ 7910514.659482475370169, 900458.222515408881009 ], [ 7910510.466622656211257, 900459.619682988617569 ], [ 7910504.754941026680171, 900465.509265196509659 ], [ 7910498.193129140883684, 900469.18367097619921 ], [ 7910474.203688524663448, 900476.356094163376838 ], [ 7910470.00692302454263, 900478.066362902522087 ], [ 7910468.185036052018404, 900479.206210724078119 ], [ 7910466.33906224463135, 900481.48677438031882 ], [ 7910462.262050807476044, 900485.763631181791425 ], [ 7910458.610752863809466, 900488.36730741430074 ], [ 7910453.866049363277853, 900490.259479408618063 ], [ 7910450.061000848188996, 900490.974553583189845 ], [ 7910447.057446454651654, 900491.615595026873052 ], [ 7910442.510181301273406, 900492.170356544200331 ], [ 7910436.837661879137158, 900491.91847082786262 ], [ 7910429.298461688682437, 900489.684229667298496 ], [ 7910418.984331183135509, 900485.071168516762555 ], [ 7910412.180305583402514, 900484.05896626971662 ], [ 7910404.844949407503009, 900485.313835128676146 ], [ 7910385.072687069885433, 900489.017672872636467 ], [ 7910379.295163283124566, 900492.0683439578861 ], [ 7910373.517273677513003, 900493.970240148715675 ], [ 7910372.535369890742004, 900493.851743596605957 ], [ 7910368.045745251700282, 900493.301106701605022 ], [ 7910363.801632760092616, 900490.062630131375045 ], [ 7910352.610456567257643, 900490.516630036290735 ], [ 7910337.636989373713732, 900492.684771147556603 ], [ 7910320.209181608632207, 900496.89648872287944 ], [ 7910303.106949352659285, 900500.067037101835012 ], [ 7910290.105298956856132, 900502.366073700599372 ], [ 7910285.628509683534503, 900501.420731159858406 ], [ 7910281.833656186237931, 900499.394598837941885 ], [ 7910270.27693045232445, 900492.71531164413318 ], [ 7910268.919190596789122, 900495.241655512247235 ], [ 7910243.952857788652182, 900541.847702505066991 ], [ 7910216.476188626140356, 900547.95477046770975 ], [ 7910211.477438320405781, 900547.030688716098666 ], [ 7910197.229772157967091, 900537.855467940680683 ], [ 7910190.683803629130125, 900533.132107532583177 ], [ 7910144.851194585673511, 900496.48640881665051 ], [ 7910136.002566273324192, 900481.983496705535799 ], [ 7910133.96217053104192, 900478.638131105341017 ], [ 7910127.960721208713949, 900479.958653430920094 ], [ 7910122.244853846728802, 900490.901051820721477 ], [ 7910117.146357388235629, 900498.274795345496386 ], [ 7910111.106085165403783, 900504.285872648004442 ], [ 7910102.01951861102134, 900507.04286904912442 ], [ 7910094.926907165907323, 900508.329815964214504 ], [ 7910081.909936834126711, 900509.608580126427114 ], [ 7910079.327431578189135, 900508.974086288828403 ], [ 7910062.716325268149376, 900504.907710789237171 ], [ 7910047.462828578427434, 900496.453004729934037 ], [ 7910044.478969222865999, 900498.321904378943145 ], [ 7909984.091946976259351, 900536.15499496133998 ], [ 7909980.624247808940709, 900554.742982761468738 ], [ 7909969.089371435344219, 900599.916746561881155 ], [ 7910005.613025551661849, 900632.570415370166302 ], [ 7910115.495398813858628, 900723.913903378881514 ], [ 7910110.157706679776311, 900739.103900943882763 ], [ 7910105.289247889071703, 900804.673945912625641 ], [ 7910128.278879908844829, 900807.943834215402603 ], [ 7910162.739408507011831, 900813.113004906103015 ], [ 7910207.890238639898598, 900820.274718925356865 ], [ 7910218.899368048645556, 900821.985366023611277 ], [ 7910227.979764350689948, 900822.805624256376177 ], [ 7910241.982410233467817, 900823.932394499424845 ], [ 7910287.161438304930925, 900825.397164427209646 ] ] ], [ [ [ 7910269.197522036731243, 900851.932865338865668 ], [ 7910267.618331342935562, 900857.457164112012833 ], [ 7910268.878063353709877, 900863.906274311244488 ], [ 7910271.84943166654557, 900870.315716362558305 ], [ 7910273.501359038054943, 900874.12543981615454 ], [ 7910276.200646115466952, 900879.223909927997738 ], [ 7910280.422211559489369, 900885.10286336671561 ], [ 7910283.897321544587612, 900889.985835143364966 ], [ 7910286.854849058203399, 900892.412808467634022 ], [ 7910291.052142848260701, 900895.490759696811438 ], [ 7910297.03052862919867, 900899.386254912707955 ], [ 7910304.327227775938809, 900903.366205335129052 ], [ 7910313.07551399897784, 900909.517972480040044 ], [ 7910321.105653106234968, 900916.750660112127662 ], [ 7910326.22578988596797, 900924.232054865453392 ], [ 7910359.616030254401267, 900977.401307312771678 ], [ 7910367.134719048626721, 900990.426156759262085 ], [ 7910376.195783448405564, 901006.825649383012205 ], [ 7910380.666443559341133, 901017.889343667309731 ], [ 7910387.108976819552481, 901037.596007379703224 ], [ 7910390.970880283974111, 901049.244709426537156 ], [ 7910393.8000384317711, 901055.728251605760306 ], [ 7910396.578256434760988, 901062.557712841778994 ], [ 7910401.67796435393393, 901073.357516903430223 ], [ 7910408.236832390539348, 901085.594131273217499 ], [ 7910431.994697897695005, 901129.974749708082527 ], [ 7910456.626378980465233, 901178.549384891986847 ], [ 7910469.248770679347217, 901173.756333834957331 ], [ 7910465.879012070596218, 901147.506838869769126 ], [ 7910466.34160786960274, 901139.727825983893126 ], [ 7910469.318975412286818, 901130.32440174324438 ], [ 7910473.144278603605926, 901122.047228686045855 ], [ 7910478.47125727403909, 901113.709533570799977 ], [ 7910524.856872549280524, 901064.164068420883268 ], [ 7910596.178540049120784, 901001.593494661152363 ], [ 7910709.014083857648075, 900917.577710326761007 ], [ 7910722.091276349499822, 900901.665881471708417 ], [ 7910720.652060573920608, 900884.238764306996018 ], [ 7910717.976248813793063, 900879.945703994948417 ], [ 7910712.933583064936101, 900876.116733680479228 ], [ 7910699.97169999871403, 900874.244102400261909 ], [ 7910675.252007428556681, 900877.909339956473559 ], [ 7910612.975023257546127, 900891.86043478641659 ], [ 7910480.305211184546351, 900909.867054886650294 ], [ 7910468.156776424497366, 900906.981768996454775 ], [ 7910456.437883594073355, 900902.521354553755373 ], [ 7910451.282810804434121, 900900.565962077118456 ], [ 7910427.625195778906345, 900888.259745735675097 ], [ 7910413.016279461793602, 900878.758810876868665 ], [ 7910396.443561959080398, 900863.628277523443103 ], [ 7910382.251564506441355, 900843.41940908273682 ], [ 7910276.190856611356139, 900847.058798458427191 ], [ 7910272.898064830340445, 900848.221021092496812 ], [ 7910269.197522036731243, 900851.932865338865668 ] ] ] ] } },
{ "type": "Feature", "properties": { "element": "relation", "id": 19205634, "leisure": "golf_course", "name": "Unknown Golf Course", "addr:city": null, "addr:housenumber": null, "addr:postcode": null, "addr:state": null, "addr:street": null, "description": null, "golf:course": "9_hole", "golf:links": null, "golf:par": null, "phone": null, "website": null, "opening_hours": null, "access": null, "email": null, "fax": null, "source": null, "old_name": null, "owner": null, "ownership": null, "wikidata": null, "wheelchair": null, "natural": null, "type": "multipolygon", "operator": null, "addr:country": null, "landuse": null, "wikipedia": null, "area_m2": 209373.6930626558, "lat": 41.416592643990676, "lon": -71.590036029781032, "province": "Rhode Island", "gcid": "RD00019" }, "geometry": { "type": "MultiPolygon", "coordinates": [ [ [ [ 7927158.238415499217808, 849503.600814149249345 ], [ 7927177.627441935241222, 849497.87822040496394 ], [ 7927170.045023544691503, 849485.436548186931759 ], [ 7927037.116131516173482, 849381.183102120645344 ], [ 7926928.713426990434527, 849291.935719070024788 ], [ 7926941.419056119397283, 849222.262184855062515 ], [ 7926959.657491106539965, 849208.522609079256654 ], [ 7926982.325831369496882, 849182.850876920856535 ], [ 7927092.943567528389394, 849264.454151879064739 ], [ 7927202.23153833206743, 849359.343037985265255 ], [ 7927270.051319600082934, 849382.633759967051446 ], [ 7927306.758766012266278, 849377.438933863304555 ], [ 7927394.731701811775565, 849402.509764863178134 ], [ 7927459.57231271546334, 849377.158222039230168 ], [ 7927504.704826148226857, 849417.655478668864816 ], [ 7927590.56932959984988, 849522.314957894384861 ], [ 7927701.085856899619102, 849563.427497672848403 ], [ 7927756.015071386471391, 849611.307476746849716 ], [ 7927707.821173074655235, 849648.308321284130216 ], [ 7927618.082534920424223, 849694.019648952875286 ], [ 7927585.506836473941803, 849757.873958752956241 ], [ 7927550.575228434987366, 849840.696142964065075 ], [ 7927493.00371902063489, 849973.584448466543108 ], [ 7927438.86777722183615, 850047.145061439368874 ], [ 7927392.389663493260741, 850070.809051886200905 ], [ 7927371.552252632565796, 850021.99151917733252 ], [ 7927352.15045702829957, 849895.405547901056707 ], [ 7927379.799167145974934, 849815.537354369647801 ], [ 7927354.794877991080284, 849812.896355853416026 ], [ 7927329.286618359386921, 849818.610358019825071 ], [ 7927303.014591646380723, 849839.078414235729724 ], [ 7927286.957969262264669, 849851.209087593946606 ], [ 7927279.087326827459037, 849883.956686948891729 ], [ 7927289.870898405089974, 849899.467369352933019 ], [ 7927293.086805772967637, 849957.946784194558859 ], [ 7927332.938259760849178, 849992.918620680924505 ], [ 7927367.868675157427788, 850083.927057457156479 ], [ 7927406.541322524659336, 850092.062223323620856 ], [ 7927443.890759483911097, 850063.797135941684246 ], [ 7927498.183602205477655, 850056.482940879184753 ], [ 7927578.324534546583891, 849964.209928502794355 ], [ 7927584.569003575481474, 849920.888768645469099 ], [ 7927655.481365151703358, 849747.069654447957873 ], [ 7927889.801833961158991, 849631.766297458205372 ], [ 7927888.090348633006215, 849620.837118244729936 ], [ 7927862.606437005102634, 849608.338474623858929 ], [ 7927807.104080644436181, 849615.373277765698731 ], [ 7927793.949674103409052, 849577.938234831206501 ], [ 7927758.132519129663706, 849535.930841912515461 ], [ 7927646.8482222892344, 849467.5083835166879 ], [ 7927550.087564826011658, 849395.082634607329965 ], [ 7927463.091653638519347, 849339.070423576515168 ], [ 7927354.5544617716223, 849332.012261482421309 ], [ 7927148.909849665127695, 849260.982898922637105 ], [ 7927058.824987700209022, 849204.674663712270558 ], [ 7927084.209487344138324, 849124.178098046220839 ], [ 7927098.85658598318696, 849043.313933732919395 ], [ 7927093.540940879844129, 848966.698902111500502 ], [ 7927020.209220813587308, 848964.939088241197169 ], [ 7927008.870824714191258, 848977.040439045056701 ], [ 7926939.132822565734386, 849148.357052861712873 ], [ 7926904.143435045145452, 849215.078306832816452 ], [ 7926844.467457830905914, 849298.768945700488985 ], [ 7926860.499973997473717, 849320.64019614784047 ], [ 7926883.347015739418566, 849319.645248343702406 ], [ 7926925.172217288054526, 849359.772348343394697 ], [ 7927023.563305460847914, 849435.389203846920282 ], [ 7927129.81359981559217, 849493.129531562328339 ], [ 7927158.238415499217808, 849503.600814149249345 ] ] ], [ [ [ 7927304.73258903529495, 849689.099789953790605 ], [ 7927324.648156399838626, 849662.872788237873465 ], [ 7927346.213238036260009, 849645.553888279478997 ], [ 7927414.46136100590229, 849645.643351040314883 ], [ 7927474.586698535829782, 849599.354706577956676 ], [ 7927487.837144544348121, 849586.661393598653376 ], [ 7927489.577302638441324, 849563.586837066803128 ], [ 7927463.562247875146568, 849544.51490439940244 ], [ 7927394.304059678688645, 849531.170606105122715 ], [ 7927277.864670312963426, 849550.28018574975431 ], [ 7927170.256393204443157, 849559.142516177613288 ], [ 7927153.227504845708609, 849576.43174195708707 ], [ 7927132.778917695395648, 849631.731548662297428 ], [ 7927085.321134714409709, 849632.045694530475885 ], [ 7927014.400405963882804, 849617.417737327050418 ], [ 7927002.400012483820319, 849631.16654762905091 ], [ 7926998.454028301872313, 849644.700529766269028 ], [ 7926999.499822753481567, 849654.803034478798509 ], [ 7927013.49613134842366, 849682.451591715682298 ], [ 7926977.583161812275648, 849693.76386532606557 ], [ 7926981.472568038851023, 849718.695326911751181 ], [ 7927002.620244421064854, 849735.067641999106854 ], [ 7927071.868464208208025, 849702.090182587038726 ], [ 7927113.790453905239701, 849712.991561945527792 ], [ 7927203.073572631925344, 849710.517881246749312 ], [ 7927273.559881374239922, 849718.665940110571682 ], [ 7927289.607353639788926, 849708.968397036194801 ], [ 7927304.73258903529495, 849689.099789953790605 ] ] ] ] } },
{ "type": "Feature", "properties": { "element": "way", "id": 859118329, "leisure": "golf_course", "name": "Harbor Lights Golf Course", "addr:city": null, "addr:housenumber": null, "addr:postcode": null, "addr:state": null, "addr:street": null, "description": null, "golf:course": "9_hole", "golf:links": null, "golf:par": "36", "phone": "+1-401-737-6353", "website": "https://harborlightsri.com/golf/", "opening_hours": null, "access": null, "email": null, "fax": null, "source": null, "old_name": null, "owner": null, "ownership": null, "wikidata": null, "wheelchair": null, "natural": null, "type": null, "operator": null, "addr:country": null, "landuse": null, "wikipedia": null, "area_m2": 204469.18614218998, "lat": 41.686460820416784, "lon": -71.385019645146699, "province": "Rhode Island", "gcid": "RD00053" }, "geometry": { "type": "Polygon", "coordinates": [ [ [ 7934277.948962491005659, 884266.915865394752473 ], [ 7934268.21501350402832, 884271.290244018193334 ], [ 7934259.491583225317299, 884279.224793011322618 ], [ 7934245.687643333338201, 884295.800199137534946 ], [ 7934234.753448203206062, 884320.95433511165902 ], [ 7934222.26269583683461, 884350.44801534479484 ], [ 7934215.309271962381899, 884364.158941952977329 ], [ 7934205.721003506332636, 884377.790632712654769 ], [ 7934196.492270168848336, 884391.869399744551629 ], [ 7934188.242359810508788, 884399.501433758065104 ], [ 7934178.787916405126452, 884405.217078883666545 ], [ 7934173.486528103239834, 884409.700879554264247 ], [ 7934165.608921849168837, 884417.687326582148671 ], [ 7934160.496607427485287, 884424.245566153433174 ], [ 7934156.790037500672042, 884433.914155714679509 ], [ 7934154.453557214699686, 884442.416132767219096 ], [ 7934153.810989352874458, 884450.87731759250164 ], [ 7934154.304011694155633, 884461.025902430526912 ], [ 7934149.000874888151884, 884467.883969443850219 ], [ 7934141.388716738671064, 884470.554914696142077 ], [ 7934131.95075476448983, 884476.276054079644382 ], [ 7934121.43781440705061, 884478.548881341237575 ], [ 7934117.574872020632029, 884481.416324075311422 ], [ 7934109.834403418935835, 884494.682877014391124 ], [ 7934101.185345223173499, 884508.930704109370708 ], [ 7934098.541524553671479, 884530.743184639140964 ], [ 7934097.177090523764491, 884546.051727002020925 ], [ 7934093.247508186846972, 884559.656445893924683 ], [ 7934086.418399650603533, 884579.285219718236476 ], [ 7934084.305697357282043, 884586.9530298281461 ], [ 7934081.683811662718654, 884596.147306322585791 ], [ 7934076.724394069984555, 884604.670899135991931 ], [ 7934072.803983844816685, 884610.814846953842789 ], [ 7934070.33801088295877, 884616.0020792032592 ], [ 7934069.422383500263095, 884618.774254880379885 ], [ 7934066.473179902881384, 884626.5265137180686 ], [ 7934064.984900551848114, 884635.371913480106741 ], [ 7934064.788737785071135, 884640.153089587111026 ], [ 7934065.721747962757945, 884646.667972797062248 ], [ 7934066.418924029916525, 884652.365081016905606 ], [ 7934072.097700099460781, 884655.652753314003348 ], [ 7934093.093592181801796, 884666.170221008826047 ], [ 7934102.315007181838155, 884672.614671658724546 ], [ 7934136.3547741798684, 884696.740580638404936 ], [ 7934149.781011554412544, 884687.503435470629483 ], [ 7934155.363509611226618, 884686.069981626234949 ], [ 7934167.193063948303461, 884695.286927142180502 ], [ 7934177.297162083908916, 884708.532615988980979 ], [ 7934184.633713930845261, 884722.151567898225039 ], [ 7934203.126706307753921, 884751.415081152226776 ], [ 7934210.549102239310741, 884759.113478691317141 ], [ 7934222.761041355319321, 884769.851594934705645 ], [ 7934256.296341620385647, 884792.574389981571585 ], [ 7934273.145740376785398, 884802.642452260944992 ], [ 7934280.79627999663353, 884807.42429188080132 ], [ 7934287.803185424767435, 884809.398448010906577 ], [ 7934292.944343697279692, 884809.914106253068894 ], [ 7934298.734498513862491, 884809.192289130762219 ], [ 7934304.068781869485974, 884810.463039568625391 ], [ 7934313.615840092301369, 884814.787162109278142 ], [ 7934320.544876527972519, 884820.370394098572433 ], [ 7934333.7412697263062, 884836.732304517645389 ], [ 7934354.244608745910227, 884858.088766196742654 ], [ 7934378.066171667538583, 884889.942918793298304 ], [ 7934403.755065918900073, 884905.093352741096169 ], [ 7934429.09970333520323, 884898.464312289841473 ], [ 7934449.894938889890909, 884853.070383628830314 ], [ 7934465.580337127670646, 884820.269259345717728 ], [ 7934479.361954443156719, 884787.947613186202943 ], [ 7934492.980960588902235, 884765.749817486852407 ], [ 7934508.653496439568698, 884745.618503549601883 ], [ 7934509.431322131305933, 884734.875903037842363 ], [ 7934511.230696272104979, 884722.59603032656014 ], [ 7934515.608056671917439, 884709.395137424115092 ], [ 7934523.089022882282734, 884691.874110900331289 ], [ 7934532.33087604958564, 884676.806612243875861 ], [ 7934538.154977545142174, 884667.844655371271074 ], [ 7934549.956647062674165, 884644.070982886943966 ], [ 7934559.445621635764837, 884634.986861854791641 ], [ 7934567.260200772434473, 884627.028313586022705 ], [ 7934571.968047976493835, 884614.252660226076841 ], [ 7934584.073487494140863, 884585.866766168735921 ], [ 7934598.360286470502615, 884540.190665382426232 ], [ 7934630.332648137584329, 884459.096335379872471 ], [ 7934577.982448073104024, 884427.827848525717854 ], [ 7934531.327343706972897, 884399.308351072948426 ], [ 7934522.609084036201239, 884394.266980997286737 ], [ 7934471.323935840278864, 884368.080829790793359 ], [ 7934462.874150737188756, 884363.759237613994628 ], [ 7934326.748547306284308, 884293.203492969740182 ], [ 7934277.948962491005659, 884266.915865394752473 ] ] ] } },
{ "type": "Feature", "properties": { "element": "relation", "id": 10547414, "leisure": "golf_course", "name": "Louisquisset Golf Club", "addr:city": "North Providence", "addr:housenumber": "1", "addr:postcode": "02904", "addr:state": "RI", "addr:street": "Overlook Circle", "description": null, "golf:course": null, "golf:links": null, "golf:par": null, "phone": "+1 401 353 8610", "website": null, "opening_hours": null, "access": null, "email": null, "fax": null, "source": null, "old_name": null, "owner": null, "ownership": null, "wikidata": null, "wheelchair": null, "natural": null, "type": "multipolygon", "operator": null, "addr:country": null, "landuse": null, "wikipedia": null, "area_m2": 173447.386323735, "lat": 41.873044659736827, "lon": -71.442270492109429, "province": "Rhode Island", "gcid": "RD00006" }, "geometry": { "type": "Polygon", "coordinates": [ [ [ 7922564.568024201318622, 903154.12032555276528 ], [ 7922542.294752852991223, 903174.400563181377947 ], [ 7922515.334507655352354, 903155.331072093220428 ], [ 7922469.458458030596375, 903218.550234072143212 ], [ 7922489.251671793870628, 903230.178111786721274 ], [ 7922506.782682105898857, 903223.967365599703044 ], [ 7922531.887408398091793, 903192.152664565248415 ], [ 7922559.363447423093021, 903182.581478105392307 ], [ 7922595.277727128006518, 903189.03076561470516 ], [ 7922618.233949420042336, 903211.13768248166889 ], [ 7922651.929061830043793, 903236.307852453086525 ], [ 7922712.507519513368607, 903256.708520305110142 ], [ 7922753.340537963435054, 903281.518594711087644 ], [ 7922751.59196257032454, 903309.374596514506266 ], [ 7922738.274420284666121, 903339.627031645039096 ], [ 7922729.884852666407824, 903351.309643082553521 ], [ 7922723.373022314161062, 903365.613427425734699 ], [ 7922721.597393003292382, 903380.742126901866868 ], [ 7922730.543351902626455, 903386.585380215663463 ], [ 7922745.732349006459117, 903392.883488481165841 ], [ 7922759.423280538991094, 903402.543639238690957 ], [ 7922793.844247443601489, 903455.656012003775686 ], [ 7922795.82592305354774, 903470.037745899520814 ], [ 7922789.466436864808202, 903487.635183991398662 ], [ 7922792.205870104953647, 903508.004843091825023 ], [ 7922822.819288287311792, 903531.909821566194296 ], [ 7922852.055676465854049, 903541.138227762188762 ], [ 7922890.896918617188931, 903585.496537531726062 ], [ 7922912.497391833923757, 903611.644066798500717 ], [ 7922883.326636280864477, 903639.115470288787037 ], [ 7922876.539458829909563, 903646.332988616311923 ], [ 7922882.42814764380455, 903686.216581541346386 ], [ 7922889.452663316391408, 903686.931649995502084 ], [ 7922899.30883636046201, 903695.691993257263675 ], [ 7922910.172110106796026, 903700.30995958391577 ], [ 7922919.799706616438925, 903706.005347706610337 ], [ 7922926.586217898875475, 903721.356257716193795 ], [ 7922931.9606560356915, 903745.845743065234274 ], [ 7922943.855832051485777, 903759.786108748521656 ], [ 7922960.005283581092954, 903764.662153074983507 ], [ 7923012.640899523161352, 903768.497698106803 ], [ 7923030.602505562826991, 903760.205658191815019 ], [ 7923052.764531994238496, 903758.345121492398903 ], [ 7923069.692856875248253, 903769.688542247982696 ], [ 7923094.413578867912292, 903778.432998683070764 ], [ 7923111.231902737170458, 903779.042484994977713 ], [ 7923112.689235799014568, 903706.181521716527641 ], [ 7923105.867277030833066, 903670.222017825581133 ], [ 7923089.313208969309926, 903610.827862265054137 ], [ 7923087.385357677005231, 903581.252333903685212 ], [ 7923106.367405411787331, 903524.192503766389564 ], [ 7923125.207964521832764, 903472.07119069667533 ], [ 7923177.435106123797596, 903354.962764759780839 ], [ 7923199.359104054048657, 903301.13180708931759 ], [ 7923207.640263304114342, 903268.707706177374348 ], [ 7923207.206088609062135, 903236.869446968194097 ], [ 7923195.054630268365145, 903203.384092848515138 ], [ 7923155.254817573353648, 903125.02616671146825 ], [ 7923132.361985259689391, 903135.684071693336591 ], [ 7923116.853599477559328, 903105.136385662714019 ], [ 7923092.785016216337681, 903098.255604756297544 ], [ 7923069.345781364478171, 903094.948483103653416 ], [ 7923069.692441469989717, 903081.098749288590625 ], [ 7923062.984823670238256, 903071.134765107417479 ], [ 7923034.200009778141975, 903059.80540830665268 ], [ 7923008.800467590801418, 903056.354814434656873 ], [ 7922989.298823522403836, 903072.074213426094502 ], [ 7922946.111204575747252, 903079.165098755853251 ], [ 7922834.821176984347403, 903098.28786982386373 ], [ 7922798.293995726853609, 903087.640006131492555 ], [ 7922755.276158859953284, 903061.098990624770522 ], [ 7922722.217480730265379, 903058.841744520468637 ], [ 7922668.796954792924225, 903093.715946364449337 ], [ 7922640.139418844133615, 903116.628672152990475 ], [ 7922608.991245650686324, 903123.913636152865365 ], [ 7922564.568024201318622, 903154.12032555276528 ] ], [ [ 7923100.917533319443464, 903111.440659430809319 ], [ 7923109.97504002135247, 903177.586803322192281 ], [ 7923125.9929977087304, 903228.815928374649957 ], [ 7923126.66565602645278, 903273.451928750379011 ], [ 7923115.446349532343447, 903321.126527062151581 ], [ 7923099.377605952322483, 903370.16474525234662 ], [ 7923092.672380939126015, 903379.418395602842793 ], [ 7923090.621112757362425, 903389.336815145798028 ], [ 7923094.890941742807627, 903403.608848210889846 ], [ 7923089.352097975090146, 903457.154146534390748 ], [ 7923065.352972089312971, 903525.517747485078871 ], [ 7923050.787397098727524, 903572.320602918276563 ], [ 7923040.304083075374365, 903588.037911226972938 ], [ 7922998.9574443558231, 903615.948179635452107 ], [ 7922976.620049776509404, 903639.460334487026557 ], [ 7922952.508816035464406, 903682.579239749116823 ], [ 7922938.617193157784641, 903687.445507048862055 ], [ 7922933.688066821545362, 903702.26338305673562 ], [ 7922928.883025840856135, 903704.283236898481846 ], [ 7922910.130290310829878, 903694.427011983701959 ], [ 7922896.820837785489857, 903688.136175909545273 ], [ 7922892.492560805752873, 903681.952793913893402 ], [ 7922885.839796993881464, 903681.615505322581157 ], [ 7922882.753877486102283, 903656.253722453955561 ], [ 7922900.957396856509149, 903647.097780298441648 ], [ 7922931.713395895436406, 903622.392480910057202 ], [ 7922929.315919833257794, 903610.37721749721095 ], [ 7922930.98306724242866, 903592.586431127972901 ], [ 7922934.112230394035578, 903558.328223582822829 ], [ 7922952.378177024424076, 903524.107252445304766 ], [ 7922960.079640267416835, 903503.592073953244835 ], [ 7922962.18500554189086, 903461.127368181943893 ], [ 7922969.684049901552498, 903433.308250672183931 ], [ 7922990.194396103732288, 903390.491428954526782 ], [ 7922991.490606740117073, 903380.939051165711135 ], [ 7922978.347574200481176, 903361.71895074355416 ], [ 7922957.289275402203202, 903323.033210402820259 ], [ 7922914.542786281555891, 903259.163394113304093 ], [ 7922874.166438573971391, 903194.581946784863248 ], [ 7922869.142008110880852, 903179.938298989553005 ], [ 7922864.147842206992209, 903159.193608880741522 ], [ 7922866.701115178875625, 903138.708357588620856 ], [ 7922868.985602412372828, 903132.981912140036002 ], [ 7922969.255670510232449, 903122.162816982483491 ], [ 7923028.236242042854428, 903110.474860452115536 ], [ 7923062.797056723386049, 903111.236915799789131 ], [ 7923100.917533319443464, 903111.440659430809319 ] ] ] } },
{ "type": "Feature", "properties": { "element": "relation", "id": 4122943, "leisure": "golf_course", "name": "Kings Crossing Golf Club", "addr:city": "North Kingstown", "addr:housenumber": "655", "addr:postcode": "02852", "addr:state": null, "addr:street": "Old Baptist Road", "description": null, "golf:course": "9", "golf:links": null, "golf:par": "36", "phone": "+1 401-294-2872", "website": "https://kingscrossinggolfclub.com/", "opening_hours": null, "access": null, "email": null, "fax": null, "source": null, "old_name": null, "owner": null, "ownership": null, "wikidata": null, "wheelchair": null, "natural": null, "type": "multipolygon", "operator": null, "addr:country": null, "landuse": null, "wikipedia": null, "area_m2": 170642.50551679594, "lat": 41.600915236925552, "lon": -71.488171861634669, "province": "Rhode Island", "gcid": "RD00002" }, "geometry": { "type": "Polygon", "coordinates": [ [ [ 7929216.039906047284603, 872206.666471307631582 ], [ 7929210.139280039817095, 872209.154974278993905 ], [ 7929170.033067865297198, 872203.176413497887552 ], [ 7929154.840186856687069, 872197.407976353541017 ], [ 7929150.37905297242105, 872193.201548327691853 ], [ 7929142.672786767594516, 872181.727045997511595 ], [ 7929138.416971485130489, 872172.26985757984221 ], [ 7929129.142848532646894, 872168.562448933720589 ], [ 7929117.030563727021217, 872164.555442944634706 ], [ 7929104.847628017887473, 872160.185778753366321 ], [ 7929089.622673547826707, 872164.463149008806795 ], [ 7929081.960521811619401, 872166.258232690393925 ], [ 7929070.583734190091491, 872168.09293220937252 ], [ 7929056.090139829553664, 872170.577572789974511 ], [ 7929040.8553980384022, 872168.224408490117639 ], [ 7929022.769631030037999, 872164.925309787504375 ], [ 7929003.982503293082118, 872161.684344013221562 ], [ 7928979.357625203207135, 872160.359346314333379 ], [ 7928964.036089446395636, 872164.435332563705742 ], [ 7928946.432004692964256, 872168.565783907193691 ], [ 7928916.481821932829916, 872167.558085681404918 ], [ 7928906.534081550315022, 872166.402101092971861 ], [ 7928891.075833603739738, 872164.750602879095823 ], [ 7928886.957541488111019, 872162.196905831806362 ], [ 7928882.393873519264162, 872156.59978588623926 ], [ 7928878.293639753013849, 872152.319538807496428 ], [ 7928869.60406949184835, 872150.030243741348386 ], [ 7928865.062452207319438, 872151.164692373946309 ], [ 7928860.46973485685885, 872152.754703458864242 ], [ 7928841.843023095279932, 872156.788486157543957 ], [ 7928829.815010263584554, 872158.613534121308476 ], [ 7928817.220365180633962, 872160.529276334214956 ], [ 7928805.163707756437361, 872165.894756443798542 ], [ 7928800.841986335813999, 872169.573792290408164 ], [ 7928798.171579737216234, 872178.198654418345541 ], [ 7928802.396314264275134, 872186.215408677700907 ], [ 7928815.787471613846719, 872215.834463366307318 ], [ 7928827.792427718639374, 872240.256456231232733 ], [ 7928838.262444083578885, 872269.633415491785854 ], [ 7928846.675643142312765, 872290.380130813457072 ], [ 7928848.758766960352659, 872308.469365363940597 ], [ 7928851.950001906603575, 872326.041803495492786 ], [ 7928858.066668479703367, 872360.068665734957904 ], [ 7928859.610196372494102, 872383.758035603910685 ], [ 7928857.843897523358464, 872419.094897815957665 ], [ 7928856.119799038395286, 872426.264757888857275 ], [ 7928846.882047668099403, 872435.085230970289558 ], [ 7928846.87557821162045, 872436.694462891668081 ], [ 7928851.557484292425215, 872464.793194205500185 ], [ 7928850.624596999026835, 872480.185515297576785 ], [ 7928846.583224607631564, 872491.735642574727535 ], [ 7928842.610071622766554, 872501.600096980575472 ], [ 7928835.212039800360799, 872512.194010475184768 ], [ 7928822.396297716535628, 872520.396727722603828 ], [ 7928810.009373097680509, 872525.991497152019292 ], [ 7928802.672624826431274, 872531.165853864978999 ], [ 7928799.440272184088826, 872534.467129036784172 ], [ 7928798.163203002884984, 872537.93251195224002 ], [ 7928795.916861092671752, 872543.93557575950399 ], [ 7928798.730745368637145, 872549.570010036695749 ], [ 7928808.842304725199938, 872570.758973518386483 ], [ 7928816.040038836188614, 872577.460235007572919 ], [ 7928820.446267442777753, 872588.929627977311611 ], [ 7928817.374926473945379, 872607.368163509294391 ], [ 7928809.536242133006454, 872619.948135372716933 ], [ 7928804.064923852682114, 872626.516755373682827 ], [ 7928802.115315907634795, 872631.515732153784484 ], [ 7928802.154162491671741, 872634.715005017351359 ], [ 7928806.743221379816532, 872640.041888562962413 ], [ 7928811.751600774936378, 872645.338288460858166 ], [ 7928820.008415004238486, 872653.917535861488432 ], [ 7928827.710351854562759, 872655.782418925780803 ], [ 7928853.400903834961355, 872657.012952320277691 ], [ 7928862.827830456197262, 872661.243346594274044 ], [ 7928870.451815572567284, 872663.288394601549953 ], [ 7928875.338636819273233, 872665.442954963538796 ], [ 7928878.040869334712625, 872668.508262725546956 ], [ 7928884.93306733481586, 872679.966646449174732 ], [ 7928889.095590614713728, 872696.225751938298345 ], [ 7928900.628519330173731, 872707.346102976705879 ], [ 7928910.171088632196188, 872713.420211519580334 ], [ 7928912.941176422871649, 872713.4307015016675 ], [ 7928931.043467659503222, 872713.96111612347886 ], [ 7928939.274792312644422, 872709.544223103206605 ], [ 7928959.468291976489127, 872704.759270125534385 ], [ 7928972.84974804893136, 872711.925610557198524 ], [ 7928988.439856132492423, 872727.070059780031443 ], [ 7928994.755411174148321, 872728.426710330881178 ], [ 7929003.717153017409146, 872723.343597202096134 ], [ 7929018.597654480487108, 872719.497609534300864 ], [ 7929027.356420921161771, 872722.973539215512574 ], [ 7929033.093199676834047, 872727.663841054774821 ], [ 7929040.70195334404707, 872738.003369397949427 ], [ 7929044.476663490757346, 872742.248559922445565 ], [ 7929067.403337170369923, 872753.891220084391534 ], [ 7929074.56669313646853, 872747.678323148284107 ], [ 7929077.21761773340404, 872741.882262694649398 ], [ 7929077.940213863737881, 872735.676484131254256 ], [ 7929079.744876116514206, 872730.895972229540348 ], [ 7929090.120058499276638, 872716.8680698890239 ], [ 7929101.307190209627151, 872704.284836135804653 ], [ 7929109.994951397180557, 872688.545945667196065 ], [ 7929115.674011410214007, 872678.448047816753387 ], [ 7929124.195271823555231, 872658.607204343192279 ], [ 7929129.724572531878948, 872648.714023717679083 ], [ 7929138.529205447994173, 872623.333327662199736 ], [ 7929144.720630761235952, 872604.621444025542587 ], [ 7929145.408975357189775, 872600.354898490477353 ], [ 7929143.671970889903605, 872597.25837316410616 ], [ 7929137.661814491264522, 872590.62352255359292 ], [ 7929133.660827807150781, 872584.291951442603022 ], [ 7929134.415389190427959, 872579.332544702105224 ], [ 7929148.049542908556759, 872565.925609560217708 ], [ 7929157.65242878627032, 872550.635670642834157 ], [ 7929173.577176419086754, 872527.229969908948988 ], [ 7929187.129380943253636, 872506.15068902913481 ], [ 7929202.903096077032387, 872484.378932570107281 ], [ 7929209.990380339324474, 872469.489936740137637 ], [ 7929225.808856336399913, 872440.814787548035383 ], [ 7929239.255000689998269, 872415.205192765221 ], [ 7929255.313872772268951, 872386.573390435427427 ], [ 7929266.124218388460577, 872369.45467821508646 ], [ 7929271.339938492514193, 872361.904712176881731 ], [ 7929266.494172841310501, 872357.679525632876903 ], [ 7929260.785548101179302, 872350.902302322909236 ], [ 7929249.089369787834585, 872337.037232763599604 ], [ 7929252.823724387213588, 872327.044962541665882 ], [ 7929231.885971788316965, 872323.598191325552762 ], [ 7929228.941036894917488, 872323.044967081397772 ], [ 7929229.485142790712416, 872308.141113548073918 ], [ 7929230.510610494762659, 872296.171558521222323 ], [ 7929218.497991871088743, 872296.304614534135908 ], [ 7929209.917384192347527, 872296.619432820938528 ], [ 7929204.598813649266958, 872297.217101072892547 ], [ 7929198.57466946169734, 872298.077387625351548 ], [ 7929193.695739531889558, 872299.378291650675237 ], [ 7929182.984149953350425, 872304.086813184432685 ], [ 7929174.2147610289976, 872308.094976760447025 ], [ 7929167.919387638568878, 872312.294095041695982 ], [ 7929170.670195167884231, 872318.913533751387149 ], [ 7929171.695855130441487, 872324.839340186677873 ], [ 7929171.386598038487136, 872331.170281458646059 ], [ 7929166.820531154982746, 872346.108512938022614 ], [ 7929163.163666001521051, 872354.963350610807538 ], [ 7929151.863696252927184, 872374.052063808310777 ], [ 7929143.291571948677301, 872380.754824109841138 ], [ 7929134.693393708206713, 872384.795561088249087 ], [ 7929128.260614877566695, 872386.065489090513438 ], [ 7929107.477593896910548, 872388.183168785646558 ], [ 7929086.878265069797635, 872389.089704752899706 ], [ 7929067.500933742150664, 872383.847132844850421 ], [ 7929057.796955433674157, 872383.026052940636873 ], [ 7929034.410931075923145, 872392.906699573621154 ], [ 7929028.363797091878951, 872398.605794796254486 ], [ 7929025.668211793527007, 872404.290226240642369 ], [ 7929020.818601548671722, 872409.587037872523069 ], [ 7929015.238208689726889, 872413.029964063782245 ], [ 7929008.374707946553826, 872414.556896540336311 ], [ 7929003.578500802628696, 872414.019514064770192 ], [ 7928997.36254496499896, 872410.333459604997188 ], [ 7928990.902320634573698, 872402.422772760502994 ], [ 7928987.836910782381892, 872399.903280897531658 ], [ 7928985.020006066188216, 872396.908923164475709 ], [ 7928979.074352793395519, 872390.48961678147316 ], [ 7928964.954969539307058, 872374.827839027624577 ], [ 7928964.188150337897241, 872365.353319548070431 ], [ 7928965.546570909209549, 872356.462803609203547 ], [ 7928968.952134739607573, 872334.22148146899417 ], [ 7928981.626239999197423, 872318.581162511836737 ], [ 7928985.347086129710078, 872316.823158917482942 ], [ 7928997.02721182256937, 872309.249272671062499 ], [ 7929023.099723922088742, 872294.177607441786677 ], [ 7929029.487683980725706, 872290.493724198546261 ], [ 7929056.114233936183155, 872292.774129428435117 ], [ 7929115.015948122367263, 872285.821618669200689 ], [ 7929126.259725295007229, 872277.727497429586947 ], [ 7929122.492500649765134, 872272.74571997532621 ], [ 7929112.186223737895489, 872265.242752424906939 ], [ 7929111.589745340868831, 872259.229188325349241 ], [ 7929125.117829117923975, 872237.426614051219076 ], [ 7929132.105461746454239, 872231.470118844415992 ], [ 7929156.775048828683794, 872228.412629424128681 ], [ 7929166.512861884199083, 872229.160187500994653 ], [ 7929194.698940608650446, 872234.115274289157242 ], [ 7929183.86085381731391, 872272.47640342451632 ], [ 7929186.080304867587984, 872279.052805474959314 ], [ 7929191.485283243469894, 872292.720056299120188 ], [ 7929198.192488074302673, 872290.596165155060589 ], [ 7929204.158424492925406, 872289.171339628752321 ], [ 7929211.283636943437159, 872288.446236216463149 ], [ 7929215.951312413439155, 872288.165675949305296 ], [ 7929221.40054380055517, 872287.914273320231587 ], [ 7929235.78699753433466, 872289.041500049643219 ], [ 7929249.40725271217525, 872290.641459030099213 ], [ 7929259.962430546060205, 872292.242033068090677 ], [ 7929265.175473337061703, 872274.368267620913684 ], [ 7929270.686455333605409, 872252.17099944781512 ], [ 7929216.039906047284603, 872206.666471307631582 ] ], [ [ 7928876.770944394171238, 872635.144609791692346 ], [ 7928873.245037755928934, 872629.600971113424748 ], [ 7928894.57127036806196, 872612.385336774867028 ], [ 7928912.840340057387948, 872602.163758998271078 ], [ 7928936.163775680586696, 872595.812244669534266 ], [ 7928950.587409629486501, 872595.72772331815213 ], [ 7928959.156433935277164, 872599.310128200799227 ], [ 7928976.496025927364826, 872627.901816735509783 ], [ 7928937.742866719141603, 872655.375764992553741 ], [ 7928912.673890913836658, 872652.65492318244651 ], [ 7928876.770944394171238, 872635.144609791692346 ] ] ] } },
{ "type": "Feature", "properties": { "element": "way", "id": 1449453291, "leisure": "golf_course", "name": "Pinecrest Golf Club", "addr:city": null, "addr:housenumber": null, "addr:postcode": null, "addr:state": null, "addr:street": null, "description": null, "golf:course": "9_hole", "golf:links": null, "golf:par": null, "phone": null, "website": "https://www.pinecrestri.com/", "opening_hours": null, "access": null, "email": null, "fax": null, "source": null, "old_name": null, "owner": null, "ownership": null, "wikidata": null, "wheelchair": null, "natural": null, "type": null, "operator": null, "addr:country": null, "landuse": null, "wikipedia": null, "area_m2": 153610.88273055779, "lat": 41.467302817635513, "lon": -71.655445171054737, "province": "Rhode Island", "gcid": "RD00061" }, "geometry": { "type": "Polygon", "coordinates": [ [ [ 7919845.83108352124691, 853312.677886907942593 ], [ 7919865.321195023134351, 853286.465102727524936 ], [ 7919892.216035515069962, 853238.484143942128867 ], [ 7919907.260718386620283, 853200.549002215266228 ], [ 7919927.842438440769911, 853170.491572777740657 ], [ 7919945.915951839648187, 853121.656573901418597 ], [ 7919960.510591031983495, 853090.853603362571448 ], [ 7919978.993138512596488, 853056.568411007523537 ], [ 7919991.637509578838944, 853040.036158046685159 ], [ 7920012.224317900836468, 852996.582162733189762 ], [ 7920067.573768394067883, 852991.780498501844704 ], [ 7920096.197822115384042, 853049.650218176655471 ], [ 7920133.99054238665849, 853091.165467251092196 ], [ 7920095.874915729276836, 853129.399251360446215 ], [ 7920070.253341095522046, 853184.280032821465284 ], [ 7920082.08157105743885, 853207.770509870257229 ], [ 7920104.819026936776936, 853233.746661714743823 ], [ 7920110.407951944507658, 853279.170732032973319 ], [ 7920168.302270394749939, 853306.740771473385394 ], [ 7920209.979190707206726, 853275.881652883719653 ], [ 7920263.109498231671751, 853209.843228898942471 ], [ 7920299.819714228622615, 853171.039046967402101 ], [ 7920310.087235303595662, 853153.592173331882805 ], [ 7920328.788498190231621, 853094.133387364912778 ], [ 7920343.878257863223553, 853038.949980243109167 ], [ 7920360.135601970367134, 853030.414654018823057 ], [ 7920408.121848593465984, 853071.772290290798992 ], [ 7920422.736729968339205, 853102.746558737941086 ], [ 7920369.413478944450617, 853181.635137315839529 ], [ 7920304.859987249597907, 853281.287728558760136 ], [ 7920256.763758503831923, 853405.953648592811078 ], [ 7920241.203238849528134, 853519.406810460146517 ], [ 7920237.032517644576728, 853595.21279382891953 ], [ 7920220.317002655006945, 853626.7223369339481 ], [ 7920203.14608336891979, 853627.651952759828418 ], [ 7920079.97044562920928, 853519.201962791383266 ], [ 7920012.57861855905503, 853472.203405781183392 ], [ 7919867.727951614186168, 853363.124620985239744 ], [ 7919843.351380667649209, 853337.119434966240078 ], [ 7919836.605888134799898, 853320.837202188093215 ], [ 7919845.83108352124691, 853312.677886907942593 ] ] ] } },
{ "type": "Feature", "properties": { "element": "way", "id": 907016061, "leisure": "golf_course", "name": "Bristol Golf Park", "addr:city": null, "addr:housenumber": null, "addr:postcode": null, "addr:state": null, "addr:street": null, "description": null, "golf:course": "9_hole", "golf:links": null, "golf:par": "32", "phone": "+1-401-578-6564", "website": "https://bristolgolfpark.com/", "opening_hours": null, "access": null, "email": null, "fax": null, "source": null, "old_name": null, "owner": null, "ownership": null, "wikidata": null, "wheelchair": null, "natural": "grassland", "type": null, "operator": null, "addr:country": null, "landuse": null, "wikipedia": null, "area_m2": 124023.1285876318, "lat": 41.700759338802413, "lon": -71.270193519716813, "province": "Rhode Island", "gcid": "RD00056" }, "geometry": { "type": "Polygon", "coordinates": [ [ [ 7943094.235070796683431, 889496.668594643939286 ], [ 7943054.800824870355427, 889556.074798081535846 ], [ 7943023.382113818079233, 889619.940897764172405 ], [ 7943022.134877921082079, 889626.553605703171343 ], [ 7943019.129533330909908, 889633.315764398314059 ], [ 7943030.438100647181273, 889639.547795396763831 ], [ 7943001.06900268420577, 889696.197349076159298 ], [ 7942829.913139551877975, 889618.804102635476738 ], [ 7942839.817345549352467, 889595.300040607340634 ], [ 7942854.981785506010056, 889574.773443398531526 ], [ 7942869.712646204046905, 889560.114243058022112 ], [ 7942879.349352546036243, 889558.983925057109445 ], [ 7942908.285327088087797, 889549.019026289694011 ], [ 7942933.260378805920482, 889542.113452382385731 ], [ 7942955.470330483280122, 889536.219665624201298 ], [ 7942973.513402061536908, 889524.902736693620682 ], [ 7942995.993493449874222, 889503.315649666357785 ], [ 7943003.598347953520715, 889488.641143353190273 ], [ 7943024.223035699687898, 889477.293546739034355 ], [ 7943039.394077524542809, 889429.516679900698364 ], [ 7943042.732062038965523, 889421.411318445112556 ], [ 7943044.588455671444535, 889418.397431083489209 ], [ 7943048.398634934797883, 889415.057279577478766 ], [ 7943079.110555578023195, 889409.95607821084559 ], [ 7943072.884403483942151, 889388.930335622746497 ], [ 7943070.225010482594371, 889376.14512090338394 ], [ 7943068.486282876692712, 889365.353991735726595 ], [ 7943071.49053565505892, 889349.499078072141856 ], [ 7943075.199966041371226, 889333.38376859202981 ], [ 7943078.275252941995859, 889324.220356089062989 ], [ 7943086.281912033446133, 889305.425352429971099 ], [ 7943110.009683870710433, 889239.813451560214162 ], [ 7943139.276292582973838, 889169.853125152178109 ], [ 7943236.456841481849551, 889203.365704890340567 ], [ 7943308.631151374429464, 889012.497889077290893 ], [ 7943321.307515095919371, 888984.17695976048708 ], [ 7943336.834211356937885, 888972.621555326972157 ], [ 7943339.594737753272057, 888971.002163721714169 ], [ 7943343.319584619253874, 888970.191366525832564 ], [ 7943344.925697441212833, 888969.493844363838434 ], [ 7943351.419350917451084, 888967.418019299395382 ], [ 7943355.255236172117293, 888964.11070270370692 ], [ 7943361.988622543402016, 888954.877664856147021 ], [ 7943367.995928247459233, 888948.67425061808899 ], [ 7943381.615214632824063, 888933.435693500563502 ], [ 7943397.370290438644588, 888909.857759069651365 ], [ 7943417.478079108521342, 888882.976217944640666 ], [ 7943434.774739955551922, 888861.600821616128087 ], [ 7943444.733252992853522, 888849.013033365365118 ], [ 7943451.753413334488869, 888836.76045999629423 ], [ 7943454.730541336350143, 888829.406600970309228 ], [ 7943460.57858500815928, 888818.263918668497354 ], [ 7943543.943077242001891, 888860.018037146888673 ], [ 7943537.920903254300356, 888871.381069566588849 ], [ 7943532.861023376695812, 888881.284933916293085 ], [ 7943529.779013910330832, 888889.573457448277622 ], [ 7943529.47597352322191, 888895.37592556187883 ], [ 7943528.180564347654581, 888898.747909479308873 ], [ 7943522.125949384644628, 888910.803195352200419 ], [ 7943514.849633088335395, 888926.958359776064754 ], [ 7943498.546027224510908, 888964.512332264333963 ], [ 7943485.849374136887491, 888985.87969255913049 ], [ 7943475.25290962215513, 889002.993465572129935 ], [ 7943470.751495238393545, 889010.96309980051592 ], [ 7943442.804541751742363, 889053.131506212521344 ], [ 7943411.581417722627521, 889094.612363731022924 ], [ 7943365.652178010903299, 889161.744316787924618 ], [ 7943341.85298702865839, 889195.266500211786479 ], [ 7943317.678534287959337, 889231.341930529568344 ], [ 7943304.000374427065253, 889251.033889044076204 ], [ 7943291.494738172739744, 889269.046300345566124 ], [ 7943286.896392081864178, 889266.775506508070976 ], [ 7943264.124905987642705, 889299.430159829091281 ], [ 7943259.583125125616789, 889304.949359237682074 ], [ 7943253.163166900165379, 889301.58225513715297 ], [ 7943249.005793335847557, 889299.459494517650455 ], [ 7943242.940457483753562, 889298.636073495261371 ], [ 7943238.741503139957786, 889298.802776862867177 ], [ 7943230.964394618757069, 889302.023781357798725 ], [ 7943228.148251876235008, 889304.59432050678879 ], [ 7943201.314414104446769, 889340.989373518154025 ], [ 7943200.21011648979038, 889344.631506336387247 ], [ 7943200.350601343438029, 889351.467629168182611 ], [ 7943201.009013799019158, 889354.973989576566964 ], [ 7943182.433287983760238, 889382.356920605991036 ], [ 7943213.772225910797715, 889403.677012391388416 ], [ 7943248.555561006069183, 889427.862815553322434 ], [ 7943215.717761164531112, 889477.40835528774187 ], [ 7943143.169751618988812, 889432.182853711303324 ], [ 7943128.39315702393651, 889453.688159917946905 ], [ 7943133.654849430546165, 889457.636261071544141 ], [ 7943138.950607295148075, 889472.445954816415906 ], [ 7943142.896685425192118, 889483.480946929194033 ], [ 7943144.214761056005955, 889487.160190617199987 ], [ 7943118.316608604975045, 889532.355048769153655 ], [ 7943111.798950986005366, 889515.122871131636202 ], [ 7943105.715542934834957, 889496.569565795827657 ], [ 7943094.235070796683431, 889496.668594643939286 ] ] ] } },
{ "type": "Feature", "properties": { "element": "way", "id": 185319906, "leisure": "golf_course", "name": "Button Hole", "addr:city": "Providence", "addr:housenumber": "1", "addr:postcode": "02909", "addr:state": null, "addr:street": "Button Hole Drive", "description": null, "golf:course": null, "golf:links": null, "golf:par": null, "phone": "+1 401-421-1664", "website": "https://www.buttonhole.org/", "opening_hours": null, "access": null, "email": null, "fax": null, "source": null, "old_name": null, "owner": null, "ownership": null, "wikidata": null, "wheelchair": "yes", "natural": null, "type": null, "operator": null, "addr:country": null, "landuse": null, "wikipedia": null, "area_m2": 115100.68151600078, "lat": 41.825888694284338, "lon": -71.463937456174264, "province": "Rhode Island", "gcid": "RD00038" }, "geometry": { "type": "Polygon", "coordinates": [ [ [ 7923071.126255626790226, 897473.269028374459594 ], [ 7923089.717604327946901, 897431.457670392934233 ], [ 7923097.148078045807779, 897412.746171904262155 ], [ 7923099.947059591300786, 897406.365914936643094 ], [ 7923019.066940286196768, 897389.065659475512803 ], [ 7922974.738624943420291, 897375.62031871965155 ], [ 7922940.629823386669159, 897362.206098339520395 ], [ 7922931.796414609067142, 897358.738745883107185 ], [ 7922897.956492838449776, 897345.196327561046928 ], [ 7922884.862269081175327, 897347.877838120795786 ], [ 7922878.277596465311944, 897361.266715534497052 ], [ 7922866.00616151932627, 897403.544032437726855 ], [ 7922851.610879154875875, 897442.513525474350899 ], [ 7922785.108793066814542, 897538.023255796637386 ], [ 7922733.072856429964304, 897615.742683677002788 ], [ 7922667.780612474307418, 897711.024275825358927 ], [ 7922627.269351260736585, 897777.600761575158685 ], [ 7922623.005637120455503, 897785.503327446524054 ], [ 7922618.934251802042127, 897795.006812716368586 ], [ 7922617.37825302965939, 897800.262835315428674 ], [ 7922616.585571582429111, 897804.283817816991359 ], [ 7922618.82385715469718, 897819.671528303064406 ], [ 7922622.457584008574486, 897828.624344557989389 ], [ 7922625.296891893260181, 897832.339086398482323 ], [ 7922630.858273929916322, 897837.69639557460323 ], [ 7922651.155762339010835, 897855.888588898349553 ], [ 7922677.809804548509419, 897880.259174677543342 ], [ 7922687.033304715529084, 897887.317323347553611 ], [ 7922701.671707569621503, 897891.236608460079879 ], [ 7922717.675452696159482, 897897.558076296001673 ], [ 7922722.34028163831681, 897899.047376620583236 ], [ 7922727.134422602131963, 897899.24835111014545 ], [ 7922733.501648103818297, 897898.229181671515107 ], [ 7922738.334997793659568, 897894.388797336723655 ], [ 7922744.077268481254578, 897887.703695863019675 ], [ 7922748.361411388963461, 897881.756518503185362 ], [ 7922751.903080600313842, 897877.281242954079062 ], [ 7922760.880363985896111, 897868.379003799054772 ], [ 7922769.157150112092495, 897862.838535010814667 ], [ 7922773.6377018019557, 897861.531433803960681 ], [ 7922779.564937531016767, 897861.455353668425232 ], [ 7922789.368850145488977, 897861.699065722990781 ], [ 7922812.188862906768918, 897846.769844726193696 ], [ 7922825.360283322632313, 897834.153766935691237 ], [ 7922842.70728897023946, 897815.372900564689189 ], [ 7922866.046759097836912, 897789.372815222479403 ], [ 7922891.068695807829499, 897765.311454576440156 ], [ 7922956.650170207954943, 897699.634198291227221 ], [ 7922952.393475715070963, 897653.705295248888433 ], [ 7922971.129275437444448, 897619.603517151903361 ], [ 7922976.670511737465858, 897604.561043629888445 ], [ 7922978.387338337488472, 897594.735035421792418 ], [ 7922981.162335822358727, 897580.225777407642454 ], [ 7922982.114700064063072, 897564.772032414563 ], [ 7922988.713703077286482, 897530.716181627474725 ], [ 7923004.18586338032037, 897495.457154860720038 ], [ 7923039.263953465037048, 897485.326936558820307 ], [ 7923071.126255626790226, 897473.269028374459594 ] ] ] } },
{ "type": "Feature", "properties": { "element": "way", "id": 886549980, "leisure": "golf_course", "name": "Silver Spring Golf Club", "addr:city": null, "addr:housenumber": null, "addr:postcode": null, "addr:state": null, "addr:street": null, "description": "Par 67 when played as an 18 hole round", "golf:course": "7_hole", "golf:links": null, "golf:par": "27", "phone": null, "website": null, "opening_hours": null, "access": null, "email": null, "fax": null, "source": "RIGIS", "old_name": null, "owner": null, "ownership": null, "wikidata": null, "wheelchair": null, "natural": null, "type": null, "operator": null, "addr:country": null, "landuse": null, "wikipedia": null, "area_m2": 109050.07446685612, "lat": 41.785065198185343, "lon": -71.365022467555434, "province": "Rhode Island", "gcid": "RD00054" }, "geometry": { "type": "Polygon", "coordinates": [ [ [ 7932489.683874600566924, 895585.326789091341197 ], [ 7932469.303761288523674, 895580.579529225360602 ], [ 7932459.159684501588345, 895606.502495927270502 ], [ 7932453.356507484801114, 895619.861719513311982 ], [ 7932445.728830239735544, 895637.516912721097469 ], [ 7932441.173189696855843, 895653.085296520031989 ], [ 7932438.063022798858583, 895663.673970185220242 ], [ 7932433.642444998025894, 895681.552348873578012 ], [ 7932430.809649155475199, 895697.52650084067136 ], [ 7932426.34681187197566, 895710.509680240415037 ], [ 7932421.197284592315555, 895723.106066968757659 ], [ 7932413.098880824632943, 895744.830965081695467 ], [ 7932404.958993046544492, 895765.621488671284169 ], [ 7932400.39271611534059, 895777.177221985068172 ], [ 7932390.647208804264665, 895798.133971140254289 ], [ 7932380.93478334788233, 895821.027509372215718 ], [ 7932371.591907136142254, 895843.438848370220512 ], [ 7932357.538703793659806, 895879.683166303206235 ], [ 7932346.84726070985198, 895911.018499585334212 ], [ 7932325.018470749258995, 895921.145116867031902 ], [ 7932295.101238151080906, 895933.451593443751335 ], [ 7932286.215158127248287, 895938.562508483417332 ], [ 7932271.102897417731583, 895969.293411779683083 ], [ 7932251.923951983451843, 895974.200824279338121 ], [ 7932244.072675867006183, 895975.127600959036499 ], [ 7932235.996207406744361, 895975.615838319528848 ], [ 7932228.556766577064991, 895974.766538836061954 ], [ 7932217.397838184610009, 895971.754680180922151 ], [ 7932201.455059525556862, 895962.05849272152409 ], [ 7932184.998883455991745, 895956.478405398316681 ], [ 7932169.461800714023411, 895954.063605209812522 ], [ 7932156.349945374764502, 895952.882604698184878 ], [ 7932141.744568453170359, 895950.609447739087045 ], [ 7932116.236161119304597, 895946.621300767641515 ], [ 7932082.428873170167208, 895934.775362098123878 ], [ 7932059.467496409080923, 895929.348931222222745 ], [ 7932023.809281575493515, 895922.06905072927475 ], [ 7932022.546812883578241, 895929.786362600978464 ], [ 7932026.918226884678006, 895939.796622962225229 ], [ 7932067.925030015408993, 895958.50320373987779 ], [ 7932089.721947846002877, 895971.352757247630507 ], [ 7932102.371797520667315, 895986.295393399894238 ], [ 7932109.214361931197345, 895999.952911153435707 ], [ 7932093.683934912085533, 896015.380626334808767 ], [ 7932090.40219402872026, 896028.140248567797244 ], [ 7932091.284238122403622, 896036.682654266245663 ], [ 7932101.020929305814207, 896046.558898065239191 ], [ 7932186.587666940875351, 896071.644333072472364 ], [ 7932373.373944003134966, 896132.243402038700879 ], [ 7932378.119496621191502, 896133.586099390406162 ], [ 7932379.64509647525847, 896128.36681863758713 ], [ 7932393.731241708621383, 896101.932303518522531 ], [ 7932406.210809619165957, 896076.535697048995644 ], [ 7932458.071431219577789, 895966.610716175753623 ], [ 7932458.929445493966341, 895965.480206636246294 ], [ 7932459.73751983512193, 895964.417800042778254 ], [ 7932462.106476531364024, 895958.220516672357917 ], [ 7932494.287843300029635, 895889.902983671985567 ], [ 7932497.379618383944035, 895884.20143640274182 ], [ 7932525.986756377853453, 895824.984943616669625 ], [ 7932534.880545762367547, 895807.122988963965327 ], [ 7932536.372782320715487, 895804.799317961093038 ], [ 7932557.431183106265962, 895759.363968007266521 ], [ 7932591.382678746245801, 895683.848912192042917 ], [ 7932640.387454761192203, 895566.657331406604499 ], [ 7932636.746889279223979, 895564.230192685499787 ], [ 7932630.003339217975736, 895560.887797207105905 ], [ 7932621.154041537083685, 895549.817136062774807 ], [ 7932610.232248090207577, 895543.323034463450313 ], [ 7932581.624364929273725, 895531.37021709093824 ], [ 7932555.80411671474576, 895519.403856250457466 ], [ 7932534.845642942935228, 895511.338394538033754 ], [ 7932531.649665679782629, 895510.077234753873199 ], [ 7932526.537687240168452, 895524.515206810086966 ], [ 7932523.955209781415761, 895534.202234290074557 ], [ 7932522.611155804246664, 895544.605654755141586 ], [ 7932522.684920805506408, 895552.745287243742496 ], [ 7932523.059825383126736, 895560.743252263404429 ], [ 7932525.029492621310055, 895569.394945572596043 ], [ 7932527.010841941460967, 895584.227626035455614 ], [ 7932528.034288259223104, 895595.712406698614359 ], [ 7932528.401734483428299, 895600.801015025936067 ], [ 7932527.929196682758629, 895604.03453701082617 ], [ 7932489.683874600566924, 895585.326789091341197 ] ] ] } },
{ "type": "Feature", "properties": { "element": "relation", "id": 17099145, "leisure": "golf_course", "name": "Fairlawn Golf Course", "addr:city": "Lincoln", "addr:housenumber": "3", "addr:postcode": "02865", "addr:state": null, "addr:street": "Sherman Avenue", "description": null, "golf:course": "9_hole", "golf:links": null, "golf:par": "27", "phone": "+1 401-334-3937", "website": "http://www.fairlawngolfcourse.com/", "opening_hours": null, "access": null, "email": null, "fax": null, "source": null, "old_name": null, "owner": null, "ownership": null, "wikidata": null, "wheelchair": null, "natural": null, "type": "multipolygon", "operator": null, "addr:country": null, "landuse": null, "wikipedia": null, "area_m2": 59227.014399181127, "lat": 41.913470695997447, "lon": -71.441012471437475, "province": "Rhode Island", "gcid": "RD00018" }, "geometry": { "type": "Polygon", "coordinates": [ [ [ 7921439.692303448915482, 907893.852776108775288 ], [ 7921457.473654450848699, 907867.210042245686054 ], [ 7921475.690544228069484, 907884.872135309968144 ], [ 7921520.064656370319426, 907879.210170036880299 ], [ 7921558.985979895107448, 907874.239059315761551 ], [ 7921590.234370144084096, 907870.248555038589984 ], [ 7921615.180448990315199, 907929.482753727585077 ], [ 7921621.441295526921749, 907928.129477182403207 ], [ 7921679.586153717711568, 907918.290352821117267 ], [ 7921644.029050123877823, 907837.655785850947723 ], [ 7921662.595830244012177, 907827.753018346382305 ], [ 7921654.242757933214307, 907804.0191198841203 ], [ 7921739.157171197235584, 907749.112250060075894 ], [ 7921745.825230138376355, 907744.797157995868474 ], [ 7921743.936159448698163, 907743.466970911016688 ], [ 7921740.926693111658096, 907740.723550474271178 ], [ 7921737.616785142570734, 907736.900172712048516 ], [ 7921725.527249915525317, 907720.295455928891897 ], [ 7921717.42052826937288, 907705.790073930984363 ], [ 7921713.103883200325072, 907702.357743987580761 ], [ 7921709.003647906705737, 907699.90482742828317 ], [ 7921705.616166148334742, 907698.596440085675567 ], [ 7921701.631425428204238, 907697.996782927541062 ], [ 7921681.322806073352695, 907698.899414289277047 ], [ 7921651.816498564556241, 907697.540956992888823 ], [ 7921644.385631825774908, 907696.895959755172953 ], [ 7921630.784181780181825, 907694.561275155283511 ], [ 7921629.274959878996015, 907675.245575543725863 ], [ 7921594.719516462646425, 907680.834300338290632 ], [ 7921585.451854743994772, 907682.070737728383392 ], [ 7921575.671740032732487, 907681.370305241085589 ], [ 7921568.41504530236125, 907681.31569761200808 ], [ 7921561.153754376806319, 907682.905000614002347 ], [ 7921550.895500615239143, 907686.413209449267015 ], [ 7921543.04020859580487, 907690.902220044052228 ], [ 7921529.573169459588826, 907701.340356786968186 ], [ 7921526.517027703113854, 907703.953399430960417 ], [ 7921516.312547383829951, 907708.386931908782572 ], [ 7921491.430735723115504, 907716.492158308625221 ], [ 7921472.764772074297071, 907720.119615267962217 ], [ 7921454.578466994687915, 907726.217506827320904 ], [ 7921409.377629609778523, 907732.488668653648347 ], [ 7921384.928016871213913, 907736.551877188961953 ], [ 7921376.08608865737915, 907736.88970953784883 ], [ 7921365.654904880560935, 907736.517483740812168 ], [ 7921361.71447491645813, 907736.029586486285552 ], [ 7921357.396816749125719, 907734.23056638520211 ], [ 7921356.070002220571041, 907736.317864393116906 ], [ 7921352.023790213279426, 907748.510370216099545 ], [ 7921336.941313686780632, 907779.729046955471858 ], [ 7921323.987047641538084, 907800.609573963098228 ], [ 7921337.44672329723835, 907811.438000843394548 ], [ 7921368.333742037415504, 907829.914029822684824 ], [ 7921439.692303448915482, 907893.852776108775288 ] ] ] } }
]
}
